/*
 Navicat Premium Data Transfer

 Source Server         : 127.0.0.1-3306
 Source Server Type    : MySQL
 Source Server Version : 80027
 Source Host           : localhost:3306
 Source Schema         : rural-service

 Target Server Type    : MySQL
 Target Server Version : 80027
 File Encoding         : 65001

 Date: 19/05/2022 21:40:19
*/

SET NAMES utf8mb4;
SET FOREIGN_KEY_CHECKS = 0;

-- ----------------------------
-- Table structure for gen_table
-- ----------------------------
DROP TABLE IF EXISTS `gen_table`;
CREATE TABLE `gen_table` (
  `table_id` bigint NOT NULL AUTO_INCREMENT COMMENT '编号',
  `table_name` varchar(200) DEFAULT '' COMMENT '表名称',
  `table_comment` varchar(500) DEFAULT '' COMMENT '表描述',
  `sub_table_name` varchar(64) DEFAULT NULL COMMENT '关联子表的表名',
  `sub_table_fk_name` varchar(64) DEFAULT NULL COMMENT '子表关联的外键名',
  `class_name` varchar(100) DEFAULT '' COMMENT '实体类名称',
  `tpl_category` varchar(200) DEFAULT 'crud' COMMENT '使用的模板（crud单表操作 tree树表操作）',
  `package_name` varchar(100) DEFAULT NULL COMMENT '生成包路径',
  `module_name` varchar(30) DEFAULT NULL COMMENT '生成模块名',
  `business_name` varchar(30) DEFAULT NULL COMMENT '生成业务名',
  `function_name` varchar(50) DEFAULT NULL COMMENT '生成功能名',
  `function_author` varchar(50) DEFAULT NULL COMMENT '生成功能作者',
  `gen_type` char(1) DEFAULT '0' COMMENT '生成代码方式（0zip压缩包 1自定义路径）',
  `gen_path` varchar(200) DEFAULT '/' COMMENT '生成路径（不填默认项目路径）',
  `options` varchar(1000) DEFAULT NULL COMMENT '其它生成选项',
  `create_by` varchar(64) DEFAULT '' COMMENT '创建者',
  `create_time` datetime DEFAULT NULL COMMENT '创建时间',
  `update_by` varchar(64) DEFAULT '' COMMENT '更新者',
  `update_time` datetime DEFAULT NULL COMMENT '更新时间',
  `remark` varchar(500) DEFAULT NULL COMMENT '备注',
  PRIMARY KEY (`table_id`)
) ENGINE=InnoDB AUTO_INCREMENT=55 DEFAULT CHARSET=utf8mb3 COMMENT='代码生成业务表';

-- ----------------------------
-- Records of gen_table
-- ----------------------------
BEGIN;
INSERT INTO `gen_table` (`table_id`, `table_name`, `table_comment`, `sub_table_name`, `sub_table_fk_name`, `class_name`, `tpl_category`, `package_name`, `module_name`, `business_name`, `function_name`, `function_author`, `gen_type`, `gen_path`, `options`, `create_by`, `create_time`, `update_by`, `update_time`, `remark`) VALUES (42, 'rural_apply_maintain', '申请维修', NULL, NULL, 'RuralApplyMaintain', 'crud', 'com.rural.system', 'system', 'maintain', '申请维修', 'ruoyi', '0', '/', NULL, 'admin', '2022-05-08 12:21:48', '', NULL, NULL);
INSERT INTO `gen_table` (`table_id`, `table_name`, `table_comment`, `sub_table_name`, `sub_table_fk_name`, `class_name`, `tpl_category`, `package_name`, `module_name`, `business_name`, `function_name`, `function_author`, `gen_type`, `gen_path`, `options`, `create_by`, `create_time`, `update_by`, `update_time`, `remark`) VALUES (43, 'rural_apply_run_errands', '申请跑腿', NULL, NULL, 'RuralApplyRunErrands', 'crud', 'com.rural.system', 'system', 'errands', '申请跑腿', 'ruoyi', '0', '/', NULL, 'admin', '2022-05-08 12:21:48', '', NULL, NULL);
INSERT INTO `gen_table` (`table_id`, `table_name`, `table_comment`, `sub_table_name`, `sub_table_fk_name`, `class_name`, `tpl_category`, `package_name`, `module_name`, `business_name`, `function_name`, `function_author`, `gen_type`, `gen_path`, `options`, `create_by`, `create_time`, `update_by`, `update_time`, `remark`) VALUES (44, 'rural_complaint', '我要投诉', NULL, NULL, 'RuralComplaint', 'crud', 'com.rural.system', 'system', 'complaint', '我要投诉', 'ruoyi', '0', '/', NULL, 'admin', '2022-05-08 12:21:49', '', NULL, NULL);
INSERT INTO `gen_table` (`table_id`, `table_name`, `table_comment`, `sub_table_name`, `sub_table_fk_name`, `class_name`, `tpl_category`, `package_name`, `module_name`, `business_name`, `function_name`, `function_author`, `gen_type`, `gen_path`, `options`, `create_by`, `create_time`, `update_by`, `update_time`, `remark`) VALUES (46, 'rural_landscape', '乡村景观', NULL, NULL, 'RuralLandscape', 'crud', 'com.rural.system', 'system', 'landscape', '乡村景观', 'ruoyi', '0', '/', NULL, 'admin', '2022-05-08 12:21:51', '', NULL, NULL);
INSERT INTO `gen_table` (`table_id`, `table_name`, `table_comment`, `sub_table_name`, `sub_table_fk_name`, `class_name`, `tpl_category`, `package_name`, `module_name`, `business_name`, `function_name`, `function_author`, `gen_type`, `gen_path`, `options`, `create_by`, `create_time`, `update_by`, `update_time`, `remark`) VALUES (47, 'rural_people_info', '人口信息', NULL, NULL, 'RuralPeopleInfo', 'crud', 'com.rural.system', 'system', 'info', '人口信息', 'ruoyi', '0', '/', NULL, 'admin', '2022-05-08 12:21:52', '', NULL, NULL);
INSERT INTO `gen_table` (`table_id`, `table_name`, `table_comment`, `sub_table_name`, `sub_table_fk_name`, `class_name`, `tpl_category`, `package_name`, `module_name`, `business_name`, `function_name`, `function_author`, `gen_type`, `gen_path`, `options`, `create_by`, `create_time`, `update_by`, `update_time`, `remark`) VALUES (48, 'rural_proposal', '我有建议', NULL, NULL, 'RuralProposal', 'crud', 'com.rural.system', 'system', 'proposal', '我有建议', 'ruoyi', '0', '/', NULL, 'admin', '2022-05-08 12:21:53', '', NULL, NULL);
INSERT INTO `gen_table` (`table_id`, `table_name`, `table_comment`, `sub_table_name`, `sub_table_fk_name`, `class_name`, `tpl_category`, `package_name`, `module_name`, `business_name`, `function_name`, `function_author`, `gen_type`, `gen_path`, `options`, `create_by`, `create_time`, `update_by`, `update_time`, `remark`) VALUES (49, 'rural_specialty', '乡村特产', NULL, NULL, 'RuralSpecialty', 'crud', 'com.rural.system', 'system', 'specialty', '乡村特产', 'ruoyi', '0', '/', NULL, 'admin', '2022-05-08 12:21:53', '', NULL, NULL);
INSERT INTO `gen_table` (`table_id`, `table_name`, `table_comment`, `sub_table_name`, `sub_table_fk_name`, `class_name`, `tpl_category`, `package_name`, `module_name`, `business_name`, `function_name`, `function_author`, `gen_type`, `gen_path`, `options`, `create_by`, `create_time`, `update_by`, `update_time`, `remark`) VALUES (50, 'rural_vote', '我要投票', NULL, NULL, 'RuralVote', 'crud', 'com.rural.system', 'system', 'vote', '我要投票', 'ruoyi', '0', '/', NULL, 'admin', '2022-05-08 12:21:54', '', NULL, NULL);
INSERT INTO `gen_table` (`table_id`, `table_name`, `table_comment`, `sub_table_name`, `sub_table_fk_name`, `class_name`, `tpl_category`, `package_name`, `module_name`, `business_name`, `function_name`, `function_author`, `gen_type`, `gen_path`, `options`, `create_by`, `create_time`, `update_by`, `update_time`, `remark`) VALUES (52, 'rural_file', '文件图片表', NULL, NULL, 'RuralFile', 'crud', 'com.rural.system', 'system', 'file', '文件图片', 'ruoyi', '0', '/', NULL, 'admin', '2022-05-08 21:29:17', '', NULL, NULL);
INSERT INTO `gen_table` (`table_id`, `table_name`, `table_comment`, `sub_table_name`, `sub_table_fk_name`, `class_name`, `tpl_category`, `package_name`, `module_name`, `business_name`, `function_name`, `function_author`, `gen_type`, `gen_path`, `options`, `create_by`, `create_time`, `update_by`, `update_time`, `remark`) VALUES (53, 'rural_apply_infrastructure', '申请基础设施', NULL, NULL, 'RuralApplyInfrastructure', 'crud', 'com.rural.system', 'system', 'infrastructure', '申请基础设施', 'ruoyi', '0', '/', NULL, 'admin', '2022-05-13 14:17:39', '', NULL, NULL);
INSERT INTO `gen_table` (`table_id`, `table_name`, `table_comment`, `sub_table_name`, `sub_table_fk_name`, `class_name`, `tpl_category`, `package_name`, `module_name`, `business_name`, `function_name`, `function_author`, `gen_type`, `gen_path`, `options`, `create_by`, `create_time`, `update_by`, `update_time`, `remark`) VALUES (54, 'rural_bid', '乡村项目招标', NULL, NULL, 'RuralBid', 'crud', 'com.rural.system', 'system', 'bid', '乡村项目招标', 'ruoyi', '0', '/', NULL, 'admin', '2022-05-19 11:45:30', '', NULL, NULL);
COMMIT;

-- ----------------------------
-- Table structure for gen_table_column
-- ----------------------------
DROP TABLE IF EXISTS `gen_table_column`;
CREATE TABLE `gen_table_column` (
  `column_id` bigint NOT NULL AUTO_INCREMENT COMMENT '编号',
  `table_id` varchar(64) DEFAULT NULL COMMENT '归属表编号',
  `column_name` varchar(200) DEFAULT NULL COMMENT '列名称',
  `column_comment` varchar(500) DEFAULT NULL COMMENT '列描述',
  `column_type` varchar(100) DEFAULT NULL COMMENT '列类型',
  `java_type` varchar(500) DEFAULT NULL COMMENT 'JAVA类型',
  `java_field` varchar(200) DEFAULT NULL COMMENT 'JAVA字段名',
  `is_pk` char(1) DEFAULT NULL COMMENT '是否主键（1是）',
  `is_increment` char(1) DEFAULT NULL COMMENT '是否自增（1是）',
  `is_required` char(1) DEFAULT NULL COMMENT '是否必填（1是）',
  `is_insert` char(1) DEFAULT NULL COMMENT '是否为插入字段（1是）',
  `is_edit` char(1) DEFAULT NULL COMMENT '是否编辑字段（1是）',
  `is_list` char(1) DEFAULT NULL COMMENT '是否列表字段（1是）',
  `is_query` char(1) DEFAULT NULL COMMENT '是否查询字段（1是）',
  `query_type` varchar(200) DEFAULT 'EQ' COMMENT '查询方式（等于、不等于、大于、小于、范围）',
  `html_type` varchar(200) DEFAULT NULL COMMENT '显示类型（文本框、文本域、下拉框、复选框、单选框、日期控件）',
  `dict_type` varchar(200) DEFAULT '' COMMENT '字典类型',
  `sort` int DEFAULT NULL COMMENT '排序',
  `create_by` varchar(64) DEFAULT '' COMMENT '创建者',
  `create_time` datetime DEFAULT NULL COMMENT '创建时间',
  `update_by` varchar(64) DEFAULT '' COMMENT '更新者',
  `update_time` datetime DEFAULT NULL COMMENT '更新时间',
  PRIMARY KEY (`column_id`)
) ENGINE=InnoDB AUTO_INCREMENT=470 DEFAULT CHARSET=utf8mb3 COMMENT='代码生成业务表字段';

-- ----------------------------
-- Records of gen_table_column
-- ----------------------------
BEGIN;
INSERT INTO `gen_table_column` (`column_id`, `table_id`, `column_name`, `column_comment`, `column_type`, `java_type`, `java_field`, `is_pk`, `is_increment`, `is_required`, `is_insert`, `is_edit`, `is_list`, `is_query`, `query_type`, `html_type`, `dict_type`, `sort`, `create_by`, `create_time`, `update_by`, `update_time`) VALUES (348, '42', 'r_id', '主键', 'bigint', 'Long', 'rId', '1', '0', NULL, '1', NULL, NULL, NULL, 'EQ', 'input', NULL, 1, 'admin', '2022-05-08 12:21:48', NULL, '2022-05-13 13:13:46');
INSERT INTO `gen_table_column` (`column_id`, `table_id`, `column_name`, `column_comment`, `column_type`, `java_type`, `java_field`, `is_pk`, `is_increment`, `is_required`, `is_insert`, `is_edit`, `is_list`, `is_query`, `query_type`, `html_type`, `dict_type`, `sort`, `create_by`, `create_time`, `update_by`, `update_time`) VALUES (349, '42', 'create_by', '创建者', 'varchar(64)', 'String', 'createBy', '0', '0', NULL, '1', NULL, NULL, NULL, 'EQ', 'input', NULL, 2, 'admin', '2022-05-08 12:21:48', NULL, '2022-05-13 13:13:46');
INSERT INTO `gen_table_column` (`column_id`, `table_id`, `column_name`, `column_comment`, `column_type`, `java_type`, `java_field`, `is_pk`, `is_increment`, `is_required`, `is_insert`, `is_edit`, `is_list`, `is_query`, `query_type`, `html_type`, `dict_type`, `sort`, `create_by`, `create_time`, `update_by`, `update_time`) VALUES (350, '42', 'create_time', '创建时间', 'datetime', 'Date', 'createTime', '0', '0', NULL, '1', NULL, NULL, NULL, 'EQ', 'datetime', NULL, 3, 'admin', '2022-05-08 12:21:48', NULL, '2022-05-13 13:13:46');
INSERT INTO `gen_table_column` (`column_id`, `table_id`, `column_name`, `column_comment`, `column_type`, `java_type`, `java_field`, `is_pk`, `is_increment`, `is_required`, `is_insert`, `is_edit`, `is_list`, `is_query`, `query_type`, `html_type`, `dict_type`, `sort`, `create_by`, `create_time`, `update_by`, `update_time`) VALUES (351, '42', 'update_by', '更新者', 'varchar(64)', 'String', 'updateBy', '0', '0', NULL, '1', '1', NULL, NULL, 'EQ', 'input', NULL, 4, 'admin', '2022-05-08 12:21:48', NULL, '2022-05-13 13:13:46');
INSERT INTO `gen_table_column` (`column_id`, `table_id`, `column_name`, `column_comment`, `column_type`, `java_type`, `java_field`, `is_pk`, `is_increment`, `is_required`, `is_insert`, `is_edit`, `is_list`, `is_query`, `query_type`, `html_type`, `dict_type`, `sort`, `create_by`, `create_time`, `update_by`, `update_time`) VALUES (352, '42', 'update_time', '更新时间', 'datetime', 'Date', 'updateTime', '0', '0', NULL, '1', '1', NULL, NULL, 'EQ', 'datetime', NULL, 5, 'admin', '2022-05-08 12:21:48', NULL, '2022-05-13 13:13:46');
INSERT INTO `gen_table_column` (`column_id`, `table_id`, `column_name`, `column_comment`, `column_type`, `java_type`, `java_field`, `is_pk`, `is_increment`, `is_required`, `is_insert`, `is_edit`, `is_list`, `is_query`, `query_type`, `html_type`, `dict_type`, `sort`, `create_by`, `create_time`, `update_by`, `update_time`) VALUES (353, '42', 'del_flag', '删除标志（0代表存在 2代表删除）', 'char(1)', 'String', 'delFlag', '0', '0', NULL, '1', NULL, NULL, NULL, 'EQ', 'input', NULL, 6, 'admin', '2022-05-08 12:21:48', NULL, '2022-05-13 13:13:46');
INSERT INTO `gen_table_column` (`column_id`, `table_id`, `column_name`, `column_comment`, `column_type`, `java_type`, `java_field`, `is_pk`, `is_increment`, `is_required`, `is_insert`, `is_edit`, `is_list`, `is_query`, `query_type`, `html_type`, `dict_type`, `sort`, `create_by`, `create_time`, `update_by`, `update_time`) VALUES (354, '42', 'r_type', '维修类型(0维修自家 1维修公共设施)', 'char(1)', 'String', 'rType', '0', '0', NULL, '1', '1', '1', '1', 'EQ', 'select', '', 7, 'admin', '2022-05-08 12:21:48', NULL, '2022-05-13 13:13:46');
INSERT INTO `gen_table_column` (`column_id`, `table_id`, `column_name`, `column_comment`, `column_type`, `java_type`, `java_field`, `is_pk`, `is_increment`, `is_required`, `is_insert`, `is_edit`, `is_list`, `is_query`, `query_type`, `html_type`, `dict_type`, `sort`, `create_by`, `create_time`, `update_by`, `update_time`) VALUES (355, '42', 'r_remark', '备注', 'varchar(255)', 'String', 'rRemark', '0', '0', NULL, '1', '1', '1', '1', 'EQ', 'input', '', 8, 'admin', '2022-05-08 12:21:48', NULL, '2022-05-13 13:13:46');
INSERT INTO `gen_table_column` (`column_id`, `table_id`, `column_name`, `column_comment`, `column_type`, `java_type`, `java_field`, `is_pk`, `is_increment`, `is_required`, `is_insert`, `is_edit`, `is_list`, `is_query`, `query_type`, `html_type`, `dict_type`, `sort`, `create_by`, `create_time`, `update_by`, `update_time`) VALUES (356, '43', 'r_id', '主键', 'bigint', 'Long', 'rId', '1', '0', NULL, '1', NULL, NULL, NULL, 'EQ', 'input', NULL, 1, 'admin', '2022-05-08 12:21:49', NULL, '2022-05-13 11:15:34');
INSERT INTO `gen_table_column` (`column_id`, `table_id`, `column_name`, `column_comment`, `column_type`, `java_type`, `java_field`, `is_pk`, `is_increment`, `is_required`, `is_insert`, `is_edit`, `is_list`, `is_query`, `query_type`, `html_type`, `dict_type`, `sort`, `create_by`, `create_time`, `update_by`, `update_time`) VALUES (357, '43', 'create_by', '创建者', 'varchar(64)', 'String', 'createBy', '0', '0', NULL, '1', NULL, NULL, NULL, 'EQ', 'input', NULL, 2, 'admin', '2022-05-08 12:21:49', NULL, '2022-05-13 11:15:35');
INSERT INTO `gen_table_column` (`column_id`, `table_id`, `column_name`, `column_comment`, `column_type`, `java_type`, `java_field`, `is_pk`, `is_increment`, `is_required`, `is_insert`, `is_edit`, `is_list`, `is_query`, `query_type`, `html_type`, `dict_type`, `sort`, `create_by`, `create_time`, `update_by`, `update_time`) VALUES (358, '43', 'create_time', '创建时间', 'datetime', 'Date', 'createTime', '0', '0', NULL, '1', NULL, NULL, NULL, 'EQ', 'datetime', NULL, 3, 'admin', '2022-05-08 12:21:49', NULL, '2022-05-13 11:15:35');
INSERT INTO `gen_table_column` (`column_id`, `table_id`, `column_name`, `column_comment`, `column_type`, `java_type`, `java_field`, `is_pk`, `is_increment`, `is_required`, `is_insert`, `is_edit`, `is_list`, `is_query`, `query_type`, `html_type`, `dict_type`, `sort`, `create_by`, `create_time`, `update_by`, `update_time`) VALUES (359, '43', 'update_by', '更新者', 'varchar(64)', 'String', 'updateBy', '0', '0', NULL, '1', '1', NULL, NULL, 'EQ', 'input', NULL, 4, 'admin', '2022-05-08 12:21:49', NULL, '2022-05-13 11:15:35');
INSERT INTO `gen_table_column` (`column_id`, `table_id`, `column_name`, `column_comment`, `column_type`, `java_type`, `java_field`, `is_pk`, `is_increment`, `is_required`, `is_insert`, `is_edit`, `is_list`, `is_query`, `query_type`, `html_type`, `dict_type`, `sort`, `create_by`, `create_time`, `update_by`, `update_time`) VALUES (360, '43', 'update_time', '更新时间', 'datetime', 'Date', 'updateTime', '0', '0', NULL, '1', '1', NULL, NULL, 'EQ', 'datetime', NULL, 5, 'admin', '2022-05-08 12:21:49', NULL, '2022-05-13 11:15:35');
INSERT INTO `gen_table_column` (`column_id`, `table_id`, `column_name`, `column_comment`, `column_type`, `java_type`, `java_field`, `is_pk`, `is_increment`, `is_required`, `is_insert`, `is_edit`, `is_list`, `is_query`, `query_type`, `html_type`, `dict_type`, `sort`, `create_by`, `create_time`, `update_by`, `update_time`) VALUES (361, '43', 'del_flag', '删除标志（0代表存在 2代表删除）', 'char(1)', 'String', 'delFlag', '0', '0', NULL, '1', NULL, NULL, NULL, 'EQ', 'input', NULL, 6, 'admin', '2022-05-08 12:21:49', NULL, '2022-05-13 11:15:35');
INSERT INTO `gen_table_column` (`column_id`, `table_id`, `column_name`, `column_comment`, `column_type`, `java_type`, `java_field`, `is_pk`, `is_increment`, `is_required`, `is_insert`, `is_edit`, `is_list`, `is_query`, `query_type`, `html_type`, `dict_type`, `sort`, `create_by`, `create_time`, `update_by`, `update_time`) VALUES (362, '43', 'r_type', '购买类型(0医用品 1日用品 2农业用品)', 'char(1)', 'String', 'rType', '0', '0', NULL, '1', '1', '1', '1', 'EQ', 'select', '', 7, 'admin', '2022-05-08 12:21:49', NULL, '2022-05-13 11:15:35');
INSERT INTO `gen_table_column` (`column_id`, `table_id`, `column_name`, `column_comment`, `column_type`, `java_type`, `java_field`, `is_pk`, `is_increment`, `is_required`, `is_insert`, `is_edit`, `is_list`, `is_query`, `query_type`, `html_type`, `dict_type`, `sort`, `create_by`, `create_time`, `update_by`, `update_time`) VALUES (363, '43', 'r_remark', '备注', 'varchar(255)', 'String', 'rRemark', '0', '0', NULL, '1', '1', '1', '1', 'EQ', 'input', '', 8, 'admin', '2022-05-08 12:21:49', NULL, '2022-05-13 11:15:35');
INSERT INTO `gen_table_column` (`column_id`, `table_id`, `column_name`, `column_comment`, `column_type`, `java_type`, `java_field`, `is_pk`, `is_increment`, `is_required`, `is_insert`, `is_edit`, `is_list`, `is_query`, `query_type`, `html_type`, `dict_type`, `sort`, `create_by`, `create_time`, `update_by`, `update_time`) VALUES (364, '44', 'r_id', '主键', 'bigint', 'Long', 'rId', '1', '0', NULL, '1', NULL, NULL, NULL, 'EQ', 'input', NULL, 1, 'admin', '2022-05-08 12:21:49', NULL, '2022-05-19 05:43:57');
INSERT INTO `gen_table_column` (`column_id`, `table_id`, `column_name`, `column_comment`, `column_type`, `java_type`, `java_field`, `is_pk`, `is_increment`, `is_required`, `is_insert`, `is_edit`, `is_list`, `is_query`, `query_type`, `html_type`, `dict_type`, `sort`, `create_by`, `create_time`, `update_by`, `update_time`) VALUES (365, '44', 'create_by', '创建者', 'varchar(64)', 'String', 'createBy', '0', '0', NULL, '1', NULL, NULL, NULL, 'EQ', 'input', NULL, 2, 'admin', '2022-05-08 12:21:49', NULL, '2022-05-19 05:43:57');
INSERT INTO `gen_table_column` (`column_id`, `table_id`, `column_name`, `column_comment`, `column_type`, `java_type`, `java_field`, `is_pk`, `is_increment`, `is_required`, `is_insert`, `is_edit`, `is_list`, `is_query`, `query_type`, `html_type`, `dict_type`, `sort`, `create_by`, `create_time`, `update_by`, `update_time`) VALUES (366, '44', 'create_time', '创建时间', 'datetime', 'Date', 'createTime', '0', '0', NULL, '1', NULL, NULL, NULL, 'EQ', 'datetime', NULL, 3, 'admin', '2022-05-08 12:21:50', NULL, '2022-05-19 05:43:57');
INSERT INTO `gen_table_column` (`column_id`, `table_id`, `column_name`, `column_comment`, `column_type`, `java_type`, `java_field`, `is_pk`, `is_increment`, `is_required`, `is_insert`, `is_edit`, `is_list`, `is_query`, `query_type`, `html_type`, `dict_type`, `sort`, `create_by`, `create_time`, `update_by`, `update_time`) VALUES (367, '44', 'update_by', '更新者', 'varchar(64)', 'String', 'updateBy', '0', '0', NULL, '1', '1', NULL, NULL, 'EQ', 'input', NULL, 4, 'admin', '2022-05-08 12:21:50', NULL, '2022-05-19 05:43:57');
INSERT INTO `gen_table_column` (`column_id`, `table_id`, `column_name`, `column_comment`, `column_type`, `java_type`, `java_field`, `is_pk`, `is_increment`, `is_required`, `is_insert`, `is_edit`, `is_list`, `is_query`, `query_type`, `html_type`, `dict_type`, `sort`, `create_by`, `create_time`, `update_by`, `update_time`) VALUES (368, '44', 'update_time', '更新时间', 'datetime', 'Date', 'updateTime', '0', '0', NULL, '1', '1', NULL, NULL, 'EQ', 'datetime', NULL, 5, 'admin', '2022-05-08 12:21:50', NULL, '2022-05-19 05:43:57');
INSERT INTO `gen_table_column` (`column_id`, `table_id`, `column_name`, `column_comment`, `column_type`, `java_type`, `java_field`, `is_pk`, `is_increment`, `is_required`, `is_insert`, `is_edit`, `is_list`, `is_query`, `query_type`, `html_type`, `dict_type`, `sort`, `create_by`, `create_time`, `update_by`, `update_time`) VALUES (369, '44', 'del_flag', '删除标志（0代表存在 2代表删除）', 'char(1)', 'String', 'delFlag', '0', '0', NULL, '1', NULL, NULL, NULL, 'EQ', 'input', NULL, 6, 'admin', '2022-05-08 12:21:50', NULL, '2022-05-19 05:43:57');
INSERT INTO `gen_table_column` (`column_id`, `table_id`, `column_name`, `column_comment`, `column_type`, `java_type`, `java_field`, `is_pk`, `is_increment`, `is_required`, `is_insert`, `is_edit`, `is_list`, `is_query`, `query_type`, `html_type`, `dict_type`, `sort`, `create_by`, `create_time`, `update_by`, `update_time`) VALUES (370, '44', 'r_remark', '投诉内容', 'varchar(255)', 'String', 'rRemark', '0', '0', NULL, '1', '1', '1', '1', 'EQ', 'input', '', 7, 'admin', '2022-05-08 12:21:50', NULL, '2022-05-19 05:43:57');
INSERT INTO `gen_table_column` (`column_id`, `table_id`, `column_name`, `column_comment`, `column_type`, `java_type`, `java_field`, `is_pk`, `is_increment`, `is_required`, `is_insert`, `is_edit`, `is_list`, `is_query`, `query_type`, `html_type`, `dict_type`, `sort`, `create_by`, `create_time`, `update_by`, `update_time`) VALUES (371, '44', 'r_status', '是否匿名(0不匿名 1匿名)', 'char(1)', 'String', 'rStatus', '0', '0', NULL, '1', '1', '1', '1', 'EQ', 'radio', '', 8, 'admin', '2022-05-08 12:21:50', NULL, '2022-05-19 05:43:57');
INSERT INTO `gen_table_column` (`column_id`, `table_id`, `column_name`, `column_comment`, `column_type`, `java_type`, `java_field`, `is_pk`, `is_increment`, `is_required`, `is_insert`, `is_edit`, `is_list`, `is_query`, `query_type`, `html_type`, `dict_type`, `sort`, `create_by`, `create_time`, `update_by`, `update_time`) VALUES (378, '46', 'r_id', '主键', 'bigint', 'Long', 'rId', '1', '0', NULL, '1', NULL, NULL, NULL, 'EQ', 'input', NULL, 1, 'admin', '2022-05-08 12:21:51', NULL, '2022-05-10 22:16:07');
INSERT INTO `gen_table_column` (`column_id`, `table_id`, `column_name`, `column_comment`, `column_type`, `java_type`, `java_field`, `is_pk`, `is_increment`, `is_required`, `is_insert`, `is_edit`, `is_list`, `is_query`, `query_type`, `html_type`, `dict_type`, `sort`, `create_by`, `create_time`, `update_by`, `update_time`) VALUES (379, '46', 'create_by', '创建者', 'varchar(64)', 'String', 'createBy', '0', '0', NULL, '1', NULL, NULL, NULL, 'EQ', 'input', NULL, 2, 'admin', '2022-05-08 12:21:51', NULL, '2022-05-10 22:16:07');
INSERT INTO `gen_table_column` (`column_id`, `table_id`, `column_name`, `column_comment`, `column_type`, `java_type`, `java_field`, `is_pk`, `is_increment`, `is_required`, `is_insert`, `is_edit`, `is_list`, `is_query`, `query_type`, `html_type`, `dict_type`, `sort`, `create_by`, `create_time`, `update_by`, `update_time`) VALUES (380, '46', 'create_time', '创建时间', 'datetime', 'Date', 'createTime', '0', '0', NULL, '1', NULL, NULL, NULL, 'EQ', 'datetime', NULL, 3, 'admin', '2022-05-08 12:21:51', NULL, '2022-05-10 22:16:07');
INSERT INTO `gen_table_column` (`column_id`, `table_id`, `column_name`, `column_comment`, `column_type`, `java_type`, `java_field`, `is_pk`, `is_increment`, `is_required`, `is_insert`, `is_edit`, `is_list`, `is_query`, `query_type`, `html_type`, `dict_type`, `sort`, `create_by`, `create_time`, `update_by`, `update_time`) VALUES (381, '46', 'update_by', '更新者', 'varchar(64)', 'String', 'updateBy', '0', '0', NULL, '1', '1', NULL, NULL, 'EQ', 'input', NULL, 4, 'admin', '2022-05-08 12:21:51', NULL, '2022-05-10 22:16:07');
INSERT INTO `gen_table_column` (`column_id`, `table_id`, `column_name`, `column_comment`, `column_type`, `java_type`, `java_field`, `is_pk`, `is_increment`, `is_required`, `is_insert`, `is_edit`, `is_list`, `is_query`, `query_type`, `html_type`, `dict_type`, `sort`, `create_by`, `create_time`, `update_by`, `update_time`) VALUES (382, '46', 'update_time', '更新时间', 'datetime', 'Date', 'updateTime', '0', '0', NULL, '1', '1', NULL, NULL, 'EQ', 'datetime', NULL, 5, 'admin', '2022-05-08 12:21:51', NULL, '2022-05-10 22:16:07');
INSERT INTO `gen_table_column` (`column_id`, `table_id`, `column_name`, `column_comment`, `column_type`, `java_type`, `java_field`, `is_pk`, `is_increment`, `is_required`, `is_insert`, `is_edit`, `is_list`, `is_query`, `query_type`, `html_type`, `dict_type`, `sort`, `create_by`, `create_time`, `update_by`, `update_time`) VALUES (383, '46', 'del_flag', '删除标志（0代表存在 2代表删除）', 'char(1)', 'String', 'delFlag', '0', '0', NULL, '1', NULL, NULL, NULL, 'EQ', 'input', NULL, 6, 'admin', '2022-05-08 12:21:51', NULL, '2022-05-10 22:16:07');
INSERT INTO `gen_table_column` (`column_id`, `table_id`, `column_name`, `column_comment`, `column_type`, `java_type`, `java_field`, `is_pk`, `is_increment`, `is_required`, `is_insert`, `is_edit`, `is_list`, `is_query`, `query_type`, `html_type`, `dict_type`, `sort`, `create_by`, `create_time`, `update_by`, `update_time`) VALUES (384, '46', 'r_remark', '备注', 'varchar(500)', 'String', 'rRemark', '0', '0', NULL, '1', '1', '1', '1', 'EQ', 'textarea', '', 7, 'admin', '2022-05-08 12:21:51', NULL, '2022-05-10 22:16:07');
INSERT INTO `gen_table_column` (`column_id`, `table_id`, `column_name`, `column_comment`, `column_type`, `java_type`, `java_field`, `is_pk`, `is_increment`, `is_required`, `is_insert`, `is_edit`, `is_list`, `is_query`, `query_type`, `html_type`, `dict_type`, `sort`, `create_by`, `create_time`, `update_by`, `update_time`) VALUES (386, '46', 'r_title', '标题', 'varchar(255)', 'String', 'rTitle', '0', '0', NULL, '1', '1', '1', '1', 'EQ', 'input', '', 8, 'admin', '2022-05-08 12:21:51', NULL, '2022-05-10 22:16:07');
INSERT INTO `gen_table_column` (`column_id`, `table_id`, `column_name`, `column_comment`, `column_type`, `java_type`, `java_field`, `is_pk`, `is_increment`, `is_required`, `is_insert`, `is_edit`, `is_list`, `is_query`, `query_type`, `html_type`, `dict_type`, `sort`, `create_by`, `create_time`, `update_by`, `update_time`) VALUES (387, '47', 'r_id', '主键', 'bigint', 'Long', 'rId', '1', '0', NULL, '1', NULL, NULL, NULL, 'EQ', 'input', NULL, 1, 'admin', '2022-05-08 12:21:52', NULL, '2022-05-11 22:42:16');
INSERT INTO `gen_table_column` (`column_id`, `table_id`, `column_name`, `column_comment`, `column_type`, `java_type`, `java_field`, `is_pk`, `is_increment`, `is_required`, `is_insert`, `is_edit`, `is_list`, `is_query`, `query_type`, `html_type`, `dict_type`, `sort`, `create_by`, `create_time`, `update_by`, `update_time`) VALUES (388, '47', 'create_by', '创建者', 'varchar(64)', 'String', 'createBy', '0', '0', NULL, '1', NULL, NULL, NULL, 'EQ', 'input', NULL, 2, 'admin', '2022-05-08 12:21:52', NULL, '2022-05-11 22:42:16');
INSERT INTO `gen_table_column` (`column_id`, `table_id`, `column_name`, `column_comment`, `column_type`, `java_type`, `java_field`, `is_pk`, `is_increment`, `is_required`, `is_insert`, `is_edit`, `is_list`, `is_query`, `query_type`, `html_type`, `dict_type`, `sort`, `create_by`, `create_time`, `update_by`, `update_time`) VALUES (389, '47', 'create_time', '创建时间', 'datetime', 'Date', 'createTime', '0', '0', NULL, '1', NULL, NULL, NULL, 'EQ', 'datetime', NULL, 3, 'admin', '2022-05-08 12:21:52', NULL, '2022-05-11 22:42:16');
INSERT INTO `gen_table_column` (`column_id`, `table_id`, `column_name`, `column_comment`, `column_type`, `java_type`, `java_field`, `is_pk`, `is_increment`, `is_required`, `is_insert`, `is_edit`, `is_list`, `is_query`, `query_type`, `html_type`, `dict_type`, `sort`, `create_by`, `create_time`, `update_by`, `update_time`) VALUES (390, '47', 'update_by', '更新者', 'varchar(64)', 'String', 'updateBy', '0', '0', NULL, '1', '1', NULL, NULL, 'EQ', 'input', NULL, 4, 'admin', '2022-05-08 12:21:52', NULL, '2022-05-11 22:42:16');
INSERT INTO `gen_table_column` (`column_id`, `table_id`, `column_name`, `column_comment`, `column_type`, `java_type`, `java_field`, `is_pk`, `is_increment`, `is_required`, `is_insert`, `is_edit`, `is_list`, `is_query`, `query_type`, `html_type`, `dict_type`, `sort`, `create_by`, `create_time`, `update_by`, `update_time`) VALUES (391, '47', 'update_time', '更新时间', 'datetime', 'Date', 'updateTime', '0', '0', NULL, '1', '1', NULL, NULL, 'EQ', 'datetime', NULL, 5, 'admin', '2022-05-08 12:21:52', NULL, '2022-05-11 22:42:16');
INSERT INTO `gen_table_column` (`column_id`, `table_id`, `column_name`, `column_comment`, `column_type`, `java_type`, `java_field`, `is_pk`, `is_increment`, `is_required`, `is_insert`, `is_edit`, `is_list`, `is_query`, `query_type`, `html_type`, `dict_type`, `sort`, `create_by`, `create_time`, `update_by`, `update_time`) VALUES (392, '47', 'del_flag', '删除标志（0代表存在 2代表删除）', 'char(1)', 'String', 'delFlag', '0', '0', NULL, '1', NULL, NULL, NULL, 'EQ', 'input', NULL, 6, 'admin', '2022-05-08 12:21:52', NULL, '2022-05-11 22:42:16');
INSERT INTO `gen_table_column` (`column_id`, `table_id`, `column_name`, `column_comment`, `column_type`, `java_type`, `java_field`, `is_pk`, `is_increment`, `is_required`, `is_insert`, `is_edit`, `is_list`, `is_query`, `query_type`, `html_type`, `dict_type`, `sort`, `create_by`, `create_time`, `update_by`, `update_time`) VALUES (393, '47', 'r_name', '姓名', 'varchar(100)', 'String', 'rName', '0', '0', NULL, '1', '1', '1', '1', 'LIKE', 'input', '', 7, 'admin', '2022-05-08 12:21:52', NULL, '2022-05-11 22:42:16');
INSERT INTO `gen_table_column` (`column_id`, `table_id`, `column_name`, `column_comment`, `column_type`, `java_type`, `java_field`, `is_pk`, `is_increment`, `is_required`, `is_insert`, `is_edit`, `is_list`, `is_query`, `query_type`, `html_type`, `dict_type`, `sort`, `create_by`, `create_time`, `update_by`, `update_time`) VALUES (394, '47', 'r_sex', '删除标志（0男 1女）', 'char(1)', 'String', 'rSex', '0', '0', NULL, '1', '1', '1', '1', 'EQ', 'select', '', 8, 'admin', '2022-05-08 12:21:52', NULL, '2022-05-11 22:42:16');
INSERT INTO `gen_table_column` (`column_id`, `table_id`, `column_name`, `column_comment`, `column_type`, `java_type`, `java_field`, `is_pk`, `is_increment`, `is_required`, `is_insert`, `is_edit`, `is_list`, `is_query`, `query_type`, `html_type`, `dict_type`, `sort`, `create_by`, `create_time`, `update_by`, `update_time`) VALUES (395, '47', 'r_age', '年龄', 'int', 'Long', 'rAge', '0', '0', NULL, '1', '1', '1', '1', 'EQ', 'input', '', 9, 'admin', '2022-05-08 12:21:52', NULL, '2022-05-11 22:42:16');
INSERT INTO `gen_table_column` (`column_id`, `table_id`, `column_name`, `column_comment`, `column_type`, `java_type`, `java_field`, `is_pk`, `is_increment`, `is_required`, `is_insert`, `is_edit`, `is_list`, `is_query`, `query_type`, `html_type`, `dict_type`, `sort`, `create_by`, `create_time`, `update_by`, `update_time`) VALUES (396, '47', 'r_phone', '电话号码', 'int', 'Long', 'rPhone', '0', '0', NULL, '1', '1', '1', '1', 'EQ', 'input', '', 10, 'admin', '2022-05-08 12:21:52', NULL, '2022-05-11 22:42:17');
INSERT INTO `gen_table_column` (`column_id`, `table_id`, `column_name`, `column_comment`, `column_type`, `java_type`, `java_field`, `is_pk`, `is_increment`, `is_required`, `is_insert`, `is_edit`, `is_list`, `is_query`, `query_type`, `html_type`, `dict_type`, `sort`, `create_by`, `create_time`, `update_by`, `update_time`) VALUES (397, '47', 'r_addr', '地址', 'varchar(255)', 'String', 'rAddr', '0', '0', NULL, '1', '1', '1', '1', 'EQ', 'input', '', 11, 'admin', '2022-05-08 12:21:52', NULL, '2022-05-11 22:42:17');
INSERT INTO `gen_table_column` (`column_id`, `table_id`, `column_name`, `column_comment`, `column_type`, `java_type`, `java_field`, `is_pk`, `is_increment`, `is_required`, `is_insert`, `is_edit`, `is_list`, `is_query`, `query_type`, `html_type`, `dict_type`, `sort`, `create_by`, `create_time`, `update_by`, `update_time`) VALUES (398, '48', 'r_id', '主键', 'bigint', 'Long', 'rId', '1', '0', NULL, '1', NULL, NULL, NULL, 'EQ', 'input', NULL, 1, 'admin', '2022-05-08 12:21:53', NULL, '2022-05-17 22:04:59');
INSERT INTO `gen_table_column` (`column_id`, `table_id`, `column_name`, `column_comment`, `column_type`, `java_type`, `java_field`, `is_pk`, `is_increment`, `is_required`, `is_insert`, `is_edit`, `is_list`, `is_query`, `query_type`, `html_type`, `dict_type`, `sort`, `create_by`, `create_time`, `update_by`, `update_time`) VALUES (399, '48', 'create_by', '创建者', 'varchar(64)', 'String', 'createBy', '0', '0', NULL, '1', NULL, NULL, NULL, 'EQ', 'input', NULL, 2, 'admin', '2022-05-08 12:21:53', NULL, '2022-05-17 22:04:59');
INSERT INTO `gen_table_column` (`column_id`, `table_id`, `column_name`, `column_comment`, `column_type`, `java_type`, `java_field`, `is_pk`, `is_increment`, `is_required`, `is_insert`, `is_edit`, `is_list`, `is_query`, `query_type`, `html_type`, `dict_type`, `sort`, `create_by`, `create_time`, `update_by`, `update_time`) VALUES (400, '48', 'create_time', '创建时间', 'datetime', 'Date', 'createTime', '0', '0', NULL, '1', NULL, NULL, NULL, 'EQ', 'datetime', NULL, 3, 'admin', '2022-05-08 12:21:53', NULL, '2022-05-17 22:05:00');
INSERT INTO `gen_table_column` (`column_id`, `table_id`, `column_name`, `column_comment`, `column_type`, `java_type`, `java_field`, `is_pk`, `is_increment`, `is_required`, `is_insert`, `is_edit`, `is_list`, `is_query`, `query_type`, `html_type`, `dict_type`, `sort`, `create_by`, `create_time`, `update_by`, `update_time`) VALUES (401, '48', 'update_by', '更新者', 'varchar(64)', 'String', 'updateBy', '0', '0', NULL, '1', '1', NULL, NULL, 'EQ', 'input', NULL, 4, 'admin', '2022-05-08 12:21:53', NULL, '2022-05-17 22:05:00');
INSERT INTO `gen_table_column` (`column_id`, `table_id`, `column_name`, `column_comment`, `column_type`, `java_type`, `java_field`, `is_pk`, `is_increment`, `is_required`, `is_insert`, `is_edit`, `is_list`, `is_query`, `query_type`, `html_type`, `dict_type`, `sort`, `create_by`, `create_time`, `update_by`, `update_time`) VALUES (402, '48', 'update_time', '更新时间', 'datetime', 'Date', 'updateTime', '0', '0', NULL, '1', '1', NULL, NULL, 'EQ', 'datetime', NULL, 5, 'admin', '2022-05-08 12:21:53', NULL, '2022-05-17 22:05:00');
INSERT INTO `gen_table_column` (`column_id`, `table_id`, `column_name`, `column_comment`, `column_type`, `java_type`, `java_field`, `is_pk`, `is_increment`, `is_required`, `is_insert`, `is_edit`, `is_list`, `is_query`, `query_type`, `html_type`, `dict_type`, `sort`, `create_by`, `create_time`, `update_by`, `update_time`) VALUES (403, '48', 'del_flag', '删除标志（0代表存在 2代表删除）', 'char(1)', 'String', 'delFlag', '0', '0', NULL, '1', NULL, NULL, NULL, 'EQ', 'input', NULL, 6, 'admin', '2022-05-08 12:21:53', NULL, '2022-05-17 22:05:00');
INSERT INTO `gen_table_column` (`column_id`, `table_id`, `column_name`, `column_comment`, `column_type`, `java_type`, `java_field`, `is_pk`, `is_increment`, `is_required`, `is_insert`, `is_edit`, `is_list`, `is_query`, `query_type`, `html_type`, `dict_type`, `sort`, `create_by`, `create_time`, `update_by`, `update_time`) VALUES (404, '48', 'r_remark', '建议内容', 'varchar(500)', 'String', 'rRemark', '0', '0', NULL, '1', '1', '1', '1', 'EQ', 'textarea', '', 7, 'admin', '2022-05-08 12:21:53', NULL, '2022-05-17 22:05:00');
INSERT INTO `gen_table_column` (`column_id`, `table_id`, `column_name`, `column_comment`, `column_type`, `java_type`, `java_field`, `is_pk`, `is_increment`, `is_required`, `is_insert`, `is_edit`, `is_list`, `is_query`, `query_type`, `html_type`, `dict_type`, `sort`, `create_by`, `create_time`, `update_by`, `update_time`) VALUES (405, '49', 'r_id', '主键', 'bigint', 'Long', 'rId', '1', '0', NULL, '1', NULL, NULL, NULL, 'EQ', 'input', NULL, 1, 'admin', '2022-05-08 12:21:53', NULL, '2022-05-08 16:38:40');
INSERT INTO `gen_table_column` (`column_id`, `table_id`, `column_name`, `column_comment`, `column_type`, `java_type`, `java_field`, `is_pk`, `is_increment`, `is_required`, `is_insert`, `is_edit`, `is_list`, `is_query`, `query_type`, `html_type`, `dict_type`, `sort`, `create_by`, `create_time`, `update_by`, `update_time`) VALUES (406, '49', 'create_by', '创建者', 'varchar(64)', 'String', 'createBy', '0', '0', NULL, '1', NULL, NULL, NULL, 'EQ', 'input', NULL, 2, 'admin', '2022-05-08 12:21:53', NULL, '2022-05-08 16:38:40');
INSERT INTO `gen_table_column` (`column_id`, `table_id`, `column_name`, `column_comment`, `column_type`, `java_type`, `java_field`, `is_pk`, `is_increment`, `is_required`, `is_insert`, `is_edit`, `is_list`, `is_query`, `query_type`, `html_type`, `dict_type`, `sort`, `create_by`, `create_time`, `update_by`, `update_time`) VALUES (407, '49', 'create_time', '创建时间', 'datetime', 'Date', 'createTime', '0', '0', NULL, '1', NULL, NULL, NULL, 'EQ', 'datetime', NULL, 3, 'admin', '2022-05-08 12:21:54', NULL, '2022-05-08 16:38:40');
INSERT INTO `gen_table_column` (`column_id`, `table_id`, `column_name`, `column_comment`, `column_type`, `java_type`, `java_field`, `is_pk`, `is_increment`, `is_required`, `is_insert`, `is_edit`, `is_list`, `is_query`, `query_type`, `html_type`, `dict_type`, `sort`, `create_by`, `create_time`, `update_by`, `update_time`) VALUES (408, '49', 'update_by', '更新者', 'varchar(64)', 'String', 'updateBy', '0', '0', NULL, '1', '1', NULL, NULL, 'EQ', 'input', NULL, 4, 'admin', '2022-05-08 12:21:54', NULL, '2022-05-08 16:38:40');
INSERT INTO `gen_table_column` (`column_id`, `table_id`, `column_name`, `column_comment`, `column_type`, `java_type`, `java_field`, `is_pk`, `is_increment`, `is_required`, `is_insert`, `is_edit`, `is_list`, `is_query`, `query_type`, `html_type`, `dict_type`, `sort`, `create_by`, `create_time`, `update_by`, `update_time`) VALUES (409, '49', 'update_time', '更新时间', 'datetime', 'Date', 'updateTime', '0', '0', NULL, '1', '1', NULL, NULL, 'EQ', 'datetime', NULL, 5, 'admin', '2022-05-08 12:21:54', NULL, '2022-05-08 16:38:40');
INSERT INTO `gen_table_column` (`column_id`, `table_id`, `column_name`, `column_comment`, `column_type`, `java_type`, `java_field`, `is_pk`, `is_increment`, `is_required`, `is_insert`, `is_edit`, `is_list`, `is_query`, `query_type`, `html_type`, `dict_type`, `sort`, `create_by`, `create_time`, `update_by`, `update_time`) VALUES (410, '49', 'del_flag', '删除标志（0代表存在 2代表删除）', 'char(1)', 'String', 'delFlag', '0', '0', NULL, '1', NULL, NULL, NULL, 'EQ', 'input', NULL, 6, 'admin', '2022-05-08 12:21:54', NULL, '2022-05-08 16:38:41');
INSERT INTO `gen_table_column` (`column_id`, `table_id`, `column_name`, `column_comment`, `column_type`, `java_type`, `java_field`, `is_pk`, `is_increment`, `is_required`, `is_insert`, `is_edit`, `is_list`, `is_query`, `query_type`, `html_type`, `dict_type`, `sort`, `create_by`, `create_time`, `update_by`, `update_time`) VALUES (411, '49', 'r_status', '购买状态（0未出售 1已出售）', 'char(1)', 'String', 'rStatus', '0', '0', NULL, '1', '1', '1', '1', 'EQ', 'radio', '', 7, 'admin', '2022-05-08 12:21:54', NULL, '2022-05-08 16:38:41');
INSERT INTO `gen_table_column` (`column_id`, `table_id`, `column_name`, `column_comment`, `column_type`, `java_type`, `java_field`, `is_pk`, `is_increment`, `is_required`, `is_insert`, `is_edit`, `is_list`, `is_query`, `query_type`, `html_type`, `dict_type`, `sort`, `create_by`, `create_time`, `update_by`, `update_time`) VALUES (412, '49', 'r_price', '价格', 'decimal(10,2)', 'BigDecimal', 'rPrice', '0', '0', NULL, '1', '1', '1', '1', 'EQ', 'input', '', 8, 'admin', '2022-05-08 12:21:54', NULL, '2022-05-08 16:38:41');
INSERT INTO `gen_table_column` (`column_id`, `table_id`, `column_name`, `column_comment`, `column_type`, `java_type`, `java_field`, `is_pk`, `is_increment`, `is_required`, `is_insert`, `is_edit`, `is_list`, `is_query`, `query_type`, `html_type`, `dict_type`, `sort`, `create_by`, `create_time`, `update_by`, `update_time`) VALUES (413, '49', 'r_introduce', '介绍', 'varchar(255)', 'String', 'rIntroduce', '0', '0', NULL, '1', '1', '1', '1', 'EQ', 'input', '', 9, 'admin', '2022-05-08 12:21:54', NULL, '2022-05-08 16:38:41');
INSERT INTO `gen_table_column` (`column_id`, `table_id`, `column_name`, `column_comment`, `column_type`, `java_type`, `java_field`, `is_pk`, `is_increment`, `is_required`, `is_insert`, `is_edit`, `is_list`, `is_query`, `query_type`, `html_type`, `dict_type`, `sort`, `create_by`, `create_time`, `update_by`, `update_time`) VALUES (415, '50', 'r_id', '主键', 'bigint', 'Long', 'rId', '1', '0', NULL, '1', NULL, NULL, NULL, 'EQ', 'input', NULL, 1, 'admin', '2022-05-08 12:21:54', NULL, '2022-05-19 06:35:51');
INSERT INTO `gen_table_column` (`column_id`, `table_id`, `column_name`, `column_comment`, `column_type`, `java_type`, `java_field`, `is_pk`, `is_increment`, `is_required`, `is_insert`, `is_edit`, `is_list`, `is_query`, `query_type`, `html_type`, `dict_type`, `sort`, `create_by`, `create_time`, `update_by`, `update_time`) VALUES (416, '50', 'create_by', '创建者', 'varchar(64)', 'String', 'createBy', '0', '0', NULL, '1', NULL, NULL, NULL, 'EQ', 'input', NULL, 2, 'admin', '2022-05-08 12:21:54', NULL, '2022-05-19 06:35:51');
INSERT INTO `gen_table_column` (`column_id`, `table_id`, `column_name`, `column_comment`, `column_type`, `java_type`, `java_field`, `is_pk`, `is_increment`, `is_required`, `is_insert`, `is_edit`, `is_list`, `is_query`, `query_type`, `html_type`, `dict_type`, `sort`, `create_by`, `create_time`, `update_by`, `update_time`) VALUES (417, '50', 'create_time', '创建时间', 'datetime', 'Date', 'createTime', '0', '0', NULL, '1', NULL, NULL, NULL, 'EQ', 'datetime', NULL, 3, 'admin', '2022-05-08 12:21:54', NULL, '2022-05-19 06:35:51');
INSERT INTO `gen_table_column` (`column_id`, `table_id`, `column_name`, `column_comment`, `column_type`, `java_type`, `java_field`, `is_pk`, `is_increment`, `is_required`, `is_insert`, `is_edit`, `is_list`, `is_query`, `query_type`, `html_type`, `dict_type`, `sort`, `create_by`, `create_time`, `update_by`, `update_time`) VALUES (418, '50', 'update_by', '更新者', 'varchar(64)', 'String', 'updateBy', '0', '0', NULL, '1', '1', NULL, NULL, 'EQ', 'input', NULL, 4, 'admin', '2022-05-08 12:21:55', NULL, '2022-05-19 06:35:51');
INSERT INTO `gen_table_column` (`column_id`, `table_id`, `column_name`, `column_comment`, `column_type`, `java_type`, `java_field`, `is_pk`, `is_increment`, `is_required`, `is_insert`, `is_edit`, `is_list`, `is_query`, `query_type`, `html_type`, `dict_type`, `sort`, `create_by`, `create_time`, `update_by`, `update_time`) VALUES (419, '50', 'update_time', '更新时间', 'datetime', 'Date', 'updateTime', '0', '0', NULL, '1', '1', NULL, NULL, 'EQ', 'datetime', NULL, 5, 'admin', '2022-05-08 12:21:55', NULL, '2022-05-19 06:35:51');
INSERT INTO `gen_table_column` (`column_id`, `table_id`, `column_name`, `column_comment`, `column_type`, `java_type`, `java_field`, `is_pk`, `is_increment`, `is_required`, `is_insert`, `is_edit`, `is_list`, `is_query`, `query_type`, `html_type`, `dict_type`, `sort`, `create_by`, `create_time`, `update_by`, `update_time`) VALUES (420, '50', 'del_flag', '删除标志（0代表存在 2代表删除）', 'char(1)', 'String', 'delFlag', '0', '0', NULL, '1', NULL, NULL, NULL, 'EQ', 'input', NULL, 6, 'admin', '2022-05-08 12:21:55', NULL, '2022-05-19 06:35:51');
INSERT INTO `gen_table_column` (`column_id`, `table_id`, `column_name`, `column_comment`, `column_type`, `java_type`, `java_field`, `is_pk`, `is_increment`, `is_required`, `is_insert`, `is_edit`, `is_list`, `is_query`, `query_type`, `html_type`, `dict_type`, `sort`, `create_by`, `create_time`, `update_by`, `update_time`) VALUES (421, '50', 'r_num', '人数', 'int', 'Long', 'rNum', '0', '0', NULL, '1', '1', '1', '1', 'EQ', 'input', '', 7, 'admin', '2022-05-08 12:21:55', NULL, '2022-05-19 06:35:51');
INSERT INTO `gen_table_column` (`column_id`, `table_id`, `column_name`, `column_comment`, `column_type`, `java_type`, `java_field`, `is_pk`, `is_increment`, `is_required`, `is_insert`, `is_edit`, `is_list`, `is_query`, `query_type`, `html_type`, `dict_type`, `sort`, `create_by`, `create_time`, `update_by`, `update_time`) VALUES (422, '50', 'r_remark', '发布投票内容', 'varchar(255)', 'String', 'rRemark', '0', '0', NULL, '1', '1', '1', '1', 'EQ', 'input', '', 8, 'admin', '2022-05-08 12:21:55', NULL, '2022-05-19 06:35:51');
INSERT INTO `gen_table_column` (`column_id`, `table_id`, `column_name`, `column_comment`, `column_type`, `java_type`, `java_field`, `is_pk`, `is_increment`, `is_required`, `is_insert`, `is_edit`, `is_list`, `is_query`, `query_type`, `html_type`, `dict_type`, `sort`, `create_by`, `create_time`, `update_by`, `update_time`) VALUES (423, '50', 'r_title', '发布投票标题', 'varchar(100)', 'String', 'rTitle', '0', '0', NULL, '1', '1', '1', '1', 'EQ', 'input', '', 9, 'admin', '2022-05-08 12:21:55', NULL, '2022-05-19 06:35:51');
INSERT INTO `gen_table_column` (`column_id`, `table_id`, `column_name`, `column_comment`, `column_type`, `java_type`, `java_field`, `is_pk`, `is_increment`, `is_required`, `is_insert`, `is_edit`, `is_list`, `is_query`, `query_type`, `html_type`, `dict_type`, `sort`, `create_by`, `create_time`, `update_by`, `update_time`) VALUES (424, '50', 'r_personnel', '投票人员', 'varchar(255)', 'String', 'rPersonnel', '0', '0', NULL, '1', '1', '1', '1', 'EQ', 'input', '', 10, 'admin', '2022-05-08 12:21:55', NULL, '2022-05-19 06:35:51');
INSERT INTO `gen_table_column` (`column_id`, `table_id`, `column_name`, `column_comment`, `column_type`, `java_type`, `java_field`, `is_pk`, `is_increment`, `is_required`, `is_insert`, `is_edit`, `is_list`, `is_query`, `query_type`, `html_type`, `dict_type`, `sort`, `create_by`, `create_time`, `update_by`, `update_time`) VALUES (426, '49', 'file_id', '文件id', 'bigint', 'Long', 'fileId', '0', '0', NULL, '1', '1', '1', '1', 'EQ', 'input', '', 10, '', '2022-05-08 16:38:41', '', NULL);
INSERT INTO `gen_table_column` (`column_id`, `table_id`, `column_name`, `column_comment`, `column_type`, `java_type`, `java_field`, `is_pk`, `is_increment`, `is_required`, `is_insert`, `is_edit`, `is_list`, `is_query`, `query_type`, `html_type`, `dict_type`, `sort`, `create_by`, `create_time`, `update_by`, `update_time`) VALUES (427, '49', 'r_name', '名称', 'varchar(255)', 'String', 'rName', '0', '0', NULL, '1', '1', '1', '1', 'LIKE', 'input', '', 11, '', '2022-05-08 16:38:41', '', NULL);
INSERT INTO `gen_table_column` (`column_id`, `table_id`, `column_name`, `column_comment`, `column_type`, `java_type`, `java_field`, `is_pk`, `is_increment`, `is_required`, `is_insert`, `is_edit`, `is_list`, `is_query`, `query_type`, `html_type`, `dict_type`, `sort`, `create_by`, `create_time`, `update_by`, `update_time`) VALUES (436, '52', 'id', '文件id', 'bigint', 'Long', 'id', '1', '0', NULL, '1', NULL, NULL, NULL, 'EQ', 'input', '', 1, 'admin', '2022-05-08 21:29:17', '', NULL);
INSERT INTO `gen_table_column` (`column_id`, `table_id`, `column_name`, `column_comment`, `column_type`, `java_type`, `java_field`, `is_pk`, `is_increment`, `is_required`, `is_insert`, `is_edit`, `is_list`, `is_query`, `query_type`, `html_type`, `dict_type`, `sort`, `create_by`, `create_time`, `update_by`, `update_time`) VALUES (437, '52', 'del_flag', '删除标志（0代表存在 2代表删除）', 'char(1)', 'String', 'delFlag', '0', '0', NULL, '1', NULL, NULL, NULL, 'EQ', 'input', '', 2, 'admin', '2022-05-08 21:29:17', '', NULL);
INSERT INTO `gen_table_column` (`column_id`, `table_id`, `column_name`, `column_comment`, `column_type`, `java_type`, `java_field`, `is_pk`, `is_increment`, `is_required`, `is_insert`, `is_edit`, `is_list`, `is_query`, `query_type`, `html_type`, `dict_type`, `sort`, `create_by`, `create_time`, `update_by`, `update_time`) VALUES (438, '52', 'create_by', '创建者', 'varchar(64)', 'String', 'createBy', '0', '0', NULL, '1', NULL, NULL, NULL, 'EQ', 'input', '', 3, 'admin', '2022-05-08 21:29:17', '', NULL);
INSERT INTO `gen_table_column` (`column_id`, `table_id`, `column_name`, `column_comment`, `column_type`, `java_type`, `java_field`, `is_pk`, `is_increment`, `is_required`, `is_insert`, `is_edit`, `is_list`, `is_query`, `query_type`, `html_type`, `dict_type`, `sort`, `create_by`, `create_time`, `update_by`, `update_time`) VALUES (439, '52', 'create_time', '创建时间', 'datetime', 'Date', 'createTime', '0', '0', NULL, '1', NULL, NULL, NULL, 'EQ', 'datetime', '', 4, 'admin', '2022-05-08 21:29:17', '', NULL);
INSERT INTO `gen_table_column` (`column_id`, `table_id`, `column_name`, `column_comment`, `column_type`, `java_type`, `java_field`, `is_pk`, `is_increment`, `is_required`, `is_insert`, `is_edit`, `is_list`, `is_query`, `query_type`, `html_type`, `dict_type`, `sort`, `create_by`, `create_time`, `update_by`, `update_time`) VALUES (440, '52', 'update_by', '更新者', 'varchar(64)', 'String', 'updateBy', '0', '0', NULL, '1', '1', NULL, NULL, 'EQ', 'input', '', 5, 'admin', '2022-05-08 21:29:17', '', NULL);
INSERT INTO `gen_table_column` (`column_id`, `table_id`, `column_name`, `column_comment`, `column_type`, `java_type`, `java_field`, `is_pk`, `is_increment`, `is_required`, `is_insert`, `is_edit`, `is_list`, `is_query`, `query_type`, `html_type`, `dict_type`, `sort`, `create_by`, `create_time`, `update_by`, `update_time`) VALUES (441, '52', 'update_time', '更新时间', 'datetime', 'Date', 'updateTime', '0', '0', NULL, '1', '1', NULL, NULL, 'EQ', 'datetime', '', 6, 'admin', '2022-05-08 21:29:18', '', NULL);
INSERT INTO `gen_table_column` (`column_id`, `table_id`, `column_name`, `column_comment`, `column_type`, `java_type`, `java_field`, `is_pk`, `is_increment`, `is_required`, `is_insert`, `is_edit`, `is_list`, `is_query`, `query_type`, `html_type`, `dict_type`, `sort`, `create_by`, `create_time`, `update_by`, `update_time`) VALUES (442, '52', 'file_name', '文件名称', 'varchar(255)', 'String', 'fileName', '0', '0', NULL, '1', '1', '1', '1', 'LIKE', 'input', '', 7, 'admin', '2022-05-08 21:29:18', '', NULL);
INSERT INTO `gen_table_column` (`column_id`, `table_id`, `column_name`, `column_comment`, `column_type`, `java_type`, `java_field`, `is_pk`, `is_increment`, `is_required`, `is_insert`, `is_edit`, `is_list`, `is_query`, `query_type`, `html_type`, `dict_type`, `sort`, `create_by`, `create_time`, `update_by`, `update_time`) VALUES (443, '52', 'file_path', '文件路径', 'varchar(255)', 'String', 'filePath', '0', '0', NULL, '1', '1', '1', '1', 'EQ', 'input', '', 8, 'admin', '2022-05-08 21:29:18', '', NULL);
INSERT INTO `gen_table_column` (`column_id`, `table_id`, `column_name`, `column_comment`, `column_type`, `java_type`, `java_field`, `is_pk`, `is_increment`, `is_required`, `is_insert`, `is_edit`, `is_list`, `is_query`, `query_type`, `html_type`, `dict_type`, `sort`, `create_by`, `create_time`, `update_by`, `update_time`) VALUES (444, '46', 'file_id', '文件id', 'bigint', 'Long', 'fileId', '0', '0', NULL, '1', '1', '1', '1', 'EQ', 'input', '', 9, '', '2022-05-10 22:16:08', '', NULL);
INSERT INTO `gen_table_column` (`column_id`, `table_id`, `column_name`, `column_comment`, `column_type`, `java_type`, `java_field`, `is_pk`, `is_increment`, `is_required`, `is_insert`, `is_edit`, `is_list`, `is_query`, `query_type`, `html_type`, `dict_type`, `sort`, `create_by`, `create_time`, `update_by`, `update_time`) VALUES (446, '53', 'r_id', '主键', 'bigint', 'Long', 'rId', '1', '0', NULL, '1', NULL, NULL, NULL, 'EQ', 'input', '', 1, 'admin', '2022-05-13 14:17:40', '', NULL);
INSERT INTO `gen_table_column` (`column_id`, `table_id`, `column_name`, `column_comment`, `column_type`, `java_type`, `java_field`, `is_pk`, `is_increment`, `is_required`, `is_insert`, `is_edit`, `is_list`, `is_query`, `query_type`, `html_type`, `dict_type`, `sort`, `create_by`, `create_time`, `update_by`, `update_time`) VALUES (447, '53', 'create_by', '创建者', 'varchar(64)', 'String', 'createBy', '0', '0', NULL, '1', NULL, NULL, NULL, 'EQ', 'input', '', 2, 'admin', '2022-05-13 14:17:40', '', NULL);
INSERT INTO `gen_table_column` (`column_id`, `table_id`, `column_name`, `column_comment`, `column_type`, `java_type`, `java_field`, `is_pk`, `is_increment`, `is_required`, `is_insert`, `is_edit`, `is_list`, `is_query`, `query_type`, `html_type`, `dict_type`, `sort`, `create_by`, `create_time`, `update_by`, `update_time`) VALUES (448, '53', 'create_time', '创建时间', 'datetime', 'Date', 'createTime', '0', '0', NULL, '1', NULL, NULL, NULL, 'EQ', 'datetime', '', 3, 'admin', '2022-05-13 14:17:40', '', NULL);
INSERT INTO `gen_table_column` (`column_id`, `table_id`, `column_name`, `column_comment`, `column_type`, `java_type`, `java_field`, `is_pk`, `is_increment`, `is_required`, `is_insert`, `is_edit`, `is_list`, `is_query`, `query_type`, `html_type`, `dict_type`, `sort`, `create_by`, `create_time`, `update_by`, `update_time`) VALUES (449, '53', 'update_by', '更新者', 'varchar(64)', 'String', 'updateBy', '0', '0', NULL, '1', '1', NULL, NULL, 'EQ', 'input', '', 4, 'admin', '2022-05-13 14:17:40', '', NULL);
INSERT INTO `gen_table_column` (`column_id`, `table_id`, `column_name`, `column_comment`, `column_type`, `java_type`, `java_field`, `is_pk`, `is_increment`, `is_required`, `is_insert`, `is_edit`, `is_list`, `is_query`, `query_type`, `html_type`, `dict_type`, `sort`, `create_by`, `create_time`, `update_by`, `update_time`) VALUES (450, '53', 'update_time', '更新时间', 'datetime', 'Date', 'updateTime', '0', '0', NULL, '1', '1', NULL, NULL, 'EQ', 'datetime', '', 5, 'admin', '2022-05-13 14:17:40', '', NULL);
INSERT INTO `gen_table_column` (`column_id`, `table_id`, `column_name`, `column_comment`, `column_type`, `java_type`, `java_field`, `is_pk`, `is_increment`, `is_required`, `is_insert`, `is_edit`, `is_list`, `is_query`, `query_type`, `html_type`, `dict_type`, `sort`, `create_by`, `create_time`, `update_by`, `update_time`) VALUES (451, '53', 'del_flag', '删除标志（0代表存在 2代表删除）', 'char(1)', 'String', 'delFlag', '0', '0', NULL, '1', NULL, NULL, NULL, 'EQ', 'input', '', 6, 'admin', '2022-05-13 14:17:40', '', NULL);
INSERT INTO `gen_table_column` (`column_id`, `table_id`, `column_name`, `column_comment`, `column_type`, `java_type`, `java_field`, `is_pk`, `is_increment`, `is_required`, `is_insert`, `is_edit`, `is_list`, `is_query`, `query_type`, `html_type`, `dict_type`, `sort`, `create_by`, `create_time`, `update_by`, `update_time`) VALUES (452, '53', 'r_type', '设施类型(0乡村基础设施 1公共设施)', 'char(1)', 'String', 'rType', '0', '0', NULL, '1', '1', '1', '1', 'EQ', 'select', '', 7, 'admin', '2022-05-13 14:17:40', '', NULL);
INSERT INTO `gen_table_column` (`column_id`, `table_id`, `column_name`, `column_comment`, `column_type`, `java_type`, `java_field`, `is_pk`, `is_increment`, `is_required`, `is_insert`, `is_edit`, `is_list`, `is_query`, `query_type`, `html_type`, `dict_type`, `sort`, `create_by`, `create_time`, `update_by`, `update_time`) VALUES (453, '53', 'r_remark', '备注', 'varchar(255)', 'String', 'rRemark', '0', '0', NULL, '1', '1', '1', '1', 'EQ', 'input', '', 8, 'admin', '2022-05-13 14:17:40', '', NULL);
INSERT INTO `gen_table_column` (`column_id`, `table_id`, `column_name`, `column_comment`, `column_type`, `java_type`, `java_field`, `is_pk`, `is_increment`, `is_required`, `is_insert`, `is_edit`, `is_list`, `is_query`, `query_type`, `html_type`, `dict_type`, `sort`, `create_by`, `create_time`, `update_by`, `update_time`) VALUES (454, '54', 'r_id', '主键', 'bigint', 'Long', 'rId', '1', '0', NULL, '1', NULL, NULL, NULL, 'EQ', 'input', '', 1, 'admin', '2022-05-19 11:45:30', '', NULL);
INSERT INTO `gen_table_column` (`column_id`, `table_id`, `column_name`, `column_comment`, `column_type`, `java_type`, `java_field`, `is_pk`, `is_increment`, `is_required`, `is_insert`, `is_edit`, `is_list`, `is_query`, `query_type`, `html_type`, `dict_type`, `sort`, `create_by`, `create_time`, `update_by`, `update_time`) VALUES (455, '54', 'create_by', '创建者', 'varchar(64)', 'String', 'createBy', '0', '0', NULL, '1', NULL, NULL, NULL, 'EQ', 'input', '', 2, 'admin', '2022-05-19 11:45:30', '', NULL);
INSERT INTO `gen_table_column` (`column_id`, `table_id`, `column_name`, `column_comment`, `column_type`, `java_type`, `java_field`, `is_pk`, `is_increment`, `is_required`, `is_insert`, `is_edit`, `is_list`, `is_query`, `query_type`, `html_type`, `dict_type`, `sort`, `create_by`, `create_time`, `update_by`, `update_time`) VALUES (456, '54', 'create_time', '创建时间', 'datetime', 'Date', 'createTime', '0', '0', NULL, '1', NULL, NULL, NULL, 'EQ', 'datetime', '', 3, 'admin', '2022-05-19 11:45:30', '', NULL);
INSERT INTO `gen_table_column` (`column_id`, `table_id`, `column_name`, `column_comment`, `column_type`, `java_type`, `java_field`, `is_pk`, `is_increment`, `is_required`, `is_insert`, `is_edit`, `is_list`, `is_query`, `query_type`, `html_type`, `dict_type`, `sort`, `create_by`, `create_time`, `update_by`, `update_time`) VALUES (457, '54', 'update_by', '更新者', 'varchar(64)', 'String', 'updateBy', '0', '0', NULL, '1', '1', NULL, NULL, 'EQ', 'input', '', 4, 'admin', '2022-05-19 11:45:30', '', NULL);
INSERT INTO `gen_table_column` (`column_id`, `table_id`, `column_name`, `column_comment`, `column_type`, `java_type`, `java_field`, `is_pk`, `is_increment`, `is_required`, `is_insert`, `is_edit`, `is_list`, `is_query`, `query_type`, `html_type`, `dict_type`, `sort`, `create_by`, `create_time`, `update_by`, `update_time`) VALUES (458, '54', 'update_time', '更新时间', 'datetime', 'Date', 'updateTime', '0', '0', NULL, '1', '1', NULL, NULL, 'EQ', 'datetime', '', 5, 'admin', '2022-05-19 11:45:30', '', NULL);
INSERT INTO `gen_table_column` (`column_id`, `table_id`, `column_name`, `column_comment`, `column_type`, `java_type`, `java_field`, `is_pk`, `is_increment`, `is_required`, `is_insert`, `is_edit`, `is_list`, `is_query`, `query_type`, `html_type`, `dict_type`, `sort`, `create_by`, `create_time`, `update_by`, `update_time`) VALUES (459, '54', 'del_flag', '删除标志（0代表存在 2代表删除）', 'char(1)', 'String', 'delFlag', '0', '0', NULL, '1', NULL, NULL, NULL, 'EQ', 'input', '', 6, 'admin', '2022-05-19 11:45:30', '', NULL);
INSERT INTO `gen_table_column` (`column_id`, `table_id`, `column_name`, `column_comment`, `column_type`, `java_type`, `java_field`, `is_pk`, `is_increment`, `is_required`, `is_insert`, `is_edit`, `is_list`, `is_query`, `query_type`, `html_type`, `dict_type`, `sort`, `create_by`, `create_time`, `update_by`, `update_time`) VALUES (460, '54', 'r_tenderee', '招标单位', 'varchar(100)', 'String', 'rTenderee', '0', '0', NULL, '1', '1', '1', '1', 'EQ', 'input', '', 7, 'admin', '2022-05-19 11:45:30', '', NULL);
INSERT INTO `gen_table_column` (`column_id`, `table_id`, `column_name`, `column_comment`, `column_type`, `java_type`, `java_field`, `is_pk`, `is_increment`, `is_required`, `is_insert`, `is_edit`, `is_list`, `is_query`, `query_type`, `html_type`, `dict_type`, `sort`, `create_by`, `create_time`, `update_by`, `update_time`) VALUES (461, '54', 'r_tender', '招标项目', 'varchar(100)', 'String', 'rTender', '0', '0', NULL, '1', '1', '1', '1', 'EQ', 'input', '', 8, 'admin', '2022-05-19 11:45:30', '', NULL);
INSERT INTO `gen_table_column` (`column_id`, `table_id`, `column_name`, `column_comment`, `column_type`, `java_type`, `java_field`, `is_pk`, `is_increment`, `is_required`, `is_insert`, `is_edit`, `is_list`, `is_query`, `query_type`, `html_type`, `dict_type`, `sort`, `create_by`, `create_time`, `update_by`, `update_time`) VALUES (462, '54', 'r_bid_content', '招标内容', 'varchar(255)', 'String', 'rBidContent', '0', '0', NULL, '1', '1', '1', '1', 'EQ', 'editor', '', 9, 'admin', '2022-05-19 11:45:30', '', NULL);
INSERT INTO `gen_table_column` (`column_id`, `table_id`, `column_name`, `column_comment`, `column_type`, `java_type`, `java_field`, `is_pk`, `is_increment`, `is_required`, `is_insert`, `is_edit`, `is_list`, `is_query`, `query_type`, `html_type`, `dict_type`, `sort`, `create_by`, `create_time`, `update_by`, `update_time`) VALUES (463, '54', 'r_qrfb', '投标人资格要求', 'varchar(100)', 'String', 'rQrfb', '0', '0', NULL, '1', '1', '1', '1', 'EQ', 'input', '', 10, 'admin', '2022-05-19 11:45:30', '', NULL);
INSERT INTO `gen_table_column` (`column_id`, `table_id`, `column_name`, `column_comment`, `column_type`, `java_type`, `java_field`, `is_pk`, `is_increment`, `is_required`, `is_insert`, `is_edit`, `is_list`, `is_query`, `query_type`, `html_type`, `dict_type`, `sort`, `create_by`, `create_time`, `update_by`, `update_time`) VALUES (464, '54', 'r_bid_time', '招标时间', 'datetime', 'Date', 'rBidTime', '0', '0', NULL, '1', '1', '1', '1', 'EQ', 'datetime', '', 11, 'admin', '2022-05-19 11:45:30', '', NULL);
INSERT INTO `gen_table_column` (`column_id`, `table_id`, `column_name`, `column_comment`, `column_type`, `java_type`, `java_field`, `is_pk`, `is_increment`, `is_required`, `is_insert`, `is_edit`, `is_list`, `is_query`, `query_type`, `html_type`, `dict_type`, `sort`, `create_by`, `create_time`, `update_by`, `update_time`) VALUES (465, '54', 'r_bid_addr', '招标地点', 'varchar(255)', 'String', 'rBidAddr', '0', '0', NULL, '1', '1', '1', '1', 'EQ', 'input', '', 12, 'admin', '2022-05-19 11:45:30', '', NULL);
INSERT INTO `gen_table_column` (`column_id`, `table_id`, `column_name`, `column_comment`, `column_type`, `java_type`, `java_field`, `is_pk`, `is_increment`, `is_required`, `is_insert`, `is_edit`, `is_list`, `is_query`, `query_type`, `html_type`, `dict_type`, `sort`, `create_by`, `create_time`, `update_by`, `update_time`) VALUES (466, '54', 'r_bid_price', '招标文件售价', 'decimal(10,2)', 'BigDecimal', 'rBidPrice', '0', '0', NULL, '1', '1', '1', '1', 'EQ', 'input', '', 13, 'admin', '2022-05-19 11:45:30', '', NULL);
INSERT INTO `gen_table_column` (`column_id`, `table_id`, `column_name`, `column_comment`, `column_type`, `java_type`, `java_field`, `is_pk`, `is_increment`, `is_required`, `is_insert`, `is_edit`, `is_list`, `is_query`, `query_type`, `html_type`, `dict_type`, `sort`, `create_by`, `create_time`, `update_by`, `update_time`) VALUES (467, '54', 'r_end_time', '截止时间', 'datetime', 'Date', 'rEndTime', '0', '0', NULL, '1', '1', '1', '1', 'EQ', 'datetime', '', 14, 'admin', '2022-05-19 11:45:30', '', NULL);
INSERT INTO `gen_table_column` (`column_id`, `table_id`, `column_name`, `column_comment`, `column_type`, `java_type`, `java_field`, `is_pk`, `is_increment`, `is_required`, `is_insert`, `is_edit`, `is_list`, `is_query`, `query_type`, `html_type`, `dict_type`, `sort`, `create_by`, `create_time`, `update_by`, `update_time`) VALUES (468, '54', 'r_contacts', '联系人', 'varchar(100)', 'String', 'rContacts', '0', '0', NULL, '1', '1', '1', '1', 'EQ', 'input', '', 15, 'admin', '2022-05-19 11:45:30', '', NULL);
INSERT INTO `gen_table_column` (`column_id`, `table_id`, `column_name`, `column_comment`, `column_type`, `java_type`, `java_field`, `is_pk`, `is_increment`, `is_required`, `is_insert`, `is_edit`, `is_list`, `is_query`, `query_type`, `html_type`, `dict_type`, `sort`, `create_by`, `create_time`, `update_by`, `update_time`) VALUES (469, '54', 'r_phone', '联系电话', 'varchar(50)', 'String', 'rPhone', '0', '0', NULL, '1', '1', '1', '1', 'EQ', 'input', '', 16, 'admin', '2022-05-19 11:45:30', '', NULL);
COMMIT;

-- ----------------------------
-- Table structure for qrtz_blob_triggers
-- ----------------------------
DROP TABLE IF EXISTS `qrtz_blob_triggers`;
CREATE TABLE `qrtz_blob_triggers` (
  `sched_name` varchar(120) NOT NULL COMMENT '调度名称',
  `trigger_name` varchar(200) NOT NULL COMMENT 'qrtz_triggers表trigger_name的外键',
  `trigger_group` varchar(200) NOT NULL COMMENT 'qrtz_triggers表trigger_group的外键',
  `blob_data` blob COMMENT '存放持久化Trigger对象',
  PRIMARY KEY (`sched_name`,`trigger_name`,`trigger_group`),
  CONSTRAINT `qrtz_blob_triggers_ibfk_1` FOREIGN KEY (`sched_name`, `trigger_name`, `trigger_group`) REFERENCES `qrtz_triggers` (`sched_name`, `trigger_name`, `trigger_group`)
) ENGINE=InnoDB DEFAULT CHARSET=utf8mb3 COMMENT='Blob类型的触发器表';

-- ----------------------------
-- Records of qrtz_blob_triggers
-- ----------------------------
BEGIN;
COMMIT;

-- ----------------------------
-- Table structure for qrtz_calendars
-- ----------------------------
DROP TABLE IF EXISTS `qrtz_calendars`;
CREATE TABLE `qrtz_calendars` (
  `sched_name` varchar(120) NOT NULL COMMENT '调度名称',
  `calendar_name` varchar(200) NOT NULL COMMENT '日历名称',
  `calendar` blob NOT NULL COMMENT '存放持久化calendar对象',
  PRIMARY KEY (`sched_name`,`calendar_name`)
) ENGINE=InnoDB DEFAULT CHARSET=utf8mb3 COMMENT='日历信息表';

-- ----------------------------
-- Records of qrtz_calendars
-- ----------------------------
BEGIN;
COMMIT;

-- ----------------------------
-- Table structure for qrtz_cron_triggers
-- ----------------------------
DROP TABLE IF EXISTS `qrtz_cron_triggers`;
CREATE TABLE `qrtz_cron_triggers` (
  `sched_name` varchar(120) NOT NULL COMMENT '调度名称',
  `trigger_name` varchar(200) NOT NULL COMMENT 'qrtz_triggers表trigger_name的外键',
  `trigger_group` varchar(200) NOT NULL COMMENT 'qrtz_triggers表trigger_group的外键',
  `cron_expression` varchar(200) NOT NULL COMMENT 'cron表达式',
  `time_zone_id` varchar(80) DEFAULT NULL COMMENT '时区',
  PRIMARY KEY (`sched_name`,`trigger_name`,`trigger_group`),
  CONSTRAINT `qrtz_cron_triggers_ibfk_1` FOREIGN KEY (`sched_name`, `trigger_name`, `trigger_group`) REFERENCES `qrtz_triggers` (`sched_name`, `trigger_name`, `trigger_group`)
) ENGINE=InnoDB DEFAULT CHARSET=utf8mb3 COMMENT='Cron类型的触发器表';

-- ----------------------------
-- Records of qrtz_cron_triggers
-- ----------------------------
BEGIN;
COMMIT;

-- ----------------------------
-- Table structure for qrtz_fired_triggers
-- ----------------------------
DROP TABLE IF EXISTS `qrtz_fired_triggers`;
CREATE TABLE `qrtz_fired_triggers` (
  `sched_name` varchar(120) NOT NULL COMMENT '调度名称',
  `entry_id` varchar(95) NOT NULL COMMENT '调度器实例id',
  `trigger_name` varchar(200) NOT NULL COMMENT 'qrtz_triggers表trigger_name的外键',
  `trigger_group` varchar(200) NOT NULL COMMENT 'qrtz_triggers表trigger_group的外键',
  `instance_name` varchar(200) NOT NULL COMMENT '调度器实例名',
  `fired_time` bigint NOT NULL COMMENT '触发的时间',
  `sched_time` bigint NOT NULL COMMENT '定时器制定的时间',
  `priority` int NOT NULL COMMENT '优先级',
  `state` varchar(16) NOT NULL COMMENT '状态',
  `job_name` varchar(200) DEFAULT NULL COMMENT '任务名称',
  `job_group` varchar(200) DEFAULT NULL COMMENT '任务组名',
  `is_nonconcurrent` varchar(1) DEFAULT NULL COMMENT '是否并发',
  `requests_recovery` varchar(1) DEFAULT NULL COMMENT '是否接受恢复执行',
  PRIMARY KEY (`sched_name`,`entry_id`)
) ENGINE=InnoDB DEFAULT CHARSET=utf8mb3 COMMENT='已触发的触发器表';

-- ----------------------------
-- Records of qrtz_fired_triggers
-- ----------------------------
BEGIN;
COMMIT;

-- ----------------------------
-- Table structure for qrtz_job_details
-- ----------------------------
DROP TABLE IF EXISTS `qrtz_job_details`;
CREATE TABLE `qrtz_job_details` (
  `sched_name` varchar(120) NOT NULL COMMENT '调度名称',
  `job_name` varchar(200) NOT NULL COMMENT '任务名称',
  `job_group` varchar(200) NOT NULL COMMENT '任务组名',
  `description` varchar(250) DEFAULT NULL COMMENT '相关介绍',
  `job_class_name` varchar(250) NOT NULL COMMENT '执行任务类名称',
  `is_durable` varchar(1) NOT NULL COMMENT '是否持久化',
  `is_nonconcurrent` varchar(1) NOT NULL COMMENT '是否并发',
  `is_update_data` varchar(1) NOT NULL COMMENT '是否更新数据',
  `requests_recovery` varchar(1) NOT NULL COMMENT '是否接受恢复执行',
  `job_data` blob COMMENT '存放持久化job对象',
  PRIMARY KEY (`sched_name`,`job_name`,`job_group`)
) ENGINE=InnoDB DEFAULT CHARSET=utf8mb3 COMMENT='任务详细信息表';

-- ----------------------------
-- Records of qrtz_job_details
-- ----------------------------
BEGIN;
COMMIT;

-- ----------------------------
-- Table structure for qrtz_locks
-- ----------------------------
DROP TABLE IF EXISTS `qrtz_locks`;
CREATE TABLE `qrtz_locks` (
  `sched_name` varchar(120) NOT NULL COMMENT '调度名称',
  `lock_name` varchar(40) NOT NULL COMMENT '悲观锁名称',
  PRIMARY KEY (`sched_name`,`lock_name`)
) ENGINE=InnoDB DEFAULT CHARSET=utf8mb3 COMMENT='存储的悲观锁信息表';

-- ----------------------------
-- Records of qrtz_locks
-- ----------------------------
BEGIN;
COMMIT;

-- ----------------------------
-- Table structure for qrtz_paused_trigger_grps
-- ----------------------------
DROP TABLE IF EXISTS `qrtz_paused_trigger_grps`;
CREATE TABLE `qrtz_paused_trigger_grps` (
  `sched_name` varchar(120) NOT NULL COMMENT '调度名称',
  `trigger_group` varchar(200) NOT NULL COMMENT 'qrtz_triggers表trigger_group的外键',
  PRIMARY KEY (`sched_name`,`trigger_group`)
) ENGINE=InnoDB DEFAULT CHARSET=utf8mb3 COMMENT='暂停的触发器表';

-- ----------------------------
-- Records of qrtz_paused_trigger_grps
-- ----------------------------
BEGIN;
COMMIT;

-- ----------------------------
-- Table structure for qrtz_scheduler_state
-- ----------------------------
DROP TABLE IF EXISTS `qrtz_scheduler_state`;
CREATE TABLE `qrtz_scheduler_state` (
  `sched_name` varchar(120) NOT NULL COMMENT '调度名称',
  `instance_name` varchar(200) NOT NULL COMMENT '实例名称',
  `last_checkin_time` bigint NOT NULL COMMENT '上次检查时间',
  `checkin_interval` bigint NOT NULL COMMENT '检查间隔时间',
  PRIMARY KEY (`sched_name`,`instance_name`)
) ENGINE=InnoDB DEFAULT CHARSET=utf8mb3 COMMENT='调度器状态表';

-- ----------------------------
-- Records of qrtz_scheduler_state
-- ----------------------------
BEGIN;
COMMIT;

-- ----------------------------
-- Table structure for qrtz_simple_triggers
-- ----------------------------
DROP TABLE IF EXISTS `qrtz_simple_triggers`;
CREATE TABLE `qrtz_simple_triggers` (
  `sched_name` varchar(120) NOT NULL COMMENT '调度名称',
  `trigger_name` varchar(200) NOT NULL COMMENT 'qrtz_triggers表trigger_name的外键',
  `trigger_group` varchar(200) NOT NULL COMMENT 'qrtz_triggers表trigger_group的外键',
  `repeat_count` bigint NOT NULL COMMENT '重复的次数统计',
  `repeat_interval` bigint NOT NULL COMMENT '重复的间隔时间',
  `times_triggered` bigint NOT NULL COMMENT '已经触发的次数',
  PRIMARY KEY (`sched_name`,`trigger_name`,`trigger_group`),
  CONSTRAINT `qrtz_simple_triggers_ibfk_1` FOREIGN KEY (`sched_name`, `trigger_name`, `trigger_group`) REFERENCES `qrtz_triggers` (`sched_name`, `trigger_name`, `trigger_group`)
) ENGINE=InnoDB DEFAULT CHARSET=utf8mb3 COMMENT='简单触发器的信息表';

-- ----------------------------
-- Records of qrtz_simple_triggers
-- ----------------------------
BEGIN;
COMMIT;

-- ----------------------------
-- Table structure for qrtz_simprop_triggers
-- ----------------------------
DROP TABLE IF EXISTS `qrtz_simprop_triggers`;
CREATE TABLE `qrtz_simprop_triggers` (
  `sched_name` varchar(120) NOT NULL COMMENT '调度名称',
  `trigger_name` varchar(200) NOT NULL COMMENT 'qrtz_triggers表trigger_name的外键',
  `trigger_group` varchar(200) NOT NULL COMMENT 'qrtz_triggers表trigger_group的外键',
  `str_prop_1` varchar(512) DEFAULT NULL COMMENT 'String类型的trigger的第一个参数',
  `str_prop_2` varchar(512) DEFAULT NULL COMMENT 'String类型的trigger的第二个参数',
  `str_prop_3` varchar(512) DEFAULT NULL COMMENT 'String类型的trigger的第三个参数',
  `int_prop_1` int DEFAULT NULL COMMENT 'int类型的trigger的第一个参数',
  `int_prop_2` int DEFAULT NULL COMMENT 'int类型的trigger的第二个参数',
  `long_prop_1` bigint DEFAULT NULL COMMENT 'long类型的trigger的第一个参数',
  `long_prop_2` bigint DEFAULT NULL COMMENT 'long类型的trigger的第二个参数',
  `dec_prop_1` decimal(13,4) DEFAULT NULL COMMENT 'decimal类型的trigger的第一个参数',
  `dec_prop_2` decimal(13,4) DEFAULT NULL COMMENT 'decimal类型的trigger的第二个参数',
  `bool_prop_1` varchar(1) DEFAULT NULL COMMENT 'Boolean类型的trigger的第一个参数',
  `bool_prop_2` varchar(1) DEFAULT NULL COMMENT 'Boolean类型的trigger的第二个参数',
  PRIMARY KEY (`sched_name`,`trigger_name`,`trigger_group`),
  CONSTRAINT `qrtz_simprop_triggers_ibfk_1` FOREIGN KEY (`sched_name`, `trigger_name`, `trigger_group`) REFERENCES `qrtz_triggers` (`sched_name`, `trigger_name`, `trigger_group`)
) ENGINE=InnoDB DEFAULT CHARSET=utf8mb3 COMMENT='同步机制的行锁表';

-- ----------------------------
-- Records of qrtz_simprop_triggers
-- ----------------------------
BEGIN;
COMMIT;

-- ----------------------------
-- Table structure for qrtz_triggers
-- ----------------------------
DROP TABLE IF EXISTS `qrtz_triggers`;
CREATE TABLE `qrtz_triggers` (
  `sched_name` varchar(120) NOT NULL COMMENT '调度名称',
  `trigger_name` varchar(200) NOT NULL COMMENT '触发器的名字',
  `trigger_group` varchar(200) NOT NULL COMMENT '触发器所属组的名字',
  `job_name` varchar(200) NOT NULL COMMENT 'qrtz_job_details表job_name的外键',
  `job_group` varchar(200) NOT NULL COMMENT 'qrtz_job_details表job_group的外键',
  `description` varchar(250) DEFAULT NULL COMMENT '相关介绍',
  `next_fire_time` bigint DEFAULT NULL COMMENT '上一次触发时间（毫秒）',
  `prev_fire_time` bigint DEFAULT NULL COMMENT '下一次触发时间（默认为-1表示不触发）',
  `priority` int DEFAULT NULL COMMENT '优先级',
  `trigger_state` varchar(16) NOT NULL COMMENT '触发器状态',
  `trigger_type` varchar(8) NOT NULL COMMENT '触发器的类型',
  `start_time` bigint NOT NULL COMMENT '开始时间',
  `end_time` bigint DEFAULT NULL COMMENT '结束时间',
  `calendar_name` varchar(200) DEFAULT NULL COMMENT '日程表名称',
  `misfire_instr` smallint DEFAULT NULL COMMENT '补偿执行的策略',
  `job_data` blob COMMENT '存放持久化job对象',
  PRIMARY KEY (`sched_name`,`trigger_name`,`trigger_group`),
  KEY `sched_name` (`sched_name`,`job_name`,`job_group`),
  CONSTRAINT `qrtz_triggers_ibfk_1` FOREIGN KEY (`sched_name`, `job_name`, `job_group`) REFERENCES `qrtz_job_details` (`sched_name`, `job_name`, `job_group`)
) ENGINE=InnoDB DEFAULT CHARSET=utf8mb3 COMMENT='触发器详细信息表';

-- ----------------------------
-- Records of qrtz_triggers
-- ----------------------------
BEGIN;
COMMIT;

-- ----------------------------
-- Table structure for rural_apply_infrastructure
-- ----------------------------
DROP TABLE IF EXISTS `rural_apply_infrastructure`;
CREATE TABLE `rural_apply_infrastructure` (
  `r_id` bigint NOT NULL COMMENT '主键',
  `create_by` varchar(64) CHARACTER SET utf8 COLLATE utf8_general_ci DEFAULT '' COMMENT '创建者',
  `create_time` datetime DEFAULT NULL COMMENT '创建时间',
  `update_by` varchar(64) CHARACTER SET utf8 COLLATE utf8_general_ci DEFAULT '' COMMENT '更新者',
  `update_time` datetime DEFAULT NULL COMMENT '更新时间',
  `del_flag` char(1) CHARACTER SET utf8 COLLATE utf8_general_ci DEFAULT '0' COMMENT '删除标志（0代表存在 2代表删除）',
  `r_type` char(1) CHARACTER SET utf8 COLLATE utf8_general_ci DEFAULT NULL COMMENT '设施类型(0乡村基础设施 1公共设施)',
  `r_remark` varchar(255) CHARACTER SET utf8 COLLATE utf8_general_ci DEFAULT NULL COMMENT '备注',
  PRIMARY KEY (`r_id`)
) ENGINE=InnoDB DEFAULT CHARSET=utf8mb3 COMMENT='申请基础设施';

-- ----------------------------
-- Records of rural_apply_infrastructure
-- ----------------------------
BEGIN;
INSERT INTO `rural_apply_infrastructure` (`r_id`, `create_by`, `create_time`, `update_by`, `update_time`, `del_flag`, `r_type`, `r_remark`) VALUES (10001, 'admin', '2022-05-13 15:18:00', '', NULL, '0', '0', '乡村基础设施');
INSERT INTO `rural_apply_infrastructure` (`r_id`, `create_by`, `create_time`, `update_by`, `update_time`, `del_flag`, `r_type`, `r_remark`) VALUES (10002, 'admin', '2022-05-13 15:18:14', '', NULL, '0', '1', '公共设施');
INSERT INTO `rural_apply_infrastructure` (`r_id`, `create_by`, `create_time`, `update_by`, `update_time`, `del_flag`, `r_type`, `r_remark`) VALUES (10003, 'admin', '2022-05-13 15:18:17', '', '2022-05-13 15:21:02', '2', '0', '123');
COMMIT;

-- ----------------------------
-- Table structure for rural_apply_maintain
-- ----------------------------
DROP TABLE IF EXISTS `rural_apply_maintain`;
CREATE TABLE `rural_apply_maintain` (
  `r_id` bigint NOT NULL COMMENT '主键',
  `create_by` varchar(64) CHARACTER SET utf8 COLLATE utf8_general_ci DEFAULT '' COMMENT '创建者',
  `create_time` datetime DEFAULT NULL COMMENT '创建时间',
  `update_by` varchar(64) CHARACTER SET utf8 COLLATE utf8_general_ci DEFAULT '' COMMENT '更新者',
  `update_time` datetime DEFAULT NULL COMMENT '更新时间',
  `del_flag` char(1) CHARACTER SET utf8 COLLATE utf8_general_ci DEFAULT '0' COMMENT '删除标志（0代表存在 2代表删除）',
  `r_type` char(1) CHARACTER SET utf8 COLLATE utf8_general_ci DEFAULT NULL COMMENT '维修类型(0维修自家 1维修公共设施)',
  `r_remark` varchar(255) CHARACTER SET utf8 COLLATE utf8_general_ci DEFAULT NULL COMMENT '备注',
  PRIMARY KEY (`r_id`)
) ENGINE=InnoDB DEFAULT CHARSET=utf8mb3 COMMENT='申请维修';

-- ----------------------------
-- Records of rural_apply_maintain
-- ----------------------------
BEGIN;
INSERT INTO `rural_apply_maintain` (`r_id`, `create_by`, `create_time`, `update_by`, `update_time`, `del_flag`, `r_type`, `r_remark`) VALUES (10001, 'admin', '2022-05-13 14:07:23', '', NULL, '0', '0', '维修自家');
INSERT INTO `rural_apply_maintain` (`r_id`, `create_by`, `create_time`, `update_by`, `update_time`, `del_flag`, `r_type`, `r_remark`) VALUES (10002, 'admin', '2022-05-13 14:07:40', '', NULL, '0', '1', '维修公共设施');
INSERT INTO `rural_apply_maintain` (`r_id`, `create_by`, `create_time`, `update_by`, `update_time`, `del_flag`, `r_type`, `r_remark`) VALUES (10003, 'admin', '2022-05-13 14:07:44', 'admin', '2022-05-13 15:18:19', '2', '0', '00');
COMMIT;

-- ----------------------------
-- Table structure for rural_apply_run_errands
-- ----------------------------
DROP TABLE IF EXISTS `rural_apply_run_errands`;
CREATE TABLE `rural_apply_run_errands` (
  `r_id` bigint NOT NULL COMMENT '主键',
  `create_by` varchar(64) CHARACTER SET utf8 COLLATE utf8_general_ci DEFAULT '' COMMENT '创建者',
  `create_time` datetime DEFAULT NULL COMMENT '创建时间',
  `update_by` varchar(64) CHARACTER SET utf8 COLLATE utf8_general_ci DEFAULT '' COMMENT '更新者',
  `update_time` datetime DEFAULT NULL COMMENT '更新时间',
  `del_flag` char(1) CHARACTER SET utf8 COLLATE utf8_general_ci DEFAULT '0' COMMENT '删除标志（0代表存在 2代表删除）',
  `r_type` char(1) DEFAULT NULL COMMENT '购买类型(0医用品 1日用品 2农业用品)',
  `r_remark` varchar(255) DEFAULT NULL COMMENT '备注',
  PRIMARY KEY (`r_id`)
) ENGINE=InnoDB DEFAULT CHARSET=utf8mb3 COMMENT='申请跑腿';

-- ----------------------------
-- Records of rural_apply_run_errands
-- ----------------------------
BEGIN;
INSERT INTO `rural_apply_run_errands` (`r_id`, `create_by`, `create_time`, `update_by`, `update_time`, `del_flag`, `r_type`, `r_remark`) VALUES (10001, 'admin', '2022-05-13 11:50:28', 'admin', '2022-05-13 11:55:15', '0', '1', '肥皂,香薰,沙发,遮阳帘');
INSERT INTO `rural_apply_run_errands` (`r_id`, `create_by`, `create_time`, `update_by`, `update_time`, `del_flag`, `r_type`, `r_remark`) VALUES (10002, 'admin', '2022-05-13 11:55:29', '', NULL, '0', '0', '阿奇,罗红霉素');
INSERT INTO `rural_apply_run_errands` (`r_id`, `create_by`, `create_time`, `update_by`, `update_time`, `del_flag`, `r_type`, `r_remark`) VALUES (10003, 'admin', '2022-05-13 11:55:41', '', '2022-05-13 11:55:43', '0', '2', '农药,种子');
COMMIT;

-- ----------------------------
-- Table structure for rural_bid
-- ----------------------------
DROP TABLE IF EXISTS `rural_bid`;
CREATE TABLE `rural_bid` (
  `r_id` bigint NOT NULL COMMENT '主键',
  `create_by` varchar(64) CHARACTER SET utf8 COLLATE utf8_general_ci DEFAULT '' COMMENT '创建者',
  `create_time` datetime DEFAULT NULL COMMENT '创建时间',
  `update_by` varchar(64) CHARACTER SET utf8 COLLATE utf8_general_ci DEFAULT '' COMMENT '更新者',
  `update_time` datetime DEFAULT NULL COMMENT '更新时间',
  `del_flag` char(1) CHARACTER SET utf8 COLLATE utf8_general_ci DEFAULT '0' COMMENT '删除标志（0代表存在 2代表删除）',
  `r_tenderee` varchar(100) DEFAULT NULL COMMENT '招标单位',
  `r_tender` varchar(100) DEFAULT NULL COMMENT '招标项目',
  `r_bid_content` varchar(255) DEFAULT NULL COMMENT '招标内容',
  `r_qrfb` varchar(100) DEFAULT NULL COMMENT '投标人资格要求',
  `r_bid_time` datetime DEFAULT NULL COMMENT '招标时间',
  `r_bid_addr` varchar(255) DEFAULT NULL COMMENT '招标地点',
  `r_bid_price` decimal(10,2) DEFAULT NULL COMMENT '招标文件售价',
  `r_end_time` datetime DEFAULT NULL COMMENT '截止时间',
  `r_contacts` varchar(100) DEFAULT NULL COMMENT '联系人',
  `r_phone` varchar(50) DEFAULT NULL COMMENT '联系电话',
  PRIMARY KEY (`r_id`)
) ENGINE=InnoDB DEFAULT CHARSET=utf8mb3 COMMENT='乡村项目招标';

-- ----------------------------
-- Records of rural_bid
-- ----------------------------
BEGIN;
INSERT INTO `rural_bid` (`r_id`, `create_by`, `create_time`, `update_by`, `update_time`, `del_flag`, `r_tenderee`, `r_tender`, `r_bid_content`, `r_qrfb`, `r_bid_time`, `r_bid_addr`, `r_bid_price`, `r_end_time`, `r_contacts`, `r_phone`) VALUES (10001, 'admin', '2022-05-19 21:12:45', '', NULL, '0', '测试招标单位', '测试招标项目', '67777', '1', '2022-05-20 00:00:00', '9998', 1.33, '2022-05-21 00:00:00', '2', '13333');
INSERT INTO `rural_bid` (`r_id`, `create_by`, `create_time`, `update_by`, `update_time`, `del_flag`, `r_tenderee`, `r_tender`, `r_bid_content`, `r_qrfb`, `r_bid_time`, `r_bid_addr`, `r_bid_price`, `r_end_time`, `r_contacts`, `r_phone`) VALUES (10002, 'admin', '2022-05-19 21:15:31', '', '2022-05-19 13:39:32', '2', '测试招标单位1', '测试招标项目1', NULL, NULL, '2022-05-10 00:00:00', NULL, 9.33, '2022-05-09 00:00:00', NULL, NULL);
INSERT INTO `rural_bid` (`r_id`, `create_by`, `create_time`, `update_by`, `update_time`, `del_flag`, `r_tenderee`, `r_tender`, `r_bid_content`, `r_qrfb`, `r_bid_time`, `r_bid_addr`, `r_bid_price`, `r_end_time`, `r_contacts`, `r_phone`) VALUES (10003, 'admin', '2022-05-19 21:37:29', '', NULL, '0', '测试招标单位2', '测试招标项目2', '测试招标内容', '测试投标要求2', '2021-05-02 00:00:00', '测试招标地点', 999.00, '2023-05-11 00:00:00', '王五', '13123456789');
COMMIT;

-- ----------------------------
-- Table structure for rural_complaint
-- ----------------------------
DROP TABLE IF EXISTS `rural_complaint`;
CREATE TABLE `rural_complaint` (
  `r_id` bigint NOT NULL COMMENT '主键',
  `create_by` varchar(64) CHARACTER SET utf8 COLLATE utf8_general_ci DEFAULT '' COMMENT '创建者',
  `create_time` datetime DEFAULT NULL COMMENT '创建时间',
  `update_by` varchar(64) CHARACTER SET utf8 COLLATE utf8_general_ci DEFAULT '' COMMENT '更新者',
  `update_time` datetime DEFAULT NULL COMMENT '更新时间',
  `del_flag` char(1) CHARACTER SET utf8 COLLATE utf8_general_ci DEFAULT '0' COMMENT '删除标志（0代表存在 2代表删除）',
  `r_remark` varchar(255) DEFAULT NULL COMMENT '投诉内容',
  `r_status` char(1) DEFAULT NULL COMMENT '是否匿名(0不匿名 1匿名)',
  PRIMARY KEY (`r_id`)
) ENGINE=InnoDB DEFAULT CHARSET=utf8mb3 COMMENT='我要投诉';

-- ----------------------------
-- Records of rural_complaint
-- ----------------------------
BEGIN;
INSERT INTO `rural_complaint` (`r_id`, `create_by`, `create_time`, `update_by`, `update_time`, `del_flag`, `r_remark`, `r_status`) VALUES (10001, 'admin', '2022-05-19 14:27:39', '', NULL, '0', '王武家声音太大。', '0');
INSERT INTO `rural_complaint` (`r_id`, `create_by`, `create_time`, `update_by`, `update_time`, `del_flag`, `r_remark`, `r_status`) VALUES (10002, '匿名', '2022-05-19 14:28:09', 'admin', '2022-05-19 06:31:58', '2', '李四半夜打呼噜。', '1');
INSERT INTO `rural_complaint` (`r_id`, `create_by`, `create_time`, `update_by`, `update_time`, `del_flag`, `r_remark`, `r_status`) VALUES (10003, '匿名', '2022-05-19 14:32:19', '', NULL, '0', '你好呀，赵六的内人。', '1');
COMMIT;

-- ----------------------------
-- Table structure for rural_file
-- ----------------------------
DROP TABLE IF EXISTS `rural_file`;
CREATE TABLE `rural_file` (
  `id` bigint NOT NULL COMMENT '文件id',
  `del_flag` char(1) CHARACTER SET utf8 COLLATE utf8_general_ci DEFAULT '0' COMMENT '删除标志（0代表存在 2代表删除）',
  `create_by` varchar(64) CHARACTER SET utf8 COLLATE utf8_general_ci DEFAULT '' COMMENT '创建者',
  `create_time` datetime DEFAULT NULL COMMENT '创建时间',
  `update_by` varchar(64) CHARACTER SET utf8 COLLATE utf8_general_ci DEFAULT '' COMMENT '更新者',
  `update_time` datetime DEFAULT NULL COMMENT '更新时间',
  `file_name` varchar(255) CHARACTER SET utf8 COLLATE utf8_general_ci DEFAULT '' COMMENT '文件名称',
  `file_path` varchar(255) CHARACTER SET utf8 COLLATE utf8_general_ci DEFAULT '' COMMENT '文件路径',
  PRIMARY KEY (`id`)
) ENGINE=InnoDB DEFAULT CHARSET=utf8mb3 COMMENT='文件图片表';

-- ----------------------------
-- Records of rural_file
-- ----------------------------
BEGIN;
INSERT INTO `rural_file` (`id`, `del_flag`, `create_by`, `create_time`, `update_by`, `update_time`, `file_name`, `file_path`) VALUES (10006, '2', 'admin', '2022-05-08 22:04:33', 'admin', '2022-05-08 22:04:35', 'u=2529476510,3041785782&fm=193&f=GIF_20220508220433A001.jpg', '/profile/upload/2022/05/08/u=2529476510,3041785782&fm=193&f=GIF_20220508220433A001.jpg');
INSERT INTO `rural_file` (`id`, `del_flag`, `create_by`, `create_time`, `update_by`, `update_time`, `file_name`, `file_path`) VALUES (10007, '0', 'admin', '2022-05-08 22:17:19', '', NULL, '微信图片_20220323140740_20220508221719A002.jpg', '/profile/upload/2022/05/08/微信图片_20220323140740_20220508221719A002.jpg');
INSERT INTO `rural_file` (`id`, `del_flag`, `create_by`, `create_time`, `update_by`, `update_time`, `file_name`, `file_path`) VALUES (10008, '2', 'admin', '2022-05-08 22:18:07', 'admin', '2022-05-08 22:18:17', '微信图片_20220415081943_20220508221807A003.jpg', '/profile/upload/2022/05/08/微信图片_20220415081943_20220508221807A003.jpg');
INSERT INTO `rural_file` (`id`, `del_flag`, `create_by`, `create_time`, `update_by`, `update_time`, `file_name`, `file_path`) VALUES (10009, '2', 'admin', '2022-05-09 19:56:17', 'admin', '2022-05-09 19:56:46', 'u=2529476510,3041785782&fm=193&f=GIF_20220509195617A004.jpg', '/profile/upload/2022/05/09/u=2529476510,3041785782&fm=193&f=GIF_20220509195617A004.jpg');
INSERT INTO `rural_file` (`id`, `del_flag`, `create_by`, `create_time`, `update_by`, `update_time`, `file_name`, `file_path`) VALUES (10010, '0', 'admin', '2022-05-09 19:56:58', '', NULL, 'u=727460147,2222092211&fm=193&f=GIF_20220509195658A005.jpg', '/profile/upload/2022/05/09/u=727460147,2222092211&fm=193&f=GIF_20220509195658A005.jpg');
INSERT INTO `rural_file` (`id`, `del_flag`, `create_by`, `create_time`, `update_by`, `update_time`, `file_name`, `file_path`) VALUES (10011, '0', 'admin', '2022-05-09 20:34:57', '', NULL, 'u=1595072465,3644073269&fm=193&f=GIF_20220509203456A006.jpg', '/profile/upload/2022/05/09/u=1595072465,3644073269&fm=193&f=GIF_20220509203456A006.jpg');
INSERT INTO `rural_file` (`id`, `del_flag`, `create_by`, `create_time`, `update_by`, `update_time`, `file_name`, `file_path`) VALUES (10012, '2', 'admin', '2022-05-09 20:44:04', 'admin', '2022-05-09 21:26:01', 'u=727460147,2222092211&fm=193&f=GIF_20220509204404A007.jpg', '/profile/upload/2022/05/09/u=727460147,2222092211&fm=193&f=GIF_20220509204404A007.jpg');
INSERT INTO `rural_file` (`id`, `del_flag`, `create_by`, `create_time`, `update_by`, `update_time`, `file_name`, `file_path`) VALUES (10014, '2', 'admin', '2022-05-09 21:26:17', 'admin', '2022-05-09 21:36:34', 'u=727460147,2222092211&fm=193&f=GIF_20220509212615A001.jpg', '/profile/upload/2022/05/09/u=727460147,2222092211&fm=193&f=GIF_20220509212615A001.jpg');
INSERT INTO `rural_file` (`id`, `del_flag`, `create_by`, `create_time`, `update_by`, `update_time`, `file_name`, `file_path`) VALUES (10015, '2', 'admin', '2022-05-09 21:38:44', 'admin', '2022-05-09 21:39:06', 'u=2529476510,3041785782&fm=193&f=GIF_20220509213843A001.jpg', '/profile/upload/2022/05/09/u=2529476510,3041785782&fm=193&f=GIF_20220509213843A001.jpg');
INSERT INTO `rural_file` (`id`, `del_flag`, `create_by`, `create_time`, `update_by`, `update_time`, `file_name`, `file_path`) VALUES (10016, '2', 'admin', '2022-05-09 21:40:31', 'admin', '2022-05-09 21:40:38', 'u=727460147,2222092211&fm=193&f=GIF_20220509214030A002.jpg', '/profile/upload/2022/05/09/u=727460147,2222092211&fm=193&f=GIF_20220509214030A002.jpg');
INSERT INTO `rural_file` (`id`, `del_flag`, `create_by`, `create_time`, `update_by`, `update_time`, `file_name`, `file_path`) VALUES (10017, '2', 'admin', '2022-05-09 21:41:21', 'admin', '2022-05-09 21:42:31', 'u=1595072465,3644073269&fm=193&f=GIF_20220509214121A003.jpg', '/profile/upload/2022/05/09/u=1595072465,3644073269&fm=193&f=GIF_20220509214121A003.jpg');
INSERT INTO `rural_file` (`id`, `del_flag`, `create_by`, `create_time`, `update_by`, `update_time`, `file_name`, `file_path`) VALUES (10018, '2', 'admin', '2022-05-09 21:42:47', 'admin', '2022-05-09 21:42:59', 'u=2529476510,3041785782&fm=193&f=GIF_20220509214247A004.jpg', '/profile/upload/2022/05/09/u=2529476510,3041785782&fm=193&f=GIF_20220509214247A004.jpg');
INSERT INTO `rural_file` (`id`, `del_flag`, `create_by`, `create_time`, `update_by`, `update_time`, `file_name`, `file_path`) VALUES (10019, '0', 'admin', '2022-05-09 21:43:11', '', NULL, 'u=1595072465,3644073269&fm=193&f=GIF_20220509214310A005.jpg', '/profile/upload/2022/05/09/u=1595072465,3644073269&fm=193&f=GIF_20220509214310A005.jpg');
INSERT INTO `rural_file` (`id`, `del_flag`, `create_by`, `create_time`, `update_by`, `update_time`, `file_name`, `file_path`) VALUES (10021, '2', 'admin', '2022-05-09 22:35:59', 'admin', '2022-05-09 22:37:05', 'u=2529476510,3041785782&fm=193&f=GIF_20220509223559A001.jpg', '/profile/upload/2022/05/09/u=2529476510,3041785782&fm=193&f=GIF_20220509223559A001.jpg');
INSERT INTO `rural_file` (`id`, `del_flag`, `create_by`, `create_time`, `update_by`, `update_time`, `file_name`, `file_path`) VALUES (10022, '2', 'admin', '2022-05-09 22:37:37', 'admin', '2022-05-09 22:38:08', 'u=727460147,2222092211&fm=193&f=GIF_20220509223737A002.jpg', '/profile/upload/2022/05/09/u=727460147,2222092211&fm=193&f=GIF_20220509223737A002.jpg');
INSERT INTO `rural_file` (`id`, `del_flag`, `create_by`, `create_time`, `update_by`, `update_time`, `file_name`, `file_path`) VALUES (10023, '0', 'admin', '2022-05-09 22:40:35', '', NULL, 'u=2529476510,3041785782&fm=193&f=GIF_20220509224034A001.jpg', '/profile/upload/2022/05/09/u=2529476510,3041785782&fm=193&f=GIF_20220509224034A001.jpg');
INSERT INTO `rural_file` (`id`, `del_flag`, `create_by`, `create_time`, `update_by`, `update_time`, `file_name`, `file_path`) VALUES (10024, '0', 'admin', '2022-05-09 22:40:54', '', NULL, 'u=2529476510,3041785782&fm=193&f=GIF_20220509224054A002.jpg', '/profile/upload/2022/05/09/u=2529476510,3041785782&fm=193&f=GIF_20220509224054A002.jpg');
INSERT INTO `rural_file` (`id`, `del_flag`, `create_by`, `create_time`, `update_by`, `update_time`, `file_name`, `file_path`) VALUES (10025, '2', 'admin', '2022-05-09 22:41:54', 'admin', '2022-05-09 22:42:09', '微信图片_20220415081943_20220509224154A001.jpg', '/profile/upload/2022/05/09/微信图片_20220415081943_20220509224154A001.jpg');
INSERT INTO `rural_file` (`id`, `del_flag`, `create_by`, `create_time`, `update_by`, `update_time`, `file_name`, `file_path`) VALUES (10026, '0', 'admin', '2022-05-09 22:42:29', '', NULL, 'u=727460147,2222092211&fm=193&f=GIF_20220509224229A002.jpg', '/profile/upload/2022/05/09/u=727460147,2222092211&fm=193&f=GIF_20220509224229A002.jpg');
INSERT INTO `rural_file` (`id`, `del_flag`, `create_by`, `create_time`, `update_by`, `update_time`, `file_name`, `file_path`) VALUES (10027, '0', 'admin', '2022-05-09 22:47:40', '', NULL, '微信图片_20220330164838_20220509224740A003.png', '/profile/upload/2022/05/09/微信图片_20220330164838_20220509224740A003.png');
INSERT INTO `rural_file` (`id`, `del_flag`, `create_by`, `create_time`, `update_by`, `update_time`, `file_name`, `file_path`) VALUES (10028, '0', 'admin', '2022-05-10 21:48:39', '', NULL, '微信图片_20220415081943_20220510214839A001.jpg', '/profile/upload/2022/05/10/微信图片_20220415081943_20220510214839A001.jpg');
INSERT INTO `rural_file` (`id`, `del_flag`, `create_by`, `create_time`, `update_by`, `update_time`, `file_name`, `file_path`) VALUES (10030, '0', 'admin', '2022-05-10 21:49:13', '', NULL, 'u=2529476510,3041785782&fm=193&f=GIF_20220510214912A002.jpg', '/profile/upload/2022/05/10/u=2529476510,3041785782&fm=193&f=GIF_20220510214912A002.jpg');
INSERT INTO `rural_file` (`id`, `del_flag`, `create_by`, `create_time`, `update_by`, `update_time`, `file_name`, `file_path`) VALUES (10032, '0', 'admin', '2022-05-11 22:03:28', '', NULL, 'u=2529476510,3041785782&fm=193&f=GIF_20220511220327A001.jpg', '/profile/upload/2022/05/11/u=2529476510,3041785782&fm=193&f=GIF_20220511220327A001.jpg');
INSERT INTO `rural_file` (`id`, `del_flag`, `create_by`, `create_time`, `update_by`, `update_time`, `file_name`, `file_path`) VALUES (10033, '0', 'admin', '2022-05-11 22:05:32', '', NULL, 'u=1595072465,3644073269&fm=193&f=GIF_20220511220532A002.jpg', '/profile/upload/2022/05/11/u=1595072465,3644073269&fm=193&f=GIF_20220511220532A002.jpg');
INSERT INTO `rural_file` (`id`, `del_flag`, `create_by`, `create_time`, `update_by`, `update_time`, `file_name`, `file_path`) VALUES (10034, '0', 'admin', '2022-05-11 22:11:32', '', NULL, '微信图片_20220415081943_20220511221132A001.jpg', '/profile/upload/2022/05/11/微信图片_20220415081943_20220511221132A001.jpg');
COMMIT;

-- ----------------------------
-- Table structure for rural_landscape
-- ----------------------------
DROP TABLE IF EXISTS `rural_landscape`;
CREATE TABLE `rural_landscape` (
  `r_id` bigint NOT NULL COMMENT '主键',
  `create_by` varchar(64) CHARACTER SET utf8 COLLATE utf8_general_ci DEFAULT '' COMMENT '创建者',
  `create_time` datetime DEFAULT NULL COMMENT '创建时间',
  `update_by` varchar(64) CHARACTER SET utf8 COLLATE utf8_general_ci DEFAULT '' COMMENT '更新者',
  `update_time` datetime DEFAULT NULL COMMENT '更新时间',
  `del_flag` char(1) CHARACTER SET utf8 COLLATE utf8_general_ci DEFAULT '0' COMMENT '删除标志（0代表存在 2代表删除）',
  `r_remark` varchar(500) CHARACTER SET utf8 COLLATE utf8_general_ci DEFAULT NULL COMMENT '备注',
  `r_title` varchar(255) DEFAULT NULL COMMENT '标题',
  `file_id` bigint DEFAULT NULL COMMENT '文件id',
  PRIMARY KEY (`r_id`)
) ENGINE=InnoDB DEFAULT CHARSET=utf8mb3 COMMENT='乡村景观';

-- ----------------------------
-- Records of rural_landscape
-- ----------------------------
BEGIN;
INSERT INTO `rural_landscape` (`r_id`, `create_by`, `create_time`, `update_by`, `update_time`, `del_flag`, `r_remark`, `r_title`, `file_id`) VALUES (10001, 'admin', '2022-05-11 22:03:29', '', NULL, '0', NULL, '厕所上所所所所', 10032);
INSERT INTO `rural_landscape` (`r_id`, `create_by`, `create_time`, `update_by`, `update_time`, `del_flag`, `r_remark`, `r_title`, `file_id`) VALUES (10002, 'admin', '2022-05-11 22:05:34', '', NULL, '0', NULL, '5555', 10033);
INSERT INTO `rural_landscape` (`r_id`, `create_by`, `create_time`, `update_by`, `update_time`, `del_flag`, `r_remark`, `r_title`, `file_id`) VALUES (10003, 'admin', '2022-05-11 22:08:50', '', NULL, '2', NULL, '哒哒哒哒哒哒多多多多多多多多多多多多多多多多多多', NULL);
INSERT INTO `rural_landscape` (`r_id`, `create_by`, `create_time`, `update_by`, `update_time`, `del_flag`, `r_remark`, `r_title`, `file_id`) VALUES (10004, 'admin', '2022-05-11 22:11:17', '', NULL, '0', NULL, '美丽', NULL);
INSERT INTO `rural_landscape` (`r_id`, `create_by`, `create_time`, `update_by`, `update_time`, `del_flag`, `r_remark`, `r_title`, `file_id`) VALUES (10005, 'admin', '2022-05-11 22:11:24', '', NULL, '2', NULL, '你好', NULL);
INSERT INTO `rural_landscape` (`r_id`, `create_by`, `create_time`, `update_by`, `update_time`, `del_flag`, `r_remark`, `r_title`, `file_id`) VALUES (10006, 'admin', '2022-05-11 22:11:43', '', NULL, '0', NULL, '这是一张非常美丽的张票', 10034);
COMMIT;

-- ----------------------------
-- Table structure for rural_people_info
-- ----------------------------
DROP TABLE IF EXISTS `rural_people_info`;
CREATE TABLE `rural_people_info` (
  `r_id` bigint NOT NULL COMMENT '主键',
  `create_by` varchar(64) CHARACTER SET utf8 COLLATE utf8_general_ci DEFAULT '' COMMENT '创建者',
  `create_time` datetime DEFAULT NULL COMMENT '创建时间',
  `update_by` varchar(64) CHARACTER SET utf8 COLLATE utf8_general_ci DEFAULT '' COMMENT '更新者',
  `update_time` datetime DEFAULT NULL COMMENT '更新时间',
  `del_flag` char(1) CHARACTER SET utf8 COLLATE utf8_general_ci DEFAULT '0' COMMENT '删除标志（0代表存在 2代表删除）',
  `r_name` varchar(100) DEFAULT NULL COMMENT '姓名',
  `r_sex` char(1) CHARACTER SET utf8 COLLATE utf8_general_ci DEFAULT NULL COMMENT '性别（0男 1女）',
  `r_age` int DEFAULT NULL COMMENT '年龄',
  `r_phone` varchar(50) DEFAULT NULL COMMENT '电话号码',
  `r_addr` varchar(255) DEFAULT NULL COMMENT '地址',
  PRIMARY KEY (`r_id`)
) ENGINE=InnoDB DEFAULT CHARSET=utf8mb3 COMMENT='人口信息';

-- ----------------------------
-- Records of rural_people_info
-- ----------------------------
BEGIN;
INSERT INTO `rural_people_info` (`r_id`, `create_by`, `create_time`, `update_by`, `update_time`, `del_flag`, `r_name`, `r_sex`, `r_age`, `r_phone`, `r_addr`) VALUES (10001, 'admin', '2022-05-12 20:08:58', 'admin', '2022-05-12 20:15:03', '0', '张三', '1', 23, '13123456789', '辽宁省沈阳市沈抚新区保利紫云2-5-3');
INSERT INTO `rural_people_info` (`r_id`, `create_by`, `create_time`, `update_by`, `update_time`, `del_flag`, `r_name`, `r_sex`, `r_age`, `r_phone`, `r_addr`) VALUES (10002, 'admin', '2022-05-12 20:09:51', 'admin', '2022-05-12 23:24:58', '0', '王五', '0', 99, '13123456734', '辽宁省沈阳市沈北新区碧桂园太阳城2-9-2');
INSERT INTO `rural_people_info` (`r_id`, `create_by`, `create_time`, `update_by`, `update_time`, `del_flag`, `r_name`, `r_sex`, `r_age`, `r_phone`, `r_addr`) VALUES (10003, 'admin', '2022-05-12 20:10:16', '', '2022-05-12 20:15:03', '0', '赵六', '0', 42, '13999999999', NULL);
INSERT INTO `rural_people_info` (`r_id`, `create_by`, `create_time`, `update_by`, `update_time`, `del_flag`, `r_name`, `r_sex`, `r_age`, `r_phone`, `r_addr`) VALUES (10004, 'admin', '2022-05-12 20:10:45', 'admin', '2022-05-12 20:15:03', '0', '李四', '1', 17, '188888888888', '');
INSERT INTO `rural_people_info` (`r_id`, `create_by`, `create_time`, `update_by`, `update_time`, `del_flag`, `r_name`, `r_sex`, `r_age`, `r_phone`, `r_addr`) VALUES (10005, 'admin', '2022-05-12 23:01:20', '', NULL, '0', '毕福剑', '0', 15, '1981111111111', NULL);
COMMIT;

-- ----------------------------
-- Table structure for rural_proposal
-- ----------------------------
DROP TABLE IF EXISTS `rural_proposal`;
CREATE TABLE `rural_proposal` (
  `r_id` bigint NOT NULL COMMENT '主键',
  `create_by` varchar(64) CHARACTER SET utf8 COLLATE utf8_general_ci DEFAULT '' COMMENT '创建者',
  `create_time` datetime DEFAULT NULL COMMENT '创建时间',
  `update_by` varchar(64) CHARACTER SET utf8 COLLATE utf8_general_ci DEFAULT '' COMMENT '更新者',
  `update_time` datetime DEFAULT NULL COMMENT '更新时间',
  `del_flag` char(1) CHARACTER SET utf8 COLLATE utf8_general_ci DEFAULT '0' COMMENT '删除标志（0代表存在 2代表删除）',
  `r_remark` varchar(500) DEFAULT NULL COMMENT '建议内容',
  PRIMARY KEY (`r_id`)
) ENGINE=InnoDB DEFAULT CHARSET=utf8mb3 COMMENT='我有建议';

-- ----------------------------
-- Records of rural_proposal
-- ----------------------------
BEGIN;
INSERT INTO `rural_proposal` (`r_id`, `create_by`, `create_time`, `update_by`, `update_time`, `del_flag`, `r_remark`) VALUES (10001, 'admin', '2022-05-19 11:53:49', '', '2022-05-19 11:57:26', '0', '这是一条建议，');
INSERT INTO `rural_proposal` (`r_id`, `create_by`, `create_time`, `update_by`, `update_time`, `del_flag`, `r_remark`) VALUES (10002, 'admin', '2022-05-19 11:57:41', '', '2022-05-19 11:57:48', '2', '建议修理马路。');
COMMIT;

-- ----------------------------
-- Table structure for rural_specialty
-- ----------------------------
DROP TABLE IF EXISTS `rural_specialty`;
CREATE TABLE `rural_specialty` (
  `r_id` bigint NOT NULL COMMENT '主键',
  `create_by` varchar(64) CHARACTER SET utf8 COLLATE utf8_general_ci DEFAULT '' COMMENT '创建者',
  `create_time` datetime DEFAULT NULL COMMENT '创建时间',
  `update_by` varchar(64) CHARACTER SET utf8 COLLATE utf8_general_ci DEFAULT '' COMMENT '更新者',
  `update_time` datetime DEFAULT NULL COMMENT '更新时间',
  `del_flag` char(1) CHARACTER SET utf8 COLLATE utf8_general_ci DEFAULT '0' COMMENT '删除标志（0代表存在 2代表删除）',
  `r_status` char(1) CHARACTER SET utf8 COLLATE utf8_general_ci DEFAULT '0' COMMENT '购买状态（0未出售 1已出售）',
  `r_price` decimal(10,2) DEFAULT NULL COMMENT '价格',
  `r_introduce` varchar(255) DEFAULT NULL COMMENT '介绍',
  `file_id` bigint DEFAULT NULL COMMENT '文件id',
  `r_name` varchar(255) DEFAULT NULL COMMENT '名称',
  PRIMARY KEY (`r_id`)
) ENGINE=InnoDB DEFAULT CHARSET=utf8mb3 COMMENT='乡村特产';

-- ----------------------------
-- Records of rural_specialty
-- ----------------------------
BEGIN;
INSERT INTO `rural_specialty` (`r_id`, `create_by`, `create_time`, `update_by`, `update_time`, `del_flag`, `r_status`, `r_price`, `r_introduce`, `file_id`, `r_name`) VALUES (10029, 'admin', '2022-05-10 21:48:41', '', NULL, '0', '0', 33.00, '山蘑菇山蘑菇山蘑菇山蘑菇山蘑菇山蘑菇山蘑菇山蘑菇山蘑菇山蘑菇山蘑菇山蘑菇山蘑菇山蘑菇山蘑菇山蘑菇山蘑菇山蘑菇山蘑菇山蘑菇山蘑菇山蘑菇', 10028, '山蘑菇');
INSERT INTO `rural_specialty` (`r_id`, `create_by`, `create_time`, `update_by`, `update_time`, `del_flag`, `r_status`, `r_price`, `r_introduce`, `file_id`, `r_name`) VALUES (10031, 'admin', '2022-05-10 21:49:15', '', '2022-05-10 21:49:42', '0', '1', 1.33, '野山菜野山菜野山菜野山菜野山菜野山菜野山菜野山菜野山菜野山菜野山菜野山菜野山菜野山菜野山菜野山菜野山菜野山菜野山菜', 10030, '野山菜');
COMMIT;

-- ----------------------------
-- Table structure for rural_vote
-- ----------------------------
DROP TABLE IF EXISTS `rural_vote`;
CREATE TABLE `rural_vote` (
  `r_id` bigint NOT NULL COMMENT '主键',
  `create_by` varchar(64) CHARACTER SET utf8 COLLATE utf8_general_ci DEFAULT '' COMMENT '创建者',
  `create_time` datetime DEFAULT NULL COMMENT '创建时间',
  `update_by` varchar(64) CHARACTER SET utf8 COLLATE utf8_general_ci DEFAULT '' COMMENT '更新者',
  `update_time` datetime DEFAULT NULL COMMENT '更新时间',
  `del_flag` char(1) CHARACTER SET utf8 COLLATE utf8_general_ci DEFAULT '0' COMMENT '删除标志（0代表存在 2代表删除）',
  `r_num` int DEFAULT '1' COMMENT '人数',
  `r_remark` varchar(255) DEFAULT NULL COMMENT '发布投票内容',
  `r_title` varchar(100) DEFAULT NULL COMMENT '发布投票标题',
  `r_personnel` varchar(255) DEFAULT NULL COMMENT '投票人员',
  PRIMARY KEY (`r_id`)
) ENGINE=InnoDB DEFAULT CHARSET=utf8mb3 COMMENT='我要投票';

-- ----------------------------
-- Records of rural_vote
-- ----------------------------
BEGIN;
INSERT INTO `rural_vote` (`r_id`, `create_by`, `create_time`, `update_by`, `update_time`, `del_flag`, `r_num`, `r_remark`, `r_title`, `r_personnel`) VALUES (10001, 'admin', '2022-05-19 15:17:54', 'ry', '2022-05-19 16:25:46', '0', 3, '选举李四为村长。', '村长1', 'admin,ry');
COMMIT;

-- ----------------------------
-- Table structure for sys_config
-- ----------------------------
DROP TABLE IF EXISTS `sys_config`;
CREATE TABLE `sys_config` (
  `config_id` int NOT NULL AUTO_INCREMENT COMMENT '参数主键',
  `config_name` varchar(100) DEFAULT '' COMMENT '参数名称',
  `config_key` varchar(100) DEFAULT '' COMMENT '参数键名',
  `config_value` varchar(500) DEFAULT '' COMMENT '参数键值',
  `config_type` char(1) DEFAULT 'N' COMMENT '系统内置（Y是 N否）',
  `create_by` varchar(64) DEFAULT '' COMMENT '创建者',
  `create_time` datetime DEFAULT NULL COMMENT '创建时间',
  `update_by` varchar(64) DEFAULT '' COMMENT '更新者',
  `update_time` datetime DEFAULT NULL COMMENT '更新时间',
  `remark` varchar(500) DEFAULT NULL COMMENT '备注',
  PRIMARY KEY (`config_id`)
) ENGINE=InnoDB AUTO_INCREMENT=100 DEFAULT CHARSET=utf8mb3 COMMENT='参数配置表';

-- ----------------------------
-- Records of sys_config
-- ----------------------------
BEGIN;
INSERT INTO `sys_config` (`config_id`, `config_name`, `config_key`, `config_value`, `config_type`, `create_by`, `create_time`, `update_by`, `update_time`, `remark`) VALUES (1, '主框架页-默认皮肤样式名称', 'sys.index.skinName', 'skin-blue', 'Y', 'admin', '2022-05-06 22:03:56', 'admin', '2022-05-07 17:53:25', '蓝色 skin-blue、绿色 skin-green、紫色 skin-purple、红色 skin-red、黄色 skin-yellow');
INSERT INTO `sys_config` (`config_id`, `config_name`, `config_key`, `config_value`, `config_type`, `create_by`, `create_time`, `update_by`, `update_time`, `remark`) VALUES (2, '用户管理-账号初始密码', 'sys.user.initPassword', '123456', 'Y', 'admin', '2022-05-06 22:03:56', '', NULL, '初始化密码 123456');
INSERT INTO `sys_config` (`config_id`, `config_name`, `config_key`, `config_value`, `config_type`, `create_by`, `create_time`, `update_by`, `update_time`, `remark`) VALUES (3, '主框架页-侧边栏主题', 'sys.index.sideTheme', 'theme-dark', 'Y', 'admin', '2022-05-06 22:03:56', '', NULL, '深色主题theme-dark，浅色主题theme-light');
INSERT INTO `sys_config` (`config_id`, `config_name`, `config_key`, `config_value`, `config_type`, `create_by`, `create_time`, `update_by`, `update_time`, `remark`) VALUES (4, '账号自助-验证码开关', 'sys.account.captchaOnOff', 'true', 'Y', 'admin', '2022-05-06 22:03:56', '', NULL, '是否开启验证码功能（true开启，false关闭）');
INSERT INTO `sys_config` (`config_id`, `config_name`, `config_key`, `config_value`, `config_type`, `create_by`, `create_time`, `update_by`, `update_time`, `remark`) VALUES (5, '账号自助-是否开启用户注册功能', 'sys.account.registerUser', 'false', 'Y', 'admin', '2022-05-06 22:03:56', '', NULL, '是否开启注册用户功能（true开启，false关闭）');
COMMIT;

-- ----------------------------
-- Table structure for sys_dept
-- ----------------------------
DROP TABLE IF EXISTS `sys_dept`;
CREATE TABLE `sys_dept` (
  `dept_id` bigint NOT NULL AUTO_INCREMENT COMMENT '部门id',
  `parent_id` bigint DEFAULT '0' COMMENT '父部门id',
  `ancestors` varchar(50) DEFAULT '' COMMENT '祖级列表',
  `dept_name` varchar(30) DEFAULT '' COMMENT '部门名称',
  `order_num` int DEFAULT '0' COMMENT '显示顺序',
  `leader` varchar(20) DEFAULT NULL COMMENT '负责人',
  `phone` varchar(11) DEFAULT NULL COMMENT '联系电话',
  `email` varchar(50) DEFAULT NULL COMMENT '邮箱',
  `status` char(1) DEFAULT '0' COMMENT '部门状态（0正常 1停用）',
  `del_flag` char(1) DEFAULT '0' COMMENT '删除标志（0代表存在 2代表删除）',
  `create_by` varchar(64) DEFAULT '' COMMENT '创建者',
  `create_time` datetime DEFAULT NULL COMMENT '创建时间',
  `update_by` varchar(64) DEFAULT '' COMMENT '更新者',
  `update_time` datetime DEFAULT NULL COMMENT '更新时间',
  PRIMARY KEY (`dept_id`)
) ENGINE=InnoDB AUTO_INCREMENT=200 DEFAULT CHARSET=utf8mb3 COMMENT='部门表';

-- ----------------------------
-- Records of sys_dept
-- ----------------------------
BEGIN;
INSERT INTO `sys_dept` (`dept_id`, `parent_id`, `ancestors`, `dept_name`, `order_num`, `leader`, `phone`, `email`, `status`, `del_flag`, `create_by`, `create_time`, `update_by`, `update_time`) VALUES (100, 0, '0', '若依科技', 0, '若依', '15888888888', 'ry@qq.com', '0', '0', 'admin', '2022-05-06 22:03:56', '', NULL);
INSERT INTO `sys_dept` (`dept_id`, `parent_id`, `ancestors`, `dept_name`, `order_num`, `leader`, `phone`, `email`, `status`, `del_flag`, `create_by`, `create_time`, `update_by`, `update_time`) VALUES (101, 100, '0,100', '深圳总公司', 1, '若依', '15888888888', 'ry@qq.com', '0', '0', 'admin', '2022-05-06 22:03:56', '', NULL);
INSERT INTO `sys_dept` (`dept_id`, `parent_id`, `ancestors`, `dept_name`, `order_num`, `leader`, `phone`, `email`, `status`, `del_flag`, `create_by`, `create_time`, `update_by`, `update_time`) VALUES (102, 100, '0,100', '长沙分公司', 2, '若依', '15888888888', 'ry@qq.com', '0', '0', 'admin', '2022-05-06 22:03:56', '', NULL);
INSERT INTO `sys_dept` (`dept_id`, `parent_id`, `ancestors`, `dept_name`, `order_num`, `leader`, `phone`, `email`, `status`, `del_flag`, `create_by`, `create_time`, `update_by`, `update_time`) VALUES (103, 101, '0,100,101', '研发部门', 1, '若依', '15888888888', 'ry@qq.com', '0', '0', 'admin', '2022-05-06 22:03:56', '', NULL);
INSERT INTO `sys_dept` (`dept_id`, `parent_id`, `ancestors`, `dept_name`, `order_num`, `leader`, `phone`, `email`, `status`, `del_flag`, `create_by`, `create_time`, `update_by`, `update_time`) VALUES (104, 101, '0,100,101', '市场部门', 2, '若依', '15888888888', 'ry@qq.com', '0', '0', 'admin', '2022-05-06 22:03:56', '', NULL);
INSERT INTO `sys_dept` (`dept_id`, `parent_id`, `ancestors`, `dept_name`, `order_num`, `leader`, `phone`, `email`, `status`, `del_flag`, `create_by`, `create_time`, `update_by`, `update_time`) VALUES (105, 101, '0,100,101', '测试部门', 3, '若依', '15888888888', 'ry@qq.com', '0', '0', 'admin', '2022-05-06 22:03:56', '', NULL);
INSERT INTO `sys_dept` (`dept_id`, `parent_id`, `ancestors`, `dept_name`, `order_num`, `leader`, `phone`, `email`, `status`, `del_flag`, `create_by`, `create_time`, `update_by`, `update_time`) VALUES (106, 101, '0,100,101', '财务部门', 4, '若依', '15888888888', 'ry@qq.com', '0', '0', 'admin', '2022-05-06 22:03:56', '', NULL);
INSERT INTO `sys_dept` (`dept_id`, `parent_id`, `ancestors`, `dept_name`, `order_num`, `leader`, `phone`, `email`, `status`, `del_flag`, `create_by`, `create_time`, `update_by`, `update_time`) VALUES (107, 101, '0,100,101', '运维部门', 5, '若依', '15888888888', 'ry@qq.com', '0', '0', 'admin', '2022-05-06 22:03:56', '', NULL);
INSERT INTO `sys_dept` (`dept_id`, `parent_id`, `ancestors`, `dept_name`, `order_num`, `leader`, `phone`, `email`, `status`, `del_flag`, `create_by`, `create_time`, `update_by`, `update_time`) VALUES (108, 102, '0,100,102', '市场部门', 1, '若依', '15888888888', 'ry@qq.com', '0', '0', 'admin', '2022-05-06 22:03:56', '', NULL);
INSERT INTO `sys_dept` (`dept_id`, `parent_id`, `ancestors`, `dept_name`, `order_num`, `leader`, `phone`, `email`, `status`, `del_flag`, `create_by`, `create_time`, `update_by`, `update_time`) VALUES (109, 102, '0,100,102', '财务部门', 2, '若依', '15888888888', 'ry@qq.com', '0', '0', 'admin', '2022-05-06 22:03:56', '', NULL);
COMMIT;

-- ----------------------------
-- Table structure for sys_dict_data
-- ----------------------------
DROP TABLE IF EXISTS `sys_dict_data`;
CREATE TABLE `sys_dict_data` (
  `dict_code` bigint NOT NULL AUTO_INCREMENT COMMENT '字典编码',
  `dict_sort` int DEFAULT '0' COMMENT '字典排序',
  `dict_label` varchar(100) DEFAULT '' COMMENT '字典标签',
  `dict_value` varchar(100) DEFAULT '' COMMENT '字典键值',
  `dict_type` varchar(100) DEFAULT '' COMMENT '字典类型',
  `css_class` varchar(100) DEFAULT NULL COMMENT '样式属性（其他样式扩展）',
  `list_class` varchar(100) DEFAULT NULL COMMENT '表格回显样式',
  `is_default` char(1) DEFAULT 'N' COMMENT '是否默认（Y是 N否）',
  `status` char(1) DEFAULT '0' COMMENT '状态（0正常 1停用）',
  `create_by` varchar(64) DEFAULT '' COMMENT '创建者',
  `create_time` datetime DEFAULT NULL COMMENT '创建时间',
  `update_by` varchar(64) DEFAULT '' COMMENT '更新者',
  `update_time` datetime DEFAULT NULL COMMENT '更新时间',
  `remark` varchar(500) DEFAULT NULL COMMENT '备注',
  PRIMARY KEY (`dict_code`)
) ENGINE=InnoDB AUTO_INCREMENT=109 DEFAULT CHARSET=utf8mb3 COMMENT='字典数据表';

-- ----------------------------
-- Records of sys_dict_data
-- ----------------------------
BEGIN;
INSERT INTO `sys_dict_data` (`dict_code`, `dict_sort`, `dict_label`, `dict_value`, `dict_type`, `css_class`, `list_class`, `is_default`, `status`, `create_by`, `create_time`, `update_by`, `update_time`, `remark`) VALUES (1, 1, '男', '0', 'sys_user_sex', '', '', 'Y', '0', 'admin', '2022-05-06 22:03:56', '', NULL, '性别男');
INSERT INTO `sys_dict_data` (`dict_code`, `dict_sort`, `dict_label`, `dict_value`, `dict_type`, `css_class`, `list_class`, `is_default`, `status`, `create_by`, `create_time`, `update_by`, `update_time`, `remark`) VALUES (2, 2, '女', '1', 'sys_user_sex', '', '', 'N', '0', 'admin', '2022-05-06 22:03:56', '', NULL, '性别女');
INSERT INTO `sys_dict_data` (`dict_code`, `dict_sort`, `dict_label`, `dict_value`, `dict_type`, `css_class`, `list_class`, `is_default`, `status`, `create_by`, `create_time`, `update_by`, `update_time`, `remark`) VALUES (3, 3, '未知', '2', 'sys_user_sex', '', '', 'N', '1', 'admin', '2022-05-06 22:03:56', 'admin', '2022-05-12 16:42:52', '性别未知');
INSERT INTO `sys_dict_data` (`dict_code`, `dict_sort`, `dict_label`, `dict_value`, `dict_type`, `css_class`, `list_class`, `is_default`, `status`, `create_by`, `create_time`, `update_by`, `update_time`, `remark`) VALUES (4, 1, '显示', '0', 'sys_show_hide', '', 'primary', 'Y', '0', 'admin', '2022-05-06 22:03:56', '', NULL, '显示菜单');
INSERT INTO `sys_dict_data` (`dict_code`, `dict_sort`, `dict_label`, `dict_value`, `dict_type`, `css_class`, `list_class`, `is_default`, `status`, `create_by`, `create_time`, `update_by`, `update_time`, `remark`) VALUES (5, 2, '隐藏', '1', 'sys_show_hide', '', 'danger', 'N', '0', 'admin', '2022-05-06 22:03:56', '', NULL, '隐藏菜单');
INSERT INTO `sys_dict_data` (`dict_code`, `dict_sort`, `dict_label`, `dict_value`, `dict_type`, `css_class`, `list_class`, `is_default`, `status`, `create_by`, `create_time`, `update_by`, `update_time`, `remark`) VALUES (6, 1, '正常', '0', 'sys_normal_disable', '', 'primary', 'Y', '0', 'admin', '2022-05-06 22:03:56', '', NULL, '正常状态');
INSERT INTO `sys_dict_data` (`dict_code`, `dict_sort`, `dict_label`, `dict_value`, `dict_type`, `css_class`, `list_class`, `is_default`, `status`, `create_by`, `create_time`, `update_by`, `update_time`, `remark`) VALUES (7, 2, '停用', '1', 'sys_normal_disable', '', 'danger', 'N', '0', 'admin', '2022-05-06 22:03:56', '', NULL, '停用状态');
INSERT INTO `sys_dict_data` (`dict_code`, `dict_sort`, `dict_label`, `dict_value`, `dict_type`, `css_class`, `list_class`, `is_default`, `status`, `create_by`, `create_time`, `update_by`, `update_time`, `remark`) VALUES (8, 1, '正常', '0', 'sys_job_status', '', 'primary', 'Y', '0', 'admin', '2022-05-06 22:03:56', '', NULL, '正常状态');
INSERT INTO `sys_dict_data` (`dict_code`, `dict_sort`, `dict_label`, `dict_value`, `dict_type`, `css_class`, `list_class`, `is_default`, `status`, `create_by`, `create_time`, `update_by`, `update_time`, `remark`) VALUES (9, 2, '暂停', '1', 'sys_job_status', '', 'danger', 'N', '0', 'admin', '2022-05-06 22:03:56', '', NULL, '停用状态');
INSERT INTO `sys_dict_data` (`dict_code`, `dict_sort`, `dict_label`, `dict_value`, `dict_type`, `css_class`, `list_class`, `is_default`, `status`, `create_by`, `create_time`, `update_by`, `update_time`, `remark`) VALUES (10, 1, '默认', 'DEFAULT', 'sys_job_group', '', '', 'Y', '0', 'admin', '2022-05-06 22:03:56', '', NULL, '默认分组');
INSERT INTO `sys_dict_data` (`dict_code`, `dict_sort`, `dict_label`, `dict_value`, `dict_type`, `css_class`, `list_class`, `is_default`, `status`, `create_by`, `create_time`, `update_by`, `update_time`, `remark`) VALUES (11, 2, '系统', 'SYSTEM', 'sys_job_group', '', '', 'N', '0', 'admin', '2022-05-06 22:03:56', '', NULL, '系统分组');
INSERT INTO `sys_dict_data` (`dict_code`, `dict_sort`, `dict_label`, `dict_value`, `dict_type`, `css_class`, `list_class`, `is_default`, `status`, `create_by`, `create_time`, `update_by`, `update_time`, `remark`) VALUES (12, 1, '是', 'Y', 'sys_yes_no', '', 'primary', 'Y', '0', 'admin', '2022-05-06 22:03:56', '', NULL, '系统默认是');
INSERT INTO `sys_dict_data` (`dict_code`, `dict_sort`, `dict_label`, `dict_value`, `dict_type`, `css_class`, `list_class`, `is_default`, `status`, `create_by`, `create_time`, `update_by`, `update_time`, `remark`) VALUES (13, 2, '否', 'N', 'sys_yes_no', '', 'danger', 'N', '0', 'admin', '2022-05-06 22:03:56', '', NULL, '系统默认否');
INSERT INTO `sys_dict_data` (`dict_code`, `dict_sort`, `dict_label`, `dict_value`, `dict_type`, `css_class`, `list_class`, `is_default`, `status`, `create_by`, `create_time`, `update_by`, `update_time`, `remark`) VALUES (14, 1, '通知', '1', 'sys_notice_type', '', 'warning', 'Y', '0', 'admin', '2022-05-06 22:03:56', '', NULL, '通知');
INSERT INTO `sys_dict_data` (`dict_code`, `dict_sort`, `dict_label`, `dict_value`, `dict_type`, `css_class`, `list_class`, `is_default`, `status`, `create_by`, `create_time`, `update_by`, `update_time`, `remark`) VALUES (15, 2, '公告', '2', 'sys_notice_type', '', 'success', 'N', '0', 'admin', '2022-05-06 22:03:56', '', NULL, '公告');
INSERT INTO `sys_dict_data` (`dict_code`, `dict_sort`, `dict_label`, `dict_value`, `dict_type`, `css_class`, `list_class`, `is_default`, `status`, `create_by`, `create_time`, `update_by`, `update_time`, `remark`) VALUES (16, 1, '正常', '0', 'sys_notice_status', '', 'primary', 'Y', '0', 'admin', '2022-05-06 22:03:56', '', NULL, '正常状态');
INSERT INTO `sys_dict_data` (`dict_code`, `dict_sort`, `dict_label`, `dict_value`, `dict_type`, `css_class`, `list_class`, `is_default`, `status`, `create_by`, `create_time`, `update_by`, `update_time`, `remark`) VALUES (17, 2, '关闭', '1', 'sys_notice_status', '', 'danger', 'N', '0', 'admin', '2022-05-06 22:03:56', '', NULL, '关闭状态');
INSERT INTO `sys_dict_data` (`dict_code`, `dict_sort`, `dict_label`, `dict_value`, `dict_type`, `css_class`, `list_class`, `is_default`, `status`, `create_by`, `create_time`, `update_by`, `update_time`, `remark`) VALUES (18, 1, '新增', '1', 'sys_oper_type', '', 'info', 'N', '0', 'admin', '2022-05-06 22:03:56', '', NULL, '新增操作');
INSERT INTO `sys_dict_data` (`dict_code`, `dict_sort`, `dict_label`, `dict_value`, `dict_type`, `css_class`, `list_class`, `is_default`, `status`, `create_by`, `create_time`, `update_by`, `update_time`, `remark`) VALUES (19, 2, '修改', '2', 'sys_oper_type', '', 'info', 'N', '0', 'admin', '2022-05-06 22:03:56', '', NULL, '修改操作');
INSERT INTO `sys_dict_data` (`dict_code`, `dict_sort`, `dict_label`, `dict_value`, `dict_type`, `css_class`, `list_class`, `is_default`, `status`, `create_by`, `create_time`, `update_by`, `update_time`, `remark`) VALUES (20, 3, '删除', '3', 'sys_oper_type', '', 'danger', 'N', '0', 'admin', '2022-05-06 22:03:56', '', NULL, '删除操作');
INSERT INTO `sys_dict_data` (`dict_code`, `dict_sort`, `dict_label`, `dict_value`, `dict_type`, `css_class`, `list_class`, `is_default`, `status`, `create_by`, `create_time`, `update_by`, `update_time`, `remark`) VALUES (21, 4, '授权', '4', 'sys_oper_type', '', 'primary', 'N', '0', 'admin', '2022-05-06 22:03:56', '', NULL, '授权操作');
INSERT INTO `sys_dict_data` (`dict_code`, `dict_sort`, `dict_label`, `dict_value`, `dict_type`, `css_class`, `list_class`, `is_default`, `status`, `create_by`, `create_time`, `update_by`, `update_time`, `remark`) VALUES (22, 5, '导出', '5', 'sys_oper_type', '', 'warning', 'N', '0', 'admin', '2022-05-06 22:03:56', '', NULL, '导出操作');
INSERT INTO `sys_dict_data` (`dict_code`, `dict_sort`, `dict_label`, `dict_value`, `dict_type`, `css_class`, `list_class`, `is_default`, `status`, `create_by`, `create_time`, `update_by`, `update_time`, `remark`) VALUES (23, 6, '导入', '6', 'sys_oper_type', '', 'warning', 'N', '0', 'admin', '2022-05-06 22:03:56', '', NULL, '导入操作');
INSERT INTO `sys_dict_data` (`dict_code`, `dict_sort`, `dict_label`, `dict_value`, `dict_type`, `css_class`, `list_class`, `is_default`, `status`, `create_by`, `create_time`, `update_by`, `update_time`, `remark`) VALUES (24, 7, '强退', '7', 'sys_oper_type', '', 'danger', 'N', '0', 'admin', '2022-05-06 22:03:56', '', NULL, '强退操作');
INSERT INTO `sys_dict_data` (`dict_code`, `dict_sort`, `dict_label`, `dict_value`, `dict_type`, `css_class`, `list_class`, `is_default`, `status`, `create_by`, `create_time`, `update_by`, `update_time`, `remark`) VALUES (25, 8, '生成代码', '8', 'sys_oper_type', '', 'warning', 'N', '0', 'admin', '2022-05-06 22:03:56', '', NULL, '生成操作');
INSERT INTO `sys_dict_data` (`dict_code`, `dict_sort`, `dict_label`, `dict_value`, `dict_type`, `css_class`, `list_class`, `is_default`, `status`, `create_by`, `create_time`, `update_by`, `update_time`, `remark`) VALUES (26, 9, '清空数据', '9', 'sys_oper_type', '', 'danger', 'N', '0', 'admin', '2022-05-06 22:03:56', '', NULL, '清空操作');
INSERT INTO `sys_dict_data` (`dict_code`, `dict_sort`, `dict_label`, `dict_value`, `dict_type`, `css_class`, `list_class`, `is_default`, `status`, `create_by`, `create_time`, `update_by`, `update_time`, `remark`) VALUES (27, 1, '成功', '0', 'sys_common_status', '', 'primary', 'N', '0', 'admin', '2022-05-06 22:03:56', '', NULL, '正常状态');
INSERT INTO `sys_dict_data` (`dict_code`, `dict_sort`, `dict_label`, `dict_value`, `dict_type`, `css_class`, `list_class`, `is_default`, `status`, `create_by`, `create_time`, `update_by`, `update_time`, `remark`) VALUES (28, 2, '失败', '1', 'sys_common_status', '', 'danger', 'N', '0', 'admin', '2022-05-06 22:03:56', '', NULL, '停用状态');
INSERT INTO `sys_dict_data` (`dict_code`, `dict_sort`, `dict_label`, `dict_value`, `dict_type`, `css_class`, `list_class`, `is_default`, `status`, `create_by`, `create_time`, `update_by`, `update_time`, `remark`) VALUES (100, 0, '未出售', '0', 'sys_purchase_status', NULL, 'default', 'N', '0', 'admin', '2022-05-09 20:49:55', 'admin', '2022-05-09 20:50:24', NULL);
INSERT INTO `sys_dict_data` (`dict_code`, `dict_sort`, `dict_label`, `dict_value`, `dict_type`, `css_class`, `list_class`, `is_default`, `status`, `create_by`, `create_time`, `update_by`, `update_time`, `remark`) VALUES (101, 1, '已出售', '1', 'sys_purchase_status', NULL, 'default', 'N', '0', 'admin', '2022-05-09 20:50:16', '', NULL, NULL);
INSERT INTO `sys_dict_data` (`dict_code`, `dict_sort`, `dict_label`, `dict_value`, `dict_type`, `css_class`, `list_class`, `is_default`, `status`, `create_by`, `create_time`, `update_by`, `update_time`, `remark`) VALUES (102, 0, '医用品', '0', 'sys_purchase_type', NULL, 'default', 'N', '0', 'admin', '2022-05-13 11:39:32', 'admin', '2022-05-13 11:39:40', '医用品');
INSERT INTO `sys_dict_data` (`dict_code`, `dict_sort`, `dict_label`, `dict_value`, `dict_type`, `css_class`, `list_class`, `is_default`, `status`, `create_by`, `create_time`, `update_by`, `update_time`, `remark`) VALUES (103, 1, '日用品', '1', 'sys_purchase_type', NULL, 'default', 'N', '0', 'admin', '2022-05-13 11:39:53', '', NULL, '日用品');
INSERT INTO `sys_dict_data` (`dict_code`, `dict_sort`, `dict_label`, `dict_value`, `dict_type`, `css_class`, `list_class`, `is_default`, `status`, `create_by`, `create_time`, `update_by`, `update_time`, `remark`) VALUES (104, 2, '农业用品', '2', 'sys_purchase_type', NULL, 'default', 'N', '0', 'admin', '2022-05-13 11:40:03', '', NULL, '农业用品');
INSERT INTO `sys_dict_data` (`dict_code`, `dict_sort`, `dict_label`, `dict_value`, `dict_type`, `css_class`, `list_class`, `is_default`, `status`, `create_by`, `create_time`, `update_by`, `update_time`, `remark`) VALUES (105, 0, '维修自家', '0', 'sys_repair_type', NULL, 'default', 'N', '0', 'admin', '2022-05-13 13:55:36', 'admin', '2022-05-13 13:55:40', '维修自家');
INSERT INTO `sys_dict_data` (`dict_code`, `dict_sort`, `dict_label`, `dict_value`, `dict_type`, `css_class`, `list_class`, `is_default`, `status`, `create_by`, `create_time`, `update_by`, `update_time`, `remark`) VALUES (106, 1, '维修公共设施', '1', 'sys_repair_type', NULL, 'default', 'N', '0', 'admin', '2022-05-13 13:55:51', '', NULL, '维修公共设施');
INSERT INTO `sys_dict_data` (`dict_code`, `dict_sort`, `dict_label`, `dict_value`, `dict_type`, `css_class`, `list_class`, `is_default`, `status`, `create_by`, `create_time`, `update_by`, `update_time`, `remark`) VALUES (107, 0, '乡村基础设施', '0', 'sys_infrastructure_type', NULL, 'default', 'N', '0', 'admin', '2022-05-13 14:35:14', '', NULL, '乡村基础设施');
INSERT INTO `sys_dict_data` (`dict_code`, `dict_sort`, `dict_label`, `dict_value`, `dict_type`, `css_class`, `list_class`, `is_default`, `status`, `create_by`, `create_time`, `update_by`, `update_time`, `remark`) VALUES (108, 1, '公共设施', '1', 'sys_infrastructure_type', NULL, 'default', 'N', '0', 'admin', '2022-05-13 14:35:24', 'admin', '2022-05-13 15:19:14', '申请的公共设施');
COMMIT;

-- ----------------------------
-- Table structure for sys_dict_type
-- ----------------------------
DROP TABLE IF EXISTS `sys_dict_type`;
CREATE TABLE `sys_dict_type` (
  `dict_id` bigint NOT NULL AUTO_INCREMENT COMMENT '字典主键',
  `dict_name` varchar(100) DEFAULT '' COMMENT '字典名称',
  `dict_type` varchar(100) DEFAULT '' COMMENT '字典类型',
  `status` char(1) DEFAULT '0' COMMENT '状态（0正常 1停用）',
  `create_by` varchar(64) DEFAULT '' COMMENT '创建者',
  `create_time` datetime DEFAULT NULL COMMENT '创建时间',
  `update_by` varchar(64) DEFAULT '' COMMENT '更新者',
  `update_time` datetime DEFAULT NULL COMMENT '更新时间',
  `remark` varchar(500) DEFAULT NULL COMMENT '备注',
  PRIMARY KEY (`dict_id`),
  UNIQUE KEY `dict_type` (`dict_type`)
) ENGINE=InnoDB AUTO_INCREMENT=105 DEFAULT CHARSET=utf8mb3 COMMENT='字典类型表';

-- ----------------------------
-- Records of sys_dict_type
-- ----------------------------
BEGIN;
INSERT INTO `sys_dict_type` (`dict_id`, `dict_name`, `dict_type`, `status`, `create_by`, `create_time`, `update_by`, `update_time`, `remark`) VALUES (1, '用户性别', 'sys_user_sex', '0', 'admin', '2022-05-06 22:03:56', '', NULL, '用户性别列表');
INSERT INTO `sys_dict_type` (`dict_id`, `dict_name`, `dict_type`, `status`, `create_by`, `create_time`, `update_by`, `update_time`, `remark`) VALUES (2, '菜单状态', 'sys_show_hide', '0', 'admin', '2022-05-06 22:03:56', '', NULL, '菜单状态列表');
INSERT INTO `sys_dict_type` (`dict_id`, `dict_name`, `dict_type`, `status`, `create_by`, `create_time`, `update_by`, `update_time`, `remark`) VALUES (3, '系统开关', 'sys_normal_disable', '0', 'admin', '2022-05-06 22:03:56', '', NULL, '系统开关列表');
INSERT INTO `sys_dict_type` (`dict_id`, `dict_name`, `dict_type`, `status`, `create_by`, `create_time`, `update_by`, `update_time`, `remark`) VALUES (4, '任务状态', 'sys_job_status', '0', 'admin', '2022-05-06 22:03:56', '', NULL, '任务状态列表');
INSERT INTO `sys_dict_type` (`dict_id`, `dict_name`, `dict_type`, `status`, `create_by`, `create_time`, `update_by`, `update_time`, `remark`) VALUES (5, '任务分组', 'sys_job_group', '0', 'admin', '2022-05-06 22:03:56', '', NULL, '任务分组列表');
INSERT INTO `sys_dict_type` (`dict_id`, `dict_name`, `dict_type`, `status`, `create_by`, `create_time`, `update_by`, `update_time`, `remark`) VALUES (6, '系统是否', 'sys_yes_no', '0', 'admin', '2022-05-06 22:03:56', '', NULL, '系统是否列表');
INSERT INTO `sys_dict_type` (`dict_id`, `dict_name`, `dict_type`, `status`, `create_by`, `create_time`, `update_by`, `update_time`, `remark`) VALUES (7, '通知类型', 'sys_notice_type', '0', 'admin', '2022-05-06 22:03:56', '', NULL, '通知类型列表');
INSERT INTO `sys_dict_type` (`dict_id`, `dict_name`, `dict_type`, `status`, `create_by`, `create_time`, `update_by`, `update_time`, `remark`) VALUES (8, '通知状态', 'sys_notice_status', '0', 'admin', '2022-05-06 22:03:56', '', NULL, '通知状态列表');
INSERT INTO `sys_dict_type` (`dict_id`, `dict_name`, `dict_type`, `status`, `create_by`, `create_time`, `update_by`, `update_time`, `remark`) VALUES (9, '操作类型', 'sys_oper_type', '0', 'admin', '2022-05-06 22:03:56', '', NULL, '操作类型列表');
INSERT INTO `sys_dict_type` (`dict_id`, `dict_name`, `dict_type`, `status`, `create_by`, `create_time`, `update_by`, `update_time`, `remark`) VALUES (10, '系统状态', 'sys_common_status', '0', 'admin', '2022-05-06 22:03:56', '', NULL, '登录状态列表');
INSERT INTO `sys_dict_type` (`dict_id`, `dict_name`, `dict_type`, `status`, `create_by`, `create_time`, `update_by`, `update_time`, `remark`) VALUES (100, '购买状态', 'sys_purchase_status', '0', 'admin', '2022-05-09 20:48:17', '', NULL, '购买状态');
INSERT INTO `sys_dict_type` (`dict_id`, `dict_name`, `dict_type`, `status`, `create_by`, `create_time`, `update_by`, `update_time`, `remark`) VALUES (102, '购买类型', 'sys_purchase_type', '0', 'admin', '2022-05-13 11:39:08', '', NULL, '购买类型');
INSERT INTO `sys_dict_type` (`dict_id`, `dict_name`, `dict_type`, `status`, `create_by`, `create_time`, `update_by`, `update_time`, `remark`) VALUES (103, '维修类型', 'sys_repair_type', '0', 'admin', '2022-05-13 13:43:38', '', NULL, '维修类型');
INSERT INTO `sys_dict_type` (`dict_id`, `dict_name`, `dict_type`, `status`, `create_by`, `create_time`, `update_by`, `update_time`, `remark`) VALUES (104, '基础设施类型', 'sys_infrastructure_type', '0', 'admin', '2022-05-13 14:27:20', '', NULL, '基础设施类型');
COMMIT;

-- ----------------------------
-- Table structure for sys_job
-- ----------------------------
DROP TABLE IF EXISTS `sys_job`;
CREATE TABLE `sys_job` (
  `job_id` bigint NOT NULL AUTO_INCREMENT COMMENT '任务ID',
  `job_name` varchar(64) NOT NULL DEFAULT '' COMMENT '任务名称',
  `job_group` varchar(64) NOT NULL DEFAULT 'DEFAULT' COMMENT '任务组名',
  `invoke_target` varchar(500) NOT NULL COMMENT '调用目标字符串',
  `cron_expression` varchar(255) DEFAULT '' COMMENT 'cron执行表达式',
  `misfire_policy` varchar(20) DEFAULT '3' COMMENT '计划执行错误策略（1立即执行 2执行一次 3放弃执行）',
  `concurrent` char(1) DEFAULT '1' COMMENT '是否并发执行（0允许 1禁止）',
  `status` char(1) DEFAULT '0' COMMENT '状态（0正常 1暂停）',
  `create_by` varchar(64) DEFAULT '' COMMENT '创建者',
  `create_time` datetime DEFAULT NULL COMMENT '创建时间',
  `update_by` varchar(64) DEFAULT '' COMMENT '更新者',
  `update_time` datetime DEFAULT NULL COMMENT '更新时间',
  `remark` varchar(500) DEFAULT '' COMMENT '备注信息',
  PRIMARY KEY (`job_id`,`job_name`,`job_group`)
) ENGINE=InnoDB AUTO_INCREMENT=100 DEFAULT CHARSET=utf8mb3 COMMENT='定时任务调度表';

-- ----------------------------
-- Records of sys_job
-- ----------------------------
BEGIN;
INSERT INTO `sys_job` (`job_id`, `job_name`, `job_group`, `invoke_target`, `cron_expression`, `misfire_policy`, `concurrent`, `status`, `create_by`, `create_time`, `update_by`, `update_time`, `remark`) VALUES (1, '系统默认（无参）', 'DEFAULT', 'ryTask.ryNoParams', '0/10 * * * * ?', '3', '1', '1', 'admin', '2022-05-06 22:03:56', '', NULL, '');
INSERT INTO `sys_job` (`job_id`, `job_name`, `job_group`, `invoke_target`, `cron_expression`, `misfire_policy`, `concurrent`, `status`, `create_by`, `create_time`, `update_by`, `update_time`, `remark`) VALUES (2, '系统默认（有参）', 'DEFAULT', 'ryTask.ryParams(\'ry\')', '0/15 * * * * ?', '3', '1', '1', 'admin', '2022-05-06 22:03:56', '', NULL, '');
INSERT INTO `sys_job` (`job_id`, `job_name`, `job_group`, `invoke_target`, `cron_expression`, `misfire_policy`, `concurrent`, `status`, `create_by`, `create_time`, `update_by`, `update_time`, `remark`) VALUES (3, '系统默认（多参）', 'DEFAULT', 'ryTask.ryMultipleParams(\'ry\', true, 2000L, 316.50D, 100)', '0/20 * * * * ?', '3', '1', '1', 'admin', '2022-05-06 22:03:56', '', NULL, '');
COMMIT;

-- ----------------------------
-- Table structure for sys_job_log
-- ----------------------------
DROP TABLE IF EXISTS `sys_job_log`;
CREATE TABLE `sys_job_log` (
  `job_log_id` bigint NOT NULL AUTO_INCREMENT COMMENT '任务日志ID',
  `job_name` varchar(64) NOT NULL COMMENT '任务名称',
  `job_group` varchar(64) NOT NULL COMMENT '任务组名',
  `invoke_target` varchar(500) NOT NULL COMMENT '调用目标字符串',
  `job_message` varchar(500) DEFAULT NULL COMMENT '日志信息',
  `status` char(1) DEFAULT '0' COMMENT '执行状态（0正常 1失败）',
  `exception_info` varchar(2000) DEFAULT '' COMMENT '异常信息',
  `create_time` datetime DEFAULT NULL COMMENT '创建时间',
  PRIMARY KEY (`job_log_id`)
) ENGINE=InnoDB DEFAULT CHARSET=utf8mb3 COMMENT='定时任务调度日志表';

-- ----------------------------
-- Records of sys_job_log
-- ----------------------------
BEGIN;
COMMIT;

-- ----------------------------
-- Table structure for sys_logininfor
-- ----------------------------
DROP TABLE IF EXISTS `sys_logininfor`;
CREATE TABLE `sys_logininfor` (
  `info_id` bigint NOT NULL AUTO_INCREMENT COMMENT '访问ID',
  `user_name` varchar(50) DEFAULT '' COMMENT '用户账号',
  `ipaddr` varchar(128) DEFAULT '' COMMENT '登录IP地址',
  `login_location` varchar(255) DEFAULT '' COMMENT '登录地点',
  `browser` varchar(50) DEFAULT '' COMMENT '浏览器类型',
  `os` varchar(50) DEFAULT '' COMMENT '操作系统',
  `status` char(1) DEFAULT '0' COMMENT '登录状态（0成功 1失败）',
  `msg` varchar(255) DEFAULT '' COMMENT '提示消息',
  `login_time` datetime DEFAULT NULL COMMENT '访问时间',
  PRIMARY KEY (`info_id`)
) ENGINE=InnoDB AUTO_INCREMENT=175 DEFAULT CHARSET=utf8mb3 COMMENT='系统访问记录';

-- ----------------------------
-- Records of sys_logininfor
-- ----------------------------
BEGIN;
INSERT INTO `sys_logininfor` (`info_id`, `user_name`, `ipaddr`, `login_location`, `browser`, `os`, `status`, `msg`, `login_time`) VALUES (100, 'admin', '127.0.0.1', '内网IP', 'Chrome 10', 'Windows 10', '0', '登录成功', '2022-05-06 22:09:10');
INSERT INTO `sys_logininfor` (`info_id`, `user_name`, `ipaddr`, `login_location`, `browser`, `os`, `status`, `msg`, `login_time`) VALUES (101, 'admin', '127.0.0.1', '内网IP', 'Chrome 10', 'Windows 10', '0', '登录成功', '2022-05-07 17:50:26');
INSERT INTO `sys_logininfor` (`info_id`, `user_name`, `ipaddr`, `login_location`, `browser`, `os`, `status`, `msg`, `login_time`) VALUES (102, 'admin', '127.0.0.1', '内网IP', 'Chrome 10', 'Windows 10', '0', '退出成功', '2022-05-07 17:52:44');
INSERT INTO `sys_logininfor` (`info_id`, `user_name`, `ipaddr`, `login_location`, `browser`, `os`, `status`, `msg`, `login_time`) VALUES (103, 'admin', '127.0.0.1', '内网IP', 'Chrome 10', 'Windows 10', '0', '登录成功', '2022-05-07 17:52:48');
INSERT INTO `sys_logininfor` (`info_id`, `user_name`, `ipaddr`, `login_location`, `browser`, `os`, `status`, `msg`, `login_time`) VALUES (104, 'admin', '127.0.0.1', '内网IP', 'Chrome 10', 'Windows 10', '0', '登录成功', '2022-05-07 19:05:18');
INSERT INTO `sys_logininfor` (`info_id`, `user_name`, `ipaddr`, `login_location`, `browser`, `os`, `status`, `msg`, `login_time`) VALUES (105, 'admin', '127.0.0.1', '内网IP', 'Chrome 10', 'Windows 10', '0', '登录成功', '2022-05-07 20:11:41');
INSERT INTO `sys_logininfor` (`info_id`, `user_name`, `ipaddr`, `login_location`, `browser`, `os`, `status`, `msg`, `login_time`) VALUES (106, 'admin', '127.0.0.1', '内网IP', 'Chrome 10', 'Windows 10', '0', '退出成功', '2022-05-07 20:11:54');
INSERT INTO `sys_logininfor` (`info_id`, `user_name`, `ipaddr`, `login_location`, `browser`, `os`, `status`, `msg`, `login_time`) VALUES (107, 'admin', '127.0.0.1', '内网IP', 'Chrome 10', 'Windows 10', '1', '验证码已失效', '2022-05-07 20:23:29');
INSERT INTO `sys_logininfor` (`info_id`, `user_name`, `ipaddr`, `login_location`, `browser`, `os`, `status`, `msg`, `login_time`) VALUES (108, 'admin', '127.0.0.1', '内网IP', 'Chrome 10', 'Windows 10', '0', '登录成功', '2022-05-07 20:23:34');
INSERT INTO `sys_logininfor` (`info_id`, `user_name`, `ipaddr`, `login_location`, `browser`, `os`, `status`, `msg`, `login_time`) VALUES (109, 'admin', '127.0.0.1', '内网IP', 'Chrome 10', 'Windows 10', '0', '退出成功', '2022-05-07 20:26:33');
INSERT INTO `sys_logininfor` (`info_id`, `user_name`, `ipaddr`, `login_location`, `browser`, `os`, `status`, `msg`, `login_time`) VALUES (110, 'admin', '127.0.0.1', '内网IP', 'Chrome 10', 'Windows 10', '0', '登录成功', '2022-05-07 20:33:34');
INSERT INTO `sys_logininfor` (`info_id`, `user_name`, `ipaddr`, `login_location`, `browser`, `os`, `status`, `msg`, `login_time`) VALUES (111, 'admin', '127.0.0.1', '内网IP', 'Chrome 10', 'Windows 10', '0', '退出成功', '2022-05-07 20:33:53');
INSERT INTO `sys_logininfor` (`info_id`, `user_name`, `ipaddr`, `login_location`, `browser`, `os`, `status`, `msg`, `login_time`) VALUES (112, 'admin', '127.0.0.1', '内网IP', 'Chrome 10', 'Windows 10', '0', '登录成功', '2022-05-07 20:36:55');
INSERT INTO `sys_logininfor` (`info_id`, `user_name`, `ipaddr`, `login_location`, `browser`, `os`, `status`, `msg`, `login_time`) VALUES (113, 'admin', '127.0.0.1', '内网IP', 'Chrome 10', 'Windows 10', '0', '退出成功', '2022-05-07 20:42:34');
INSERT INTO `sys_logininfor` (`info_id`, `user_name`, `ipaddr`, `login_location`, `browser`, `os`, `status`, `msg`, `login_time`) VALUES (114, 'admin', '127.0.0.1', '内网IP', 'Chrome 10', 'Windows 10', '1', '验证码已失效', '2022-05-07 22:24:07');
INSERT INTO `sys_logininfor` (`info_id`, `user_name`, `ipaddr`, `login_location`, `browser`, `os`, `status`, `msg`, `login_time`) VALUES (115, 'admin', '127.0.0.1', '内网IP', 'Chrome 10', 'Windows 10', '0', '登录成功', '2022-05-07 22:24:10');
INSERT INTO `sys_logininfor` (`info_id`, `user_name`, `ipaddr`, `login_location`, `browser`, `os`, `status`, `msg`, `login_time`) VALUES (116, 'admin', '127.0.0.1', '内网IP', 'Chrome 10', 'Windows 10', '0', '退出成功', '2022-05-07 22:33:14');
INSERT INTO `sys_logininfor` (`info_id`, `user_name`, `ipaddr`, `login_location`, `browser`, `os`, `status`, `msg`, `login_time`) VALUES (117, 'admin', '127.0.0.1', '内网IP', 'Chrome 10', 'Windows 10', '0', '登录成功', '2022-05-07 22:33:18');
INSERT INTO `sys_logininfor` (`info_id`, `user_name`, `ipaddr`, `login_location`, `browser`, `os`, `status`, `msg`, `login_time`) VALUES (118, 'admin', '127.0.0.1', '内网IP', 'Chrome 10', 'Windows 10', '0', '退出成功', '2022-05-07 22:41:35');
INSERT INTO `sys_logininfor` (`info_id`, `user_name`, `ipaddr`, `login_location`, `browser`, `os`, `status`, `msg`, `login_time`) VALUES (119, 'admin', '127.0.0.1', '内网IP', 'Chrome 10', 'Windows 10', '0', '登录成功', '2022-05-07 22:42:26');
INSERT INTO `sys_logininfor` (`info_id`, `user_name`, `ipaddr`, `login_location`, `browser`, `os`, `status`, `msg`, `login_time`) VALUES (120, 'admin', '127.0.0.1', '内网IP', 'Chrome 10', 'Windows 10', '0', '登录成功', '2022-05-07 22:46:27');
INSERT INTO `sys_logininfor` (`info_id`, `user_name`, `ipaddr`, `login_location`, `browser`, `os`, `status`, `msg`, `login_time`) VALUES (121, 'admin', '127.0.0.1', '内网IP', 'Chrome 10', 'Windows 10', '0', '退出成功', '2022-05-07 22:56:47');
INSERT INTO `sys_logininfor` (`info_id`, `user_name`, `ipaddr`, `login_location`, `browser`, `os`, `status`, `msg`, `login_time`) VALUES (122, 'admin', '127.0.0.1', '内网IP', 'Chrome 10', 'Windows 10', '0', '登录成功', '2022-05-07 22:57:00');
INSERT INTO `sys_logininfor` (`info_id`, `user_name`, `ipaddr`, `login_location`, `browser`, `os`, `status`, `msg`, `login_time`) VALUES (123, 'admin', '127.0.0.1', '内网IP', 'Chrome 10', 'Windows 10', '0', '退出成功', '2022-05-07 22:58:39');
INSERT INTO `sys_logininfor` (`info_id`, `user_name`, `ipaddr`, `login_location`, `browser`, `os`, `status`, `msg`, `login_time`) VALUES (124, 'admin', '127.0.0.1', '内网IP', 'Chrome 10', 'Windows 10', '0', '登录成功', '2022-05-07 22:59:18');
INSERT INTO `sys_logininfor` (`info_id`, `user_name`, `ipaddr`, `login_location`, `browser`, `os`, `status`, `msg`, `login_time`) VALUES (125, 'admin', '192.168.1.103', '内网IP', 'Chrome 10', 'Windows 10', '0', '登录成功', '2022-05-08 12:07:15');
INSERT INTO `sys_logininfor` (`info_id`, `user_name`, `ipaddr`, `login_location`, `browser`, `os`, `status`, `msg`, `login_time`) VALUES (126, 'admin', '192.168.1.103', '内网IP', 'Chrome 10', 'Windows 10', '0', '退出成功', '2022-05-08 12:07:56');
INSERT INTO `sys_logininfor` (`info_id`, `user_name`, `ipaddr`, `login_location`, `browser`, `os`, `status`, `msg`, `login_time`) VALUES (127, 'admin', '192.168.1.103', '内网IP', 'Chrome 10', 'Windows 10', '0', '登录成功', '2022-05-08 12:08:21');
INSERT INTO `sys_logininfor` (`info_id`, `user_name`, `ipaddr`, `login_location`, `browser`, `os`, `status`, `msg`, `login_time`) VALUES (128, 'admin', '192.168.1.103', '内网IP', 'Chrome 10', 'Windows 10', '0', '退出成功', '2022-05-08 12:20:09');
INSERT INTO `sys_logininfor` (`info_id`, `user_name`, `ipaddr`, `login_location`, `browser`, `os`, `status`, `msg`, `login_time`) VALUES (129, 'admin', '192.168.1.103', '内网IP', 'Chrome 10', 'Windows 10', '0', '登录成功', '2022-05-08 12:20:14');
INSERT INTO `sys_logininfor` (`info_id`, `user_name`, `ipaddr`, `login_location`, `browser`, `os`, `status`, `msg`, `login_time`) VALUES (130, 'admin', '127.0.0.1', '内网IP', 'Chrome 10', 'Windows 10', '0', '登录成功', '2022-05-08 12:35:39');
INSERT INTO `sys_logininfor` (`info_id`, `user_name`, `ipaddr`, `login_location`, `browser`, `os`, `status`, `msg`, `login_time`) VALUES (131, 'admin', '127.0.0.1', '内网IP', 'Chrome 10', 'Windows 10', '0', '登录成功', '2022-05-08 13:24:49');
INSERT INTO `sys_logininfor` (`info_id`, `user_name`, `ipaddr`, `login_location`, `browser`, `os`, `status`, `msg`, `login_time`) VALUES (132, 'admin', '127.0.0.1', '内网IP', 'Chrome 10', 'Windows 10', '0', '登录成功', '2022-05-08 14:11:50');
INSERT INTO `sys_logininfor` (`info_id`, `user_name`, `ipaddr`, `login_location`, `browser`, `os`, `status`, `msg`, `login_time`) VALUES (133, 'admin', '127.0.0.1', '内网IP', 'Chrome 10', 'Windows 10', '0', '登录成功', '2022-05-08 14:46:22');
INSERT INTO `sys_logininfor` (`info_id`, `user_name`, `ipaddr`, `login_location`, `browser`, `os`, `status`, `msg`, `login_time`) VALUES (134, 'admin', '127.0.0.1', '内网IP', 'Chrome 10', 'Windows 10', '0', '登录成功', '2022-05-08 16:37:52');
INSERT INTO `sys_logininfor` (`info_id`, `user_name`, `ipaddr`, `login_location`, `browser`, `os`, `status`, `msg`, `login_time`) VALUES (135, 'admin', '127.0.0.1', '内网IP', 'Chrome 10', 'Windows 10', '0', '登录成功', '2022-05-08 19:13:52');
INSERT INTO `sys_logininfor` (`info_id`, `user_name`, `ipaddr`, `login_location`, `browser`, `os`, `status`, `msg`, `login_time`) VALUES (136, 'admin', '127.0.0.1', '内网IP', 'Chrome 10', 'Windows 10', '0', '登录成功', '2022-05-08 21:28:56');
INSERT INTO `sys_logininfor` (`info_id`, `user_name`, `ipaddr`, `login_location`, `browser`, `os`, `status`, `msg`, `login_time`) VALUES (137, 'admin', '127.0.0.1', '内网IP', 'Chrome 10', 'Windows 10', '0', '登录成功', '2022-05-09 09:06:53');
INSERT INTO `sys_logininfor` (`info_id`, `user_name`, `ipaddr`, `login_location`, `browser`, `os`, `status`, `msg`, `login_time`) VALUES (138, 'admin', '192.168.1.67', '内网IP', 'Chrome 10', 'Windows 10', '0', '登录成功', '2022-05-09 17:11:05');
INSERT INTO `sys_logininfor` (`info_id`, `user_name`, `ipaddr`, `login_location`, `browser`, `os`, `status`, `msg`, `login_time`) VALUES (139, 'admin', '192.168.1.67', '内网IP', 'Chrome 10', 'Windows 10', '0', '登录成功', '2022-05-09 19:44:07');
INSERT INTO `sys_logininfor` (`info_id`, `user_name`, `ipaddr`, `login_location`, `browser`, `os`, `status`, `msg`, `login_time`) VALUES (140, 'admin', '127.0.0.1', '内网IP', 'Chrome 10', 'Windows 10', '0', '登录成功', '2022-05-09 19:57:54');
INSERT INTO `sys_logininfor` (`info_id`, `user_name`, `ipaddr`, `login_location`, `browser`, `os`, `status`, `msg`, `login_time`) VALUES (141, 'admin', '127.0.0.1', '内网IP', 'Chrome 10', 'Windows 10', '0', '登录成功', '2022-05-09 20:34:43');
INSERT INTO `sys_logininfor` (`info_id`, `user_name`, `ipaddr`, `login_location`, `browser`, `os`, `status`, `msg`, `login_time`) VALUES (142, 'admin', '127.0.0.1', '内网IP', 'Chrome 10', 'Windows 10', '0', '登录成功', '2022-05-10 21:15:28');
INSERT INTO `sys_logininfor` (`info_id`, `user_name`, `ipaddr`, `login_location`, `browser`, `os`, `status`, `msg`, `login_time`) VALUES (143, 'admin', '127.0.0.1', '内网IP', 'Chrome 10', 'Windows 10', '0', '登录成功', '2022-05-11 21:10:55');
INSERT INTO `sys_logininfor` (`info_id`, `user_name`, `ipaddr`, `login_location`, `browser`, `os`, `status`, `msg`, `login_time`) VALUES (144, 'admin', '127.0.0.1', '内网IP', 'Chrome 10', 'Windows 10', '1', '验证码已失效', '2022-05-12 15:51:08');
INSERT INTO `sys_logininfor` (`info_id`, `user_name`, `ipaddr`, `login_location`, `browser`, `os`, `status`, `msg`, `login_time`) VALUES (145, 'admin', '127.0.0.1', '内网IP', 'Chrome 10', 'Windows 10', '0', '登录成功', '2022-05-12 15:51:11');
INSERT INTO `sys_logininfor` (`info_id`, `user_name`, `ipaddr`, `login_location`, `browser`, `os`, `status`, `msg`, `login_time`) VALUES (146, 'admin', '127.0.0.1', '内网IP', 'Chrome 10', 'Windows 10', '0', '登录成功', '2022-05-12 20:03:13');
INSERT INTO `sys_logininfor` (`info_id`, `user_name`, `ipaddr`, `login_location`, `browser`, `os`, `status`, `msg`, `login_time`) VALUES (147, 'admin', '127.0.0.1', '内网IP', 'Chrome 10', 'Windows 10', '0', '登录成功', '2022-05-12 22:01:07');
INSERT INTO `sys_logininfor` (`info_id`, `user_name`, `ipaddr`, `login_location`, `browser`, `os`, `status`, `msg`, `login_time`) VALUES (148, 'admin', '127.0.0.1', '内网IP', 'Chrome 10', 'Windows 10', '0', '登录成功', '2022-05-12 22:56:57');
INSERT INTO `sys_logininfor` (`info_id`, `user_name`, `ipaddr`, `login_location`, `browser`, `os`, `status`, `msg`, `login_time`) VALUES (149, 'admin', '127.0.0.1', '内网IP', 'Chrome 10', 'Windows 10', '1', '验证码已失效', '2022-05-13 11:14:45');
INSERT INTO `sys_logininfor` (`info_id`, `user_name`, `ipaddr`, `login_location`, `browser`, `os`, `status`, `msg`, `login_time`) VALUES (150, 'admin', '127.0.0.1', '内网IP', 'Chrome 10', 'Windows 10', '0', '登录成功', '2022-05-13 11:14:47');
INSERT INTO `sys_logininfor` (`info_id`, `user_name`, `ipaddr`, `login_location`, `browser`, `os`, `status`, `msg`, `login_time`) VALUES (151, 'admin', '127.0.0.1', '内网IP', 'Chrome 10', 'Windows 10', '1', '验证码错误', '2022-05-13 13:10:37');
INSERT INTO `sys_logininfor` (`info_id`, `user_name`, `ipaddr`, `login_location`, `browser`, `os`, `status`, `msg`, `login_time`) VALUES (152, 'admin', '127.0.0.1', '内网IP', 'Chrome 10', 'Windows 10', '0', '登录成功', '2022-05-13 13:10:41');
INSERT INTO `sys_logininfor` (`info_id`, `user_name`, `ipaddr`, `login_location`, `browser`, `os`, `status`, `msg`, `login_time`) VALUES (153, 'admin', '127.0.0.1', '内网IP', 'Chrome 10', 'Windows 10', '0', '登录成功', '2022-05-13 13:41:43');
INSERT INTO `sys_logininfor` (`info_id`, `user_name`, `ipaddr`, `login_location`, `browser`, `os`, `status`, `msg`, `login_time`) VALUES (154, 'admin', '127.0.0.1', '内网IP', 'Chrome 10', 'Windows 10', '0', '登录成功', '2022-05-13 15:17:42');
INSERT INTO `sys_logininfor` (`info_id`, `user_name`, `ipaddr`, `login_location`, `browser`, `os`, `status`, `msg`, `login_time`) VALUES (155, 'admin', '127.0.0.1', '内网IP', 'Chrome 10', 'Windows 10', '1', '验证码已失效', '2022-05-14 10:43:50');
INSERT INTO `sys_logininfor` (`info_id`, `user_name`, `ipaddr`, `login_location`, `browser`, `os`, `status`, `msg`, `login_time`) VALUES (156, 'admin', '127.0.0.1', '内网IP', 'Chrome 10', 'Windows 10', '1', '验证码错误', '2022-05-14 10:43:53');
INSERT INTO `sys_logininfor` (`info_id`, `user_name`, `ipaddr`, `login_location`, `browser`, `os`, `status`, `msg`, `login_time`) VALUES (157, 'admin', '127.0.0.1', '内网IP', 'Chrome 10', 'Windows 10', '0', '登录成功', '2022-05-14 10:43:57');
INSERT INTO `sys_logininfor` (`info_id`, `user_name`, `ipaddr`, `login_location`, `browser`, `os`, `status`, `msg`, `login_time`) VALUES (158, 'admin', '127.0.0.1', '内网IP', 'Chrome 10', 'Windows 10', '0', '登录成功', '2022-05-17 22:03:19');
INSERT INTO `sys_logininfor` (`info_id`, `user_name`, `ipaddr`, `login_location`, `browser`, `os`, `status`, `msg`, `login_time`) VALUES (159, 'admin', '127.0.0.1', '内网IP', 'Chrome 10', 'Mac OS X', '1', '验证码错误', '2022-05-18 18:38:32');
INSERT INTO `sys_logininfor` (`info_id`, `user_name`, `ipaddr`, `login_location`, `browser`, `os`, `status`, `msg`, `login_time`) VALUES (160, 'admin', '127.0.0.1', '内网IP', 'Chrome 10', 'Mac OS X', '1', '验证码错误', '2022-05-18 18:38:35');
INSERT INTO `sys_logininfor` (`info_id`, `user_name`, `ipaddr`, `login_location`, `browser`, `os`, `status`, `msg`, `login_time`) VALUES (161, 'admin', '127.0.0.1', '内网IP', 'Chrome 10', 'Mac OS X', '0', '登录成功', '2022-05-18 18:38:39');
INSERT INTO `sys_logininfor` (`info_id`, `user_name`, `ipaddr`, `login_location`, `browser`, `os`, `status`, `msg`, `login_time`) VALUES (162, 'admin', '127.0.0.1', '内网IP', 'Chrome 10', 'Mac OS X', '0', '登录成功', '2022-05-18 18:40:18');
INSERT INTO `sys_logininfor` (`info_id`, `user_name`, `ipaddr`, `login_location`, `browser`, `os`, `status`, `msg`, `login_time`) VALUES (163, 'admin', '127.0.0.1', '内网IP', 'Chrome 10', 'Mac OS X', '0', '登录成功', '2022-05-19 10:38:45');
INSERT INTO `sys_logininfor` (`info_id`, `user_name`, `ipaddr`, `login_location`, `browser`, `os`, `status`, `msg`, `login_time`) VALUES (164, 'admin', '127.0.0.1', '内网IP', 'Chrome 10', 'Mac OS X', '0', '登录成功', '2022-05-19 11:53:37');
INSERT INTO `sys_logininfor` (`info_id`, `user_name`, `ipaddr`, `login_location`, `browser`, `os`, `status`, `msg`, `login_time`) VALUES (165, 'admin', '127.0.0.1', '内网IP', 'Chrome 10', 'Mac OS X', '0', '登录成功', '2022-05-19 04:54:06');
INSERT INTO `sys_logininfor` (`info_id`, `user_name`, `ipaddr`, `login_location`, `browser`, `os`, `status`, `msg`, `login_time`) VALUES (166, 'admin', '127.0.0.1', '内网IP', 'Chrome 10', 'Mac OS X', '0', '登录成功', '2022-05-19 05:43:48');
INSERT INTO `sys_logininfor` (`info_id`, `user_name`, `ipaddr`, `login_location`, `browser`, `os`, `status`, `msg`, `login_time`) VALUES (167, 'admin', '127.0.0.1', '内网IP', 'Chrome 10', 'Mac OS X', '0', '登录成功', '2022-05-19 07:09:06');
INSERT INTO `sys_logininfor` (`info_id`, `user_name`, `ipaddr`, `login_location`, `browser`, `os`, `status`, `msg`, `login_time`) VALUES (168, 'admin', '127.0.0.1', '内网IP', 'Chrome 10', 'Mac OS X', '1', '验证码已失效', '2022-05-19 08:02:59');
INSERT INTO `sys_logininfor` (`info_id`, `user_name`, `ipaddr`, `login_location`, `browser`, `os`, `status`, `msg`, `login_time`) VALUES (169, 'admin', '127.0.0.1', '内网IP', 'Chrome 10', 'Mac OS X', '0', '登录成功', '2022-05-19 08:03:03');
INSERT INTO `sys_logininfor` (`info_id`, `user_name`, `ipaddr`, `login_location`, `browser`, `os`, `status`, `msg`, `login_time`) VALUES (170, 'admin', '127.0.0.1', '内网IP', 'Chrome 10', 'Mac OS X', '0', '退出成功', '2022-05-19 08:25:23');
INSERT INTO `sys_logininfor` (`info_id`, `user_name`, `ipaddr`, `login_location`, `browser`, `os`, `status`, `msg`, `login_time`) VALUES (171, 'ry', '127.0.0.1', '内网IP', 'Chrome 10', 'Mac OS X', '0', '登录成功', '2022-05-19 08:25:36');
INSERT INTO `sys_logininfor` (`info_id`, `user_name`, `ipaddr`, `login_location`, `browser`, `os`, `status`, `msg`, `login_time`) VALUES (172, 'ry', '127.0.0.1', '内网IP', 'Chrome 10', 'Mac OS X', '0', '退出成功', '2022-05-19 08:29:06');
INSERT INTO `sys_logininfor` (`info_id`, `user_name`, `ipaddr`, `login_location`, `browser`, `os`, `status`, `msg`, `login_time`) VALUES (173, 'admin', '127.0.0.1', '内网IP', 'Chrome 10', 'Mac OS X', '0', '登录成功', '2022-05-19 08:29:09');
INSERT INTO `sys_logininfor` (`info_id`, `user_name`, `ipaddr`, `login_location`, `browser`, `os`, `status`, `msg`, `login_time`) VALUES (174, 'admin', '127.0.0.1', '内网IP', 'Chrome 10', 'Mac OS X', '0', '登录成功', '2022-05-19 11:34:17');
COMMIT;

-- ----------------------------
-- Table structure for sys_menu
-- ----------------------------
DROP TABLE IF EXISTS `sys_menu`;
CREATE TABLE `sys_menu` (
  `menu_id` bigint NOT NULL AUTO_INCREMENT COMMENT '菜单ID',
  `menu_name` varchar(50) NOT NULL COMMENT '菜单名称',
  `parent_id` bigint DEFAULT '0' COMMENT '父菜单ID',
  `order_num` int DEFAULT '0' COMMENT '显示顺序',
  `path` varchar(200) DEFAULT '' COMMENT '路由地址',
  `component` varchar(255) DEFAULT NULL COMMENT '组件路径',
  `query` varchar(255) DEFAULT NULL COMMENT '路由参数',
  `is_frame` int DEFAULT '1' COMMENT '是否为外链（0是 1否）',
  `is_cache` int DEFAULT '0' COMMENT '是否缓存（0缓存 1不缓存）',
  `menu_type` char(1) DEFAULT '' COMMENT '菜单类型（M目录 C菜单 F按钮）',
  `visible` char(1) DEFAULT '0' COMMENT '菜单状态（0显示 1隐藏）',
  `status` char(1) DEFAULT '0' COMMENT '菜单状态（0正常 1停用）',
  `perms` varchar(100) DEFAULT NULL COMMENT '权限标识',
  `icon` varchar(100) DEFAULT '#' COMMENT '菜单图标',
  `create_by` varchar(64) DEFAULT '' COMMENT '创建者',
  `create_time` datetime DEFAULT NULL COMMENT '创建时间',
  `update_by` varchar(64) DEFAULT '' COMMENT '更新者',
  `update_time` datetime DEFAULT NULL COMMENT '更新时间',
  `remark` varchar(500) DEFAULT '' COMMENT '备注',
  PRIMARY KEY (`menu_id`)
) ENGINE=InnoDB AUTO_INCREMENT=2015 DEFAULT CHARSET=utf8mb3 COMMENT='菜单权限表';

-- ----------------------------
-- Records of sys_menu
-- ----------------------------
BEGIN;
INSERT INTO `sys_menu` (`menu_id`, `menu_name`, `parent_id`, `order_num`, `path`, `component`, `query`, `is_frame`, `is_cache`, `menu_type`, `visible`, `status`, `perms`, `icon`, `create_by`, `create_time`, `update_by`, `update_time`, `remark`) VALUES (1, '系统管理', 0, 1, 'system', NULL, '', 1, 0, 'M', '0', '0', '', 'system', 'admin', '2022-05-06 22:03:56', '', NULL, '系统管理目录');
INSERT INTO `sys_menu` (`menu_id`, `menu_name`, `parent_id`, `order_num`, `path`, `component`, `query`, `is_frame`, `is_cache`, `menu_type`, `visible`, `status`, `perms`, `icon`, `create_by`, `create_time`, `update_by`, `update_time`, `remark`) VALUES (2, '系统监控', 0, 2, 'monitor', NULL, '', 1, 0, 'M', '0', '0', '', 'monitor', 'admin', '2022-05-06 22:03:56', '', NULL, '系统监控目录');
INSERT INTO `sys_menu` (`menu_id`, `menu_name`, `parent_id`, `order_num`, `path`, `component`, `query`, `is_frame`, `is_cache`, `menu_type`, `visible`, `status`, `perms`, `icon`, `create_by`, `create_time`, `update_by`, `update_time`, `remark`) VALUES (3, '系统工具', 0, 3, 'tool', NULL, '', 1, 0, 'M', '0', '0', '', 'tool', 'admin', '2022-05-06 22:03:56', '', NULL, '系统工具目录');
INSERT INTO `sys_menu` (`menu_id`, `menu_name`, `parent_id`, `order_num`, `path`, `component`, `query`, `is_frame`, `is_cache`, `menu_type`, `visible`, `status`, `perms`, `icon`, `create_by`, `create_time`, `update_by`, `update_time`, `remark`) VALUES (100, '用户管理', 1, 1, 'user', 'system/user/index', '', 1, 0, 'C', '0', '0', 'system:user:list', 'user', 'admin', '2022-05-06 22:03:56', '', NULL, '用户管理菜单');
INSERT INTO `sys_menu` (`menu_id`, `menu_name`, `parent_id`, `order_num`, `path`, `component`, `query`, `is_frame`, `is_cache`, `menu_type`, `visible`, `status`, `perms`, `icon`, `create_by`, `create_time`, `update_by`, `update_time`, `remark`) VALUES (101, '角色管理', 1, 2, 'role', 'system/role/index', '', 1, 0, 'C', '0', '0', 'system:role:list', 'peoples', 'admin', '2022-05-06 22:03:56', '', NULL, '角色管理菜单');
INSERT INTO `sys_menu` (`menu_id`, `menu_name`, `parent_id`, `order_num`, `path`, `component`, `query`, `is_frame`, `is_cache`, `menu_type`, `visible`, `status`, `perms`, `icon`, `create_by`, `create_time`, `update_by`, `update_time`, `remark`) VALUES (102, '菜单管理', 1, 3, 'menu', 'system/menu/index', '', 1, 0, 'C', '0', '0', 'system:menu:list', 'tree-table', 'admin', '2022-05-06 22:03:56', '', NULL, '菜单管理菜单');
INSERT INTO `sys_menu` (`menu_id`, `menu_name`, `parent_id`, `order_num`, `path`, `component`, `query`, `is_frame`, `is_cache`, `menu_type`, `visible`, `status`, `perms`, `icon`, `create_by`, `create_time`, `update_by`, `update_time`, `remark`) VALUES (103, '部门管理', 1, 4, 'dept', 'system/dept/index', '', 1, 0, 'C', '0', '0', 'system:dept:list', 'tree', 'admin', '2022-05-06 22:03:56', '', NULL, '部门管理菜单');
INSERT INTO `sys_menu` (`menu_id`, `menu_name`, `parent_id`, `order_num`, `path`, `component`, `query`, `is_frame`, `is_cache`, `menu_type`, `visible`, `status`, `perms`, `icon`, `create_by`, `create_time`, `update_by`, `update_time`, `remark`) VALUES (104, '岗位管理', 1, 5, 'post', 'system/post/index', '', 1, 0, 'C', '0', '0', 'system:post:list', 'post', 'admin', '2022-05-06 22:03:56', '', NULL, '岗位管理菜单');
INSERT INTO `sys_menu` (`menu_id`, `menu_name`, `parent_id`, `order_num`, `path`, `component`, `query`, `is_frame`, `is_cache`, `menu_type`, `visible`, `status`, `perms`, `icon`, `create_by`, `create_time`, `update_by`, `update_time`, `remark`) VALUES (105, '字典管理', 1, 6, 'dict', 'system/dict/index', '', 1, 0, 'C', '0', '0', 'system:dict:list', 'dict', 'admin', '2022-05-06 22:03:56', '', NULL, '字典管理菜单');
INSERT INTO `sys_menu` (`menu_id`, `menu_name`, `parent_id`, `order_num`, `path`, `component`, `query`, `is_frame`, `is_cache`, `menu_type`, `visible`, `status`, `perms`, `icon`, `create_by`, `create_time`, `update_by`, `update_time`, `remark`) VALUES (106, '参数设置', 1, 7, 'config', 'system/config/index', '', 1, 0, 'C', '0', '0', 'system:config:list', 'edit', 'admin', '2022-05-06 22:03:56', '', NULL, '参数设置菜单');
INSERT INTO `sys_menu` (`menu_id`, `menu_name`, `parent_id`, `order_num`, `path`, `component`, `query`, `is_frame`, `is_cache`, `menu_type`, `visible`, `status`, `perms`, `icon`, `create_by`, `create_time`, `update_by`, `update_time`, `remark`) VALUES (107, '通知公告', 1, 8, 'notice', 'system/notice/index', '', 1, 0, 'C', '0', '0', 'system:notice:list', 'message', 'admin', '2022-05-06 22:03:56', '', NULL, '通知公告菜单');
INSERT INTO `sys_menu` (`menu_id`, `menu_name`, `parent_id`, `order_num`, `path`, `component`, `query`, `is_frame`, `is_cache`, `menu_type`, `visible`, `status`, `perms`, `icon`, `create_by`, `create_time`, `update_by`, `update_time`, `remark`) VALUES (108, '日志管理', 1, 9, 'log', '', '', 1, 0, 'M', '0', '0', '', 'log', 'admin', '2022-05-06 22:03:56', '', NULL, '日志管理菜单');
INSERT INTO `sys_menu` (`menu_id`, `menu_name`, `parent_id`, `order_num`, `path`, `component`, `query`, `is_frame`, `is_cache`, `menu_type`, `visible`, `status`, `perms`, `icon`, `create_by`, `create_time`, `update_by`, `update_time`, `remark`) VALUES (109, '在线用户', 2, 1, 'online', 'monitor/online/index', '', 1, 0, 'C', '0', '0', 'monitor:online:list', 'online', 'admin', '2022-05-06 22:03:56', '', NULL, '在线用户菜单');
INSERT INTO `sys_menu` (`menu_id`, `menu_name`, `parent_id`, `order_num`, `path`, `component`, `query`, `is_frame`, `is_cache`, `menu_type`, `visible`, `status`, `perms`, `icon`, `create_by`, `create_time`, `update_by`, `update_time`, `remark`) VALUES (110, '定时任务', 2, 2, 'job', 'monitor/job/index', '', 1, 0, 'C', '0', '0', 'monitor:job:list', 'job', 'admin', '2022-05-06 22:03:56', '', NULL, '定时任务菜单');
INSERT INTO `sys_menu` (`menu_id`, `menu_name`, `parent_id`, `order_num`, `path`, `component`, `query`, `is_frame`, `is_cache`, `menu_type`, `visible`, `status`, `perms`, `icon`, `create_by`, `create_time`, `update_by`, `update_time`, `remark`) VALUES (111, '数据监控', 2, 3, 'druid', 'monitor/druid/index', '', 1, 0, 'C', '0', '0', 'monitor:druid:list', 'druid', 'admin', '2022-05-06 22:03:56', '', NULL, '数据监控菜单');
INSERT INTO `sys_menu` (`menu_id`, `menu_name`, `parent_id`, `order_num`, `path`, `component`, `query`, `is_frame`, `is_cache`, `menu_type`, `visible`, `status`, `perms`, `icon`, `create_by`, `create_time`, `update_by`, `update_time`, `remark`) VALUES (112, '服务监控', 2, 4, 'server', 'monitor/server/index', '', 1, 0, 'C', '0', '0', 'monitor:server:list', 'server', 'admin', '2022-05-06 22:03:56', '', NULL, '服务监控菜单');
INSERT INTO `sys_menu` (`menu_id`, `menu_name`, `parent_id`, `order_num`, `path`, `component`, `query`, `is_frame`, `is_cache`, `menu_type`, `visible`, `status`, `perms`, `icon`, `create_by`, `create_time`, `update_by`, `update_time`, `remark`) VALUES (113, '缓存监控', 2, 5, 'cache', 'monitor/cache/index', '', 1, 0, 'C', '0', '0', 'monitor:cache:list', 'redis', 'admin', '2022-05-06 22:03:56', '', NULL, '缓存监控菜单');
INSERT INTO `sys_menu` (`menu_id`, `menu_name`, `parent_id`, `order_num`, `path`, `component`, `query`, `is_frame`, `is_cache`, `menu_type`, `visible`, `status`, `perms`, `icon`, `create_by`, `create_time`, `update_by`, `update_time`, `remark`) VALUES (114, '表单构建', 3, 1, 'build', 'tool/build/index', '', 1, 0, 'C', '0', '0', 'tool:build:list', 'build', 'admin', '2022-05-06 22:03:56', '', NULL, '表单构建菜单');
INSERT INTO `sys_menu` (`menu_id`, `menu_name`, `parent_id`, `order_num`, `path`, `component`, `query`, `is_frame`, `is_cache`, `menu_type`, `visible`, `status`, `perms`, `icon`, `create_by`, `create_time`, `update_by`, `update_time`, `remark`) VALUES (115, '代码生成', 3, 2, 'gen', 'tool/gen/index', '', 1, 0, 'C', '0', '0', 'tool:gen:list', 'code', 'admin', '2022-05-06 22:03:56', '', NULL, '代码生成菜单');
INSERT INTO `sys_menu` (`menu_id`, `menu_name`, `parent_id`, `order_num`, `path`, `component`, `query`, `is_frame`, `is_cache`, `menu_type`, `visible`, `status`, `perms`, `icon`, `create_by`, `create_time`, `update_by`, `update_time`, `remark`) VALUES (116, '系统接口', 3, 3, 'swagger', 'tool/swagger/index', '', 1, 0, 'C', '0', '0', 'tool:swagger:list', 'swagger', 'admin', '2022-05-06 22:03:56', '', NULL, '系统接口菜单');
INSERT INTO `sys_menu` (`menu_id`, `menu_name`, `parent_id`, `order_num`, `path`, `component`, `query`, `is_frame`, `is_cache`, `menu_type`, `visible`, `status`, `perms`, `icon`, `create_by`, `create_time`, `update_by`, `update_time`, `remark`) VALUES (500, '操作日志', 108, 1, 'operlog', 'monitor/operlog/index', '', 1, 0, 'C', '0', '0', 'monitor:operlog:list', 'form', 'admin', '2022-05-06 22:03:56', '', NULL, '操作日志菜单');
INSERT INTO `sys_menu` (`menu_id`, `menu_name`, `parent_id`, `order_num`, `path`, `component`, `query`, `is_frame`, `is_cache`, `menu_type`, `visible`, `status`, `perms`, `icon`, `create_by`, `create_time`, `update_by`, `update_time`, `remark`) VALUES (501, '登录日志', 108, 2, 'logininfor', 'monitor/logininfor/index', '', 1, 0, 'C', '0', '0', 'monitor:logininfor:list', 'logininfor', 'admin', '2022-05-06 22:03:56', '', NULL, '登录日志菜单');
INSERT INTO `sys_menu` (`menu_id`, `menu_name`, `parent_id`, `order_num`, `path`, `component`, `query`, `is_frame`, `is_cache`, `menu_type`, `visible`, `status`, `perms`, `icon`, `create_by`, `create_time`, `update_by`, `update_time`, `remark`) VALUES (1001, '用户查询', 100, 1, '', '', '', 1, 0, 'F', '0', '0', 'system:user:query', '#', 'admin', '2022-05-06 22:03:56', '', NULL, '');
INSERT INTO `sys_menu` (`menu_id`, `menu_name`, `parent_id`, `order_num`, `path`, `component`, `query`, `is_frame`, `is_cache`, `menu_type`, `visible`, `status`, `perms`, `icon`, `create_by`, `create_time`, `update_by`, `update_time`, `remark`) VALUES (1002, '用户新增', 100, 2, '', '', '', 1, 0, 'F', '0', '0', 'system:user:add', '#', 'admin', '2022-05-06 22:03:56', '', NULL, '');
INSERT INTO `sys_menu` (`menu_id`, `menu_name`, `parent_id`, `order_num`, `path`, `component`, `query`, `is_frame`, `is_cache`, `menu_type`, `visible`, `status`, `perms`, `icon`, `create_by`, `create_time`, `update_by`, `update_time`, `remark`) VALUES (1003, '用户修改', 100, 3, '', '', '', 1, 0, 'F', '0', '0', 'system:user:edit', '#', 'admin', '2022-05-06 22:03:56', '', NULL, '');
INSERT INTO `sys_menu` (`menu_id`, `menu_name`, `parent_id`, `order_num`, `path`, `component`, `query`, `is_frame`, `is_cache`, `menu_type`, `visible`, `status`, `perms`, `icon`, `create_by`, `create_time`, `update_by`, `update_time`, `remark`) VALUES (1004, '用户删除', 100, 4, '', '', '', 1, 0, 'F', '0', '0', 'system:user:remove', '#', 'admin', '2022-05-06 22:03:56', '', NULL, '');
INSERT INTO `sys_menu` (`menu_id`, `menu_name`, `parent_id`, `order_num`, `path`, `component`, `query`, `is_frame`, `is_cache`, `menu_type`, `visible`, `status`, `perms`, `icon`, `create_by`, `create_time`, `update_by`, `update_time`, `remark`) VALUES (1005, '用户导出', 100, 5, '', '', '', 1, 0, 'F', '0', '0', 'system:user:export', '#', 'admin', '2022-05-06 22:03:56', '', NULL, '');
INSERT INTO `sys_menu` (`menu_id`, `menu_name`, `parent_id`, `order_num`, `path`, `component`, `query`, `is_frame`, `is_cache`, `menu_type`, `visible`, `status`, `perms`, `icon`, `create_by`, `create_time`, `update_by`, `update_time`, `remark`) VALUES (1006, '用户导入', 100, 6, '', '', '', 1, 0, 'F', '0', '0', 'system:user:import', '#', 'admin', '2022-05-06 22:03:56', '', NULL, '');
INSERT INTO `sys_menu` (`menu_id`, `menu_name`, `parent_id`, `order_num`, `path`, `component`, `query`, `is_frame`, `is_cache`, `menu_type`, `visible`, `status`, `perms`, `icon`, `create_by`, `create_time`, `update_by`, `update_time`, `remark`) VALUES (1007, '重置密码', 100, 7, '', '', '', 1, 0, 'F', '0', '0', 'system:user:resetPwd', '#', 'admin', '2022-05-06 22:03:56', '', NULL, '');
INSERT INTO `sys_menu` (`menu_id`, `menu_name`, `parent_id`, `order_num`, `path`, `component`, `query`, `is_frame`, `is_cache`, `menu_type`, `visible`, `status`, `perms`, `icon`, `create_by`, `create_time`, `update_by`, `update_time`, `remark`) VALUES (1008, '角色查询', 101, 1, '', '', '', 1, 0, 'F', '0', '0', 'system:role:query', '#', 'admin', '2022-05-06 22:03:56', '', NULL, '');
INSERT INTO `sys_menu` (`menu_id`, `menu_name`, `parent_id`, `order_num`, `path`, `component`, `query`, `is_frame`, `is_cache`, `menu_type`, `visible`, `status`, `perms`, `icon`, `create_by`, `create_time`, `update_by`, `update_time`, `remark`) VALUES (1009, '角色新增', 101, 2, '', '', '', 1, 0, 'F', '0', '0', 'system:role:add', '#', 'admin', '2022-05-06 22:03:56', '', NULL, '');
INSERT INTO `sys_menu` (`menu_id`, `menu_name`, `parent_id`, `order_num`, `path`, `component`, `query`, `is_frame`, `is_cache`, `menu_type`, `visible`, `status`, `perms`, `icon`, `create_by`, `create_time`, `update_by`, `update_time`, `remark`) VALUES (1010, '角色修改', 101, 3, '', '', '', 1, 0, 'F', '0', '0', 'system:role:edit', '#', 'admin', '2022-05-06 22:03:56', '', NULL, '');
INSERT INTO `sys_menu` (`menu_id`, `menu_name`, `parent_id`, `order_num`, `path`, `component`, `query`, `is_frame`, `is_cache`, `menu_type`, `visible`, `status`, `perms`, `icon`, `create_by`, `create_time`, `update_by`, `update_time`, `remark`) VALUES (1011, '角色删除', 101, 4, '', '', '', 1, 0, 'F', '0', '0', 'system:role:remove', '#', 'admin', '2022-05-06 22:03:56', '', NULL, '');
INSERT INTO `sys_menu` (`menu_id`, `menu_name`, `parent_id`, `order_num`, `path`, `component`, `query`, `is_frame`, `is_cache`, `menu_type`, `visible`, `status`, `perms`, `icon`, `create_by`, `create_time`, `update_by`, `update_time`, `remark`) VALUES (1012, '角色导出', 101, 5, '', '', '', 1, 0, 'F', '0', '0', 'system:role:export', '#', 'admin', '2022-05-06 22:03:56', '', NULL, '');
INSERT INTO `sys_menu` (`menu_id`, `menu_name`, `parent_id`, `order_num`, `path`, `component`, `query`, `is_frame`, `is_cache`, `menu_type`, `visible`, `status`, `perms`, `icon`, `create_by`, `create_time`, `update_by`, `update_time`, `remark`) VALUES (1013, '菜单查询', 102, 1, '', '', '', 1, 0, 'F', '0', '0', 'system:menu:query', '#', 'admin', '2022-05-06 22:03:56', '', NULL, '');
INSERT INTO `sys_menu` (`menu_id`, `menu_name`, `parent_id`, `order_num`, `path`, `component`, `query`, `is_frame`, `is_cache`, `menu_type`, `visible`, `status`, `perms`, `icon`, `create_by`, `create_time`, `update_by`, `update_time`, `remark`) VALUES (1014, '菜单新增', 102, 2, '', '', '', 1, 0, 'F', '0', '0', 'system:menu:add', '#', 'admin', '2022-05-06 22:03:56', '', NULL, '');
INSERT INTO `sys_menu` (`menu_id`, `menu_name`, `parent_id`, `order_num`, `path`, `component`, `query`, `is_frame`, `is_cache`, `menu_type`, `visible`, `status`, `perms`, `icon`, `create_by`, `create_time`, `update_by`, `update_time`, `remark`) VALUES (1015, '菜单修改', 102, 3, '', '', '', 1, 0, 'F', '0', '0', 'system:menu:edit', '#', 'admin', '2022-05-06 22:03:56', '', NULL, '');
INSERT INTO `sys_menu` (`menu_id`, `menu_name`, `parent_id`, `order_num`, `path`, `component`, `query`, `is_frame`, `is_cache`, `menu_type`, `visible`, `status`, `perms`, `icon`, `create_by`, `create_time`, `update_by`, `update_time`, `remark`) VALUES (1016, '菜单删除', 102, 4, '', '', '', 1, 0, 'F', '0', '0', 'system:menu:remove', '#', 'admin', '2022-05-06 22:03:56', '', NULL, '');
INSERT INTO `sys_menu` (`menu_id`, `menu_name`, `parent_id`, `order_num`, `path`, `component`, `query`, `is_frame`, `is_cache`, `menu_type`, `visible`, `status`, `perms`, `icon`, `create_by`, `create_time`, `update_by`, `update_time`, `remark`) VALUES (1017, '部门查询', 103, 1, '', '', '', 1, 0, 'F', '0', '0', 'system:dept:query', '#', 'admin', '2022-05-06 22:03:56', '', NULL, '');
INSERT INTO `sys_menu` (`menu_id`, `menu_name`, `parent_id`, `order_num`, `path`, `component`, `query`, `is_frame`, `is_cache`, `menu_type`, `visible`, `status`, `perms`, `icon`, `create_by`, `create_time`, `update_by`, `update_time`, `remark`) VALUES (1018, '部门新增', 103, 2, '', '', '', 1, 0, 'F', '0', '0', 'system:dept:add', '#', 'admin', '2022-05-06 22:03:56', '', NULL, '');
INSERT INTO `sys_menu` (`menu_id`, `menu_name`, `parent_id`, `order_num`, `path`, `component`, `query`, `is_frame`, `is_cache`, `menu_type`, `visible`, `status`, `perms`, `icon`, `create_by`, `create_time`, `update_by`, `update_time`, `remark`) VALUES (1019, '部门修改', 103, 3, '', '', '', 1, 0, 'F', '0', '0', 'system:dept:edit', '#', 'admin', '2022-05-06 22:03:56', '', NULL, '');
INSERT INTO `sys_menu` (`menu_id`, `menu_name`, `parent_id`, `order_num`, `path`, `component`, `query`, `is_frame`, `is_cache`, `menu_type`, `visible`, `status`, `perms`, `icon`, `create_by`, `create_time`, `update_by`, `update_time`, `remark`) VALUES (1020, '部门删除', 103, 4, '', '', '', 1, 0, 'F', '0', '0', 'system:dept:remove', '#', 'admin', '2022-05-06 22:03:56', '', NULL, '');
INSERT INTO `sys_menu` (`menu_id`, `menu_name`, `parent_id`, `order_num`, `path`, `component`, `query`, `is_frame`, `is_cache`, `menu_type`, `visible`, `status`, `perms`, `icon`, `create_by`, `create_time`, `update_by`, `update_time`, `remark`) VALUES (1021, '岗位查询', 104, 1, '', '', '', 1, 0, 'F', '0', '0', 'system:post:query', '#', 'admin', '2022-05-06 22:03:56', '', NULL, '');
INSERT INTO `sys_menu` (`menu_id`, `menu_name`, `parent_id`, `order_num`, `path`, `component`, `query`, `is_frame`, `is_cache`, `menu_type`, `visible`, `status`, `perms`, `icon`, `create_by`, `create_time`, `update_by`, `update_time`, `remark`) VALUES (1022, '岗位新增', 104, 2, '', '', '', 1, 0, 'F', '0', '0', 'system:post:add', '#', 'admin', '2022-05-06 22:03:56', '', NULL, '');
INSERT INTO `sys_menu` (`menu_id`, `menu_name`, `parent_id`, `order_num`, `path`, `component`, `query`, `is_frame`, `is_cache`, `menu_type`, `visible`, `status`, `perms`, `icon`, `create_by`, `create_time`, `update_by`, `update_time`, `remark`) VALUES (1023, '岗位修改', 104, 3, '', '', '', 1, 0, 'F', '0', '0', 'system:post:edit', '#', 'admin', '2022-05-06 22:03:56', '', NULL, '');
INSERT INTO `sys_menu` (`menu_id`, `menu_name`, `parent_id`, `order_num`, `path`, `component`, `query`, `is_frame`, `is_cache`, `menu_type`, `visible`, `status`, `perms`, `icon`, `create_by`, `create_time`, `update_by`, `update_time`, `remark`) VALUES (1024, '岗位删除', 104, 4, '', '', '', 1, 0, 'F', '0', '0', 'system:post:remove', '#', 'admin', '2022-05-06 22:03:56', '', NULL, '');
INSERT INTO `sys_menu` (`menu_id`, `menu_name`, `parent_id`, `order_num`, `path`, `component`, `query`, `is_frame`, `is_cache`, `menu_type`, `visible`, `status`, `perms`, `icon`, `create_by`, `create_time`, `update_by`, `update_time`, `remark`) VALUES (1025, '岗位导出', 104, 5, '', '', '', 1, 0, 'F', '0', '0', 'system:post:export', '#', 'admin', '2022-05-06 22:03:56', '', NULL, '');
INSERT INTO `sys_menu` (`menu_id`, `menu_name`, `parent_id`, `order_num`, `path`, `component`, `query`, `is_frame`, `is_cache`, `menu_type`, `visible`, `status`, `perms`, `icon`, `create_by`, `create_time`, `update_by`, `update_time`, `remark`) VALUES (1026, '字典查询', 105, 1, '#', '', '', 1, 0, 'F', '0', '0', 'system:dict:query', '#', 'admin', '2022-05-06 22:03:56', '', NULL, '');
INSERT INTO `sys_menu` (`menu_id`, `menu_name`, `parent_id`, `order_num`, `path`, `component`, `query`, `is_frame`, `is_cache`, `menu_type`, `visible`, `status`, `perms`, `icon`, `create_by`, `create_time`, `update_by`, `update_time`, `remark`) VALUES (1027, '字典新增', 105, 2, '#', '', '', 1, 0, 'F', '0', '0', 'system:dict:add', '#', 'admin', '2022-05-06 22:03:56', '', NULL, '');
INSERT INTO `sys_menu` (`menu_id`, `menu_name`, `parent_id`, `order_num`, `path`, `component`, `query`, `is_frame`, `is_cache`, `menu_type`, `visible`, `status`, `perms`, `icon`, `create_by`, `create_time`, `update_by`, `update_time`, `remark`) VALUES (1028, '字典修改', 105, 3, '#', '', '', 1, 0, 'F', '0', '0', 'system:dict:edit', '#', 'admin', '2022-05-06 22:03:56', '', NULL, '');
INSERT INTO `sys_menu` (`menu_id`, `menu_name`, `parent_id`, `order_num`, `path`, `component`, `query`, `is_frame`, `is_cache`, `menu_type`, `visible`, `status`, `perms`, `icon`, `create_by`, `create_time`, `update_by`, `update_time`, `remark`) VALUES (1029, '字典删除', 105, 4, '#', '', '', 1, 0, 'F', '0', '0', 'system:dict:remove', '#', 'admin', '2022-05-06 22:03:56', '', NULL, '');
INSERT INTO `sys_menu` (`menu_id`, `menu_name`, `parent_id`, `order_num`, `path`, `component`, `query`, `is_frame`, `is_cache`, `menu_type`, `visible`, `status`, `perms`, `icon`, `create_by`, `create_time`, `update_by`, `update_time`, `remark`) VALUES (1030, '字典导出', 105, 5, '#', '', '', 1, 0, 'F', '0', '0', 'system:dict:export', '#', 'admin', '2022-05-06 22:03:56', '', NULL, '');
INSERT INTO `sys_menu` (`menu_id`, `menu_name`, `parent_id`, `order_num`, `path`, `component`, `query`, `is_frame`, `is_cache`, `menu_type`, `visible`, `status`, `perms`, `icon`, `create_by`, `create_time`, `update_by`, `update_time`, `remark`) VALUES (1031, '参数查询', 106, 1, '#', '', '', 1, 0, 'F', '0', '0', 'system:config:query', '#', 'admin', '2022-05-06 22:03:56', '', NULL, '');
INSERT INTO `sys_menu` (`menu_id`, `menu_name`, `parent_id`, `order_num`, `path`, `component`, `query`, `is_frame`, `is_cache`, `menu_type`, `visible`, `status`, `perms`, `icon`, `create_by`, `create_time`, `update_by`, `update_time`, `remark`) VALUES (1032, '参数新增', 106, 2, '#', '', '', 1, 0, 'F', '0', '0', 'system:config:add', '#', 'admin', '2022-05-06 22:03:56', '', NULL, '');
INSERT INTO `sys_menu` (`menu_id`, `menu_name`, `parent_id`, `order_num`, `path`, `component`, `query`, `is_frame`, `is_cache`, `menu_type`, `visible`, `status`, `perms`, `icon`, `create_by`, `create_time`, `update_by`, `update_time`, `remark`) VALUES (1033, '参数修改', 106, 3, '#', '', '', 1, 0, 'F', '0', '0', 'system:config:edit', '#', 'admin', '2022-05-06 22:03:56', '', NULL, '');
INSERT INTO `sys_menu` (`menu_id`, `menu_name`, `parent_id`, `order_num`, `path`, `component`, `query`, `is_frame`, `is_cache`, `menu_type`, `visible`, `status`, `perms`, `icon`, `create_by`, `create_time`, `update_by`, `update_time`, `remark`) VALUES (1034, '参数删除', 106, 4, '#', '', '', 1, 0, 'F', '0', '0', 'system:config:remove', '#', 'admin', '2022-05-06 22:03:56', '', NULL, '');
INSERT INTO `sys_menu` (`menu_id`, `menu_name`, `parent_id`, `order_num`, `path`, `component`, `query`, `is_frame`, `is_cache`, `menu_type`, `visible`, `status`, `perms`, `icon`, `create_by`, `create_time`, `update_by`, `update_time`, `remark`) VALUES (1035, '参数导出', 106, 5, '#', '', '', 1, 0, 'F', '0', '0', 'system:config:export', '#', 'admin', '2022-05-06 22:03:56', '', NULL, '');
INSERT INTO `sys_menu` (`menu_id`, `menu_name`, `parent_id`, `order_num`, `path`, `component`, `query`, `is_frame`, `is_cache`, `menu_type`, `visible`, `status`, `perms`, `icon`, `create_by`, `create_time`, `update_by`, `update_time`, `remark`) VALUES (1036, '公告查询', 107, 1, '#', '', '', 1, 0, 'F', '0', '0', 'system:notice:query', '#', 'admin', '2022-05-06 22:03:56', '', NULL, '');
INSERT INTO `sys_menu` (`menu_id`, `menu_name`, `parent_id`, `order_num`, `path`, `component`, `query`, `is_frame`, `is_cache`, `menu_type`, `visible`, `status`, `perms`, `icon`, `create_by`, `create_time`, `update_by`, `update_time`, `remark`) VALUES (1037, '公告新增', 107, 2, '#', '', '', 1, 0, 'F', '0', '0', 'system:notice:add', '#', 'admin', '2022-05-06 22:03:56', '', NULL, '');
INSERT INTO `sys_menu` (`menu_id`, `menu_name`, `parent_id`, `order_num`, `path`, `component`, `query`, `is_frame`, `is_cache`, `menu_type`, `visible`, `status`, `perms`, `icon`, `create_by`, `create_time`, `update_by`, `update_time`, `remark`) VALUES (1038, '公告修改', 107, 3, '#', '', '', 1, 0, 'F', '0', '0', 'system:notice:edit', '#', 'admin', '2022-05-06 22:03:56', '', NULL, '');
INSERT INTO `sys_menu` (`menu_id`, `menu_name`, `parent_id`, `order_num`, `path`, `component`, `query`, `is_frame`, `is_cache`, `menu_type`, `visible`, `status`, `perms`, `icon`, `create_by`, `create_time`, `update_by`, `update_time`, `remark`) VALUES (1039, '公告删除', 107, 4, '#', '', '', 1, 0, 'F', '0', '0', 'system:notice:remove', '#', 'admin', '2022-05-06 22:03:56', '', NULL, '');
INSERT INTO `sys_menu` (`menu_id`, `menu_name`, `parent_id`, `order_num`, `path`, `component`, `query`, `is_frame`, `is_cache`, `menu_type`, `visible`, `status`, `perms`, `icon`, `create_by`, `create_time`, `update_by`, `update_time`, `remark`) VALUES (1040, '操作查询', 500, 1, '#', '', '', 1, 0, 'F', '0', '0', 'monitor:operlog:query', '#', 'admin', '2022-05-06 22:03:56', '', NULL, '');
INSERT INTO `sys_menu` (`menu_id`, `menu_name`, `parent_id`, `order_num`, `path`, `component`, `query`, `is_frame`, `is_cache`, `menu_type`, `visible`, `status`, `perms`, `icon`, `create_by`, `create_time`, `update_by`, `update_time`, `remark`) VALUES (1041, '操作删除', 500, 2, '#', '', '', 1, 0, 'F', '0', '0', 'monitor:operlog:remove', '#', 'admin', '2022-05-06 22:03:56', '', NULL, '');
INSERT INTO `sys_menu` (`menu_id`, `menu_name`, `parent_id`, `order_num`, `path`, `component`, `query`, `is_frame`, `is_cache`, `menu_type`, `visible`, `status`, `perms`, `icon`, `create_by`, `create_time`, `update_by`, `update_time`, `remark`) VALUES (1042, '日志导出', 500, 4, '#', '', '', 1, 0, 'F', '0', '0', 'monitor:operlog:export', '#', 'admin', '2022-05-06 22:03:56', '', NULL, '');
INSERT INTO `sys_menu` (`menu_id`, `menu_name`, `parent_id`, `order_num`, `path`, `component`, `query`, `is_frame`, `is_cache`, `menu_type`, `visible`, `status`, `perms`, `icon`, `create_by`, `create_time`, `update_by`, `update_time`, `remark`) VALUES (1043, '登录查询', 501, 1, '#', '', '', 1, 0, 'F', '0', '0', 'monitor:logininfor:query', '#', 'admin', '2022-05-06 22:03:56', '', NULL, '');
INSERT INTO `sys_menu` (`menu_id`, `menu_name`, `parent_id`, `order_num`, `path`, `component`, `query`, `is_frame`, `is_cache`, `menu_type`, `visible`, `status`, `perms`, `icon`, `create_by`, `create_time`, `update_by`, `update_time`, `remark`) VALUES (1044, '登录删除', 501, 2, '#', '', '', 1, 0, 'F', '0', '0', 'monitor:logininfor:remove', '#', 'admin', '2022-05-06 22:03:56', '', NULL, '');
INSERT INTO `sys_menu` (`menu_id`, `menu_name`, `parent_id`, `order_num`, `path`, `component`, `query`, `is_frame`, `is_cache`, `menu_type`, `visible`, `status`, `perms`, `icon`, `create_by`, `create_time`, `update_by`, `update_time`, `remark`) VALUES (1045, '日志导出', 501, 3, '#', '', '', 1, 0, 'F', '0', '0', 'monitor:logininfor:export', '#', 'admin', '2022-05-06 22:03:56', '', NULL, '');
INSERT INTO `sys_menu` (`menu_id`, `menu_name`, `parent_id`, `order_num`, `path`, `component`, `query`, `is_frame`, `is_cache`, `menu_type`, `visible`, `status`, `perms`, `icon`, `create_by`, `create_time`, `update_by`, `update_time`, `remark`) VALUES (1046, '在线查询', 109, 1, '#', '', '', 1, 0, 'F', '0', '0', 'monitor:online:query', '#', 'admin', '2022-05-06 22:03:56', '', NULL, '');
INSERT INTO `sys_menu` (`menu_id`, `menu_name`, `parent_id`, `order_num`, `path`, `component`, `query`, `is_frame`, `is_cache`, `menu_type`, `visible`, `status`, `perms`, `icon`, `create_by`, `create_time`, `update_by`, `update_time`, `remark`) VALUES (1047, '批量强退', 109, 2, '#', '', '', 1, 0, 'F', '0', '0', 'monitor:online:batchLogout', '#', 'admin', '2022-05-06 22:03:56', '', NULL, '');
INSERT INTO `sys_menu` (`menu_id`, `menu_name`, `parent_id`, `order_num`, `path`, `component`, `query`, `is_frame`, `is_cache`, `menu_type`, `visible`, `status`, `perms`, `icon`, `create_by`, `create_time`, `update_by`, `update_time`, `remark`) VALUES (1048, '单条强退', 109, 3, '#', '', '', 1, 0, 'F', '0', '0', 'monitor:online:forceLogout', '#', 'admin', '2022-05-06 22:03:56', '', NULL, '');
INSERT INTO `sys_menu` (`menu_id`, `menu_name`, `parent_id`, `order_num`, `path`, `component`, `query`, `is_frame`, `is_cache`, `menu_type`, `visible`, `status`, `perms`, `icon`, `create_by`, `create_time`, `update_by`, `update_time`, `remark`) VALUES (1049, '任务查询', 110, 1, '#', '', '', 1, 0, 'F', '0', '0', 'monitor:job:query', '#', 'admin', '2022-05-06 22:03:56', '', NULL, '');
INSERT INTO `sys_menu` (`menu_id`, `menu_name`, `parent_id`, `order_num`, `path`, `component`, `query`, `is_frame`, `is_cache`, `menu_type`, `visible`, `status`, `perms`, `icon`, `create_by`, `create_time`, `update_by`, `update_time`, `remark`) VALUES (1050, '任务新增', 110, 2, '#', '', '', 1, 0, 'F', '0', '0', 'monitor:job:add', '#', 'admin', '2022-05-06 22:03:56', '', NULL, '');
INSERT INTO `sys_menu` (`menu_id`, `menu_name`, `parent_id`, `order_num`, `path`, `component`, `query`, `is_frame`, `is_cache`, `menu_type`, `visible`, `status`, `perms`, `icon`, `create_by`, `create_time`, `update_by`, `update_time`, `remark`) VALUES (1051, '任务修改', 110, 3, '#', '', '', 1, 0, 'F', '0', '0', 'monitor:job:edit', '#', 'admin', '2022-05-06 22:03:56', '', NULL, '');
INSERT INTO `sys_menu` (`menu_id`, `menu_name`, `parent_id`, `order_num`, `path`, `component`, `query`, `is_frame`, `is_cache`, `menu_type`, `visible`, `status`, `perms`, `icon`, `create_by`, `create_time`, `update_by`, `update_time`, `remark`) VALUES (1052, '任务删除', 110, 4, '#', '', '', 1, 0, 'F', '0', '0', 'monitor:job:remove', '#', 'admin', '2022-05-06 22:03:56', '', NULL, '');
INSERT INTO `sys_menu` (`menu_id`, `menu_name`, `parent_id`, `order_num`, `path`, `component`, `query`, `is_frame`, `is_cache`, `menu_type`, `visible`, `status`, `perms`, `icon`, `create_by`, `create_time`, `update_by`, `update_time`, `remark`) VALUES (1053, '状态修改', 110, 5, '#', '', '', 1, 0, 'F', '0', '0', 'monitor:job:changeStatus', '#', 'admin', '2022-05-06 22:03:56', '', NULL, '');
INSERT INTO `sys_menu` (`menu_id`, `menu_name`, `parent_id`, `order_num`, `path`, `component`, `query`, `is_frame`, `is_cache`, `menu_type`, `visible`, `status`, `perms`, `icon`, `create_by`, `create_time`, `update_by`, `update_time`, `remark`) VALUES (1054, '任务导出', 110, 7, '#', '', '', 1, 0, 'F', '0', '0', 'monitor:job:export', '#', 'admin', '2022-05-06 22:03:56', '', NULL, '');
INSERT INTO `sys_menu` (`menu_id`, `menu_name`, `parent_id`, `order_num`, `path`, `component`, `query`, `is_frame`, `is_cache`, `menu_type`, `visible`, `status`, `perms`, `icon`, `create_by`, `create_time`, `update_by`, `update_time`, `remark`) VALUES (1055, '生成查询', 115, 1, '#', '', '', 1, 0, 'F', '0', '0', 'tool:gen:query', '#', 'admin', '2022-05-06 22:03:56', '', NULL, '');
INSERT INTO `sys_menu` (`menu_id`, `menu_name`, `parent_id`, `order_num`, `path`, `component`, `query`, `is_frame`, `is_cache`, `menu_type`, `visible`, `status`, `perms`, `icon`, `create_by`, `create_time`, `update_by`, `update_time`, `remark`) VALUES (1056, '生成修改', 115, 2, '#', '', '', 1, 0, 'F', '0', '0', 'tool:gen:edit', '#', 'admin', '2022-05-06 22:03:56', '', NULL, '');
INSERT INTO `sys_menu` (`menu_id`, `menu_name`, `parent_id`, `order_num`, `path`, `component`, `query`, `is_frame`, `is_cache`, `menu_type`, `visible`, `status`, `perms`, `icon`, `create_by`, `create_time`, `update_by`, `update_time`, `remark`) VALUES (1057, '生成删除', 115, 3, '#', '', '', 1, 0, 'F', '0', '0', 'tool:gen:remove', '#', 'admin', '2022-05-06 22:03:56', '', NULL, '');
INSERT INTO `sys_menu` (`menu_id`, `menu_name`, `parent_id`, `order_num`, `path`, `component`, `query`, `is_frame`, `is_cache`, `menu_type`, `visible`, `status`, `perms`, `icon`, `create_by`, `create_time`, `update_by`, `update_time`, `remark`) VALUES (1058, '导入代码', 115, 2, '#', '', '', 1, 0, 'F', '0', '0', 'tool:gen:import', '#', 'admin', '2022-05-06 22:03:56', '', NULL, '');
INSERT INTO `sys_menu` (`menu_id`, `menu_name`, `parent_id`, `order_num`, `path`, `component`, `query`, `is_frame`, `is_cache`, `menu_type`, `visible`, `status`, `perms`, `icon`, `create_by`, `create_time`, `update_by`, `update_time`, `remark`) VALUES (1059, '预览代码', 115, 4, '#', '', '', 1, 0, 'F', '0', '0', 'tool:gen:preview', '#', 'admin', '2022-05-06 22:03:56', '', NULL, '');
INSERT INTO `sys_menu` (`menu_id`, `menu_name`, `parent_id`, `order_num`, `path`, `component`, `query`, `is_frame`, `is_cache`, `menu_type`, `visible`, `status`, `perms`, `icon`, `create_by`, `create_time`, `update_by`, `update_time`, `remark`) VALUES (1060, '生成代码', 115, 5, '#', '', '', 1, 0, 'F', '0', '0', 'tool:gen:code', '#', 'admin', '2022-05-06 22:03:56', '', NULL, '');
INSERT INTO `sys_menu` (`menu_id`, `menu_name`, `parent_id`, `order_num`, `path`, `component`, `query`, `is_frame`, `is_cache`, `menu_type`, `visible`, `status`, `perms`, `icon`, `create_by`, `create_time`, `update_by`, `update_time`, `remark`) VALUES (2000, '乡村经济建设服务', 0, 4, 'ruraleconomic', NULL, NULL, 1, 0, 'M', '0', '0', '', 'icon', 'admin', '2022-05-08 12:12:11', 'admin', '2022-05-09 19:44:41', '');
INSERT INTO `sys_menu` (`menu_id`, `menu_name`, `parent_id`, `order_num`, `path`, `component`, `query`, `is_frame`, `is_cache`, `menu_type`, `visible`, `status`, `perms`, `icon`, `create_by`, `create_time`, `update_by`, `update_time`, `remark`) VALUES (2001, '乡村特产', 2000, 1, 'specialty', 'ruraleconomic/specialty/index', NULL, 1, 0, 'C', '0', '0', 'ruraleconomic:specialty:list', 'validCode', 'admin', '2022-05-08 12:15:22', 'admin', '2022-05-09 19:52:31', '');
INSERT INTO `sys_menu` (`menu_id`, `menu_name`, `parent_id`, `order_num`, `path`, `component`, `query`, `is_frame`, `is_cache`, `menu_type`, `visible`, `status`, `perms`, `icon`, `create_by`, `create_time`, `update_by`, `update_time`, `remark`) VALUES (2002, '乡村景观', 2000, 2, 'landscape', 'ruraleconomic/landscape/index', NULL, 1, 0, 'C', '0', '0', 'ruraleconomic:landscape:list', 'server', 'admin', '2022-05-08 12:16:52', 'admin', '2022-05-09 19:52:50', '');
INSERT INTO `sys_menu` (`menu_id`, `menu_name`, `parent_id`, `order_num`, `path`, `component`, `query`, `is_frame`, `is_cache`, `menu_type`, `visible`, `status`, `perms`, `icon`, `create_by`, `create_time`, `update_by`, `update_time`, `remark`) VALUES (2003, '乡村项目招标', 2000, 3, 'bid', 'ruraleconomic/bid/index', NULL, 1, 0, 'C', '0', '0', 'ruraleconomic:bid:list', 'clipboard', 'admin', '2022-05-08 12:18:30', 'admin', '2022-05-19 12:01:40', '');
INSERT INTO `sys_menu` (`menu_id`, `menu_name`, `parent_id`, `order_num`, `path`, `component`, `query`, `is_frame`, `is_cache`, `menu_type`, `visible`, `status`, `perms`, `icon`, `create_by`, `create_time`, `update_by`, `update_time`, `remark`) VALUES (2004, '乡村居民信息服务', 0, 5, 'ruralrims', NULL, NULL, 1, 0, 'M', '0', '0', '', 'online', 'admin', '2022-05-11 22:51:30', 'admin', '2022-05-19 08:29:45', '');
INSERT INTO `sys_menu` (`menu_id`, `menu_name`, `parent_id`, `order_num`, `path`, `component`, `query`, `is_frame`, `is_cache`, `menu_type`, `visible`, `status`, `perms`, `icon`, `create_by`, `create_time`, `update_by`, `update_time`, `remark`) VALUES (2005, '人口信息', 2004, 1, 'peopleinfo', 'ruralrims/peopleinfo/index', NULL, 1, 0, 'C', '0', '0', 'ruralrims:peopleinfo:list', 'logininfor', 'admin', '2022-05-11 22:52:49', 'admin', '2022-05-11 22:53:16', '');
INSERT INTO `sys_menu` (`menu_id`, `menu_name`, `parent_id`, `order_num`, `path`, `component`, `query`, `is_frame`, `is_cache`, `menu_type`, `visible`, `status`, `perms`, `icon`, `create_by`, `create_time`, `update_by`, `update_time`, `remark`) VALUES (2006, '便民利民服务', 0, 6, 'convenience', NULL, NULL, 1, 0, 'M', '0', '0', '', 'cascader', 'admin', '2022-05-13 11:36:56', 'admin', '2022-05-13 14:05:44', '');
INSERT INTO `sys_menu` (`menu_id`, `menu_name`, `parent_id`, `order_num`, `path`, `component`, `query`, `is_frame`, `is_cache`, `menu_type`, `visible`, `status`, `perms`, `icon`, `create_by`, `create_time`, `update_by`, `update_time`, `remark`) VALUES (2007, '申请跑腿', 2006, 1, 'errands', 'convenience/errands/index', NULL, 1, 0, 'C', '0', '0', 'convenience:errands:list', 'server', 'admin', '2022-05-13 11:38:04', '', NULL, '');
INSERT INTO `sys_menu` (`menu_id`, `menu_name`, `parent_id`, `order_num`, `path`, `component`, `query`, `is_frame`, `is_cache`, `menu_type`, `visible`, `status`, `perms`, `icon`, `create_by`, `create_time`, `update_by`, `update_time`, `remark`) VALUES (2008, '申请维修', 2006, 2, 'maintain', 'convenience/maintain/index', NULL, 1, 0, 'C', '0', '0', 'convenience:maintain:list', 'edit', 'admin', '2022-05-13 14:05:31', '', NULL, '');
INSERT INTO `sys_menu` (`menu_id`, `menu_name`, `parent_id`, `order_num`, `path`, `component`, `query`, `is_frame`, `is_cache`, `menu_type`, `visible`, `status`, `perms`, `icon`, `create_by`, `create_time`, `update_by`, `update_time`, `remark`) VALUES (2009, '申请设施', 2006, 3, 'infrastructure', 'convenience/infrastructure/index', NULL, 1, 0, 'C', '0', '0', 'convenience:infrastructure:list', 'clipboard', 'admin', '2022-05-13 14:31:58', 'admin', '2022-05-13 14:32:09', '');
INSERT INTO `sys_menu` (`menu_id`, `menu_name`, `parent_id`, `order_num`, `path`, `component`, `query`, `is_frame`, `is_cache`, `menu_type`, `visible`, `status`, `perms`, `icon`, `create_by`, `create_time`, `update_by`, `update_time`, `remark`) VALUES (2010, '人民当家作主', 0, 7, 'ruralpcm', NULL, NULL, 1, 0, 'M', '0', '0', NULL, 'row', 'admin', '2022-05-17 22:16:25', '', NULL, '');
INSERT INTO `sys_menu` (`menu_id`, `menu_name`, `parent_id`, `order_num`, `path`, `component`, `query`, `is_frame`, `is_cache`, `menu_type`, `visible`, `status`, `perms`, `icon`, `create_by`, `create_time`, `update_by`, `update_time`, `remark`) VALUES (2011, '我有建议', 2010, 2, 'proposal', 'ruralpcm/proposal/index', NULL, 1, 0, 'C', '0', '0', 'ruralpcm:proposal:list', 'post', 'admin', '2022-05-17 22:18:12', '', NULL, '');
INSERT INTO `sys_menu` (`menu_id`, `menu_name`, `parent_id`, `order_num`, `path`, `component`, `query`, `is_frame`, `is_cache`, `menu_type`, `visible`, `status`, `perms`, `icon`, `create_by`, `create_time`, `update_by`, `update_time`, `remark`) VALUES (2012, '我要投诉', 2010, 3, 'complaint', 'ruralpcm/complaint/index', NULL, 1, 0, 'C', '0', '0', 'ruralpcm:complaint:list', 'validCode', 'admin', '2022-05-19 06:04:56', '', NULL, '');
INSERT INTO `sys_menu` (`menu_id`, `menu_name`, `parent_id`, `order_num`, `path`, `component`, `query`, `is_frame`, `is_cache`, `menu_type`, `visible`, `status`, `perms`, `icon`, `create_by`, `create_time`, `update_by`, `update_time`, `remark`) VALUES (2013, '我要投票', 2010, 1, 'vote', 'ruralpcm/vote/index', NULL, 1, 0, 'C', '0', '0', 'ruralpcm:vote:list', 'chart', 'admin', '2022-05-19 07:10:40', '', NULL, '');
INSERT INTO `sys_menu` (`menu_id`, `menu_name`, `parent_id`, `order_num`, `path`, `component`, `query`, `is_frame`, `is_cache`, `menu_type`, `visible`, `status`, `perms`, `icon`, `create_by`, `create_time`, `update_by`, `update_time`, `remark`) VALUES (2014, '投票', 2013, 1, '', NULL, NULL, 1, 0, 'F', '0', '0', 'ruralpcm:vote:vote', '#', 'admin', '2022-05-19 08:23:08', '', NULL, '');
COMMIT;

-- ----------------------------
-- Table structure for sys_notice
-- ----------------------------
DROP TABLE IF EXISTS `sys_notice`;
CREATE TABLE `sys_notice` (
  `notice_id` int NOT NULL AUTO_INCREMENT COMMENT '公告ID',
  `notice_title` varchar(50) NOT NULL COMMENT '公告标题',
  `notice_type` char(1) NOT NULL COMMENT '公告类型（1通知 2公告）',
  `notice_content` longblob COMMENT '公告内容',
  `status` char(1) DEFAULT '0' COMMENT '公告状态（0正常 1关闭）',
  `create_by` varchar(64) DEFAULT '' COMMENT '创建者',
  `create_time` datetime DEFAULT NULL COMMENT '创建时间',
  `update_by` varchar(64) DEFAULT '' COMMENT '更新者',
  `update_time` datetime DEFAULT NULL COMMENT '更新时间',
  `remark` varchar(255) DEFAULT NULL COMMENT '备注',
  PRIMARY KEY (`notice_id`)
) ENGINE=InnoDB AUTO_INCREMENT=10 DEFAULT CHARSET=utf8mb3 COMMENT='通知公告表';

-- ----------------------------
-- Records of sys_notice
-- ----------------------------
BEGIN;
INSERT INTO `sys_notice` (`notice_id`, `notice_title`, `notice_type`, `notice_content`, `status`, `create_by`, `create_time`, `update_by`, `update_time`, `remark`) VALUES (1, '温馨提醒：2018-07-01 若依新版本发布啦', '2', 0xE696B0E78988E69CACE58685E5AEB9, '0', 'admin', '2022-05-06 22:03:56', '', NULL, '管理员');
INSERT INTO `sys_notice` (`notice_id`, `notice_title`, `notice_type`, `notice_content`, `status`, `create_by`, `create_time`, `update_by`, `update_time`, `remark`) VALUES (2, '维护通知：2018-07-01 若依系统凌晨维护', '1', 0xE7BBB4E68AA4E58685E5AEB9, '0', 'admin', '2022-05-06 22:03:56', '', NULL, '管理员');
COMMIT;

-- ----------------------------
-- Table structure for sys_oper_log
-- ----------------------------
DROP TABLE IF EXISTS `sys_oper_log`;
CREATE TABLE `sys_oper_log` (
  `oper_id` bigint NOT NULL AUTO_INCREMENT COMMENT '日志主键',
  `title` varchar(50) DEFAULT '' COMMENT '模块标题',
  `business_type` int DEFAULT '0' COMMENT '业务类型（0其它 1新增 2修改 3删除）',
  `method` varchar(100) DEFAULT '' COMMENT '方法名称',
  `request_method` varchar(10) DEFAULT '' COMMENT '请求方式',
  `operator_type` int DEFAULT '0' COMMENT '操作类别（0其它 1后台用户 2手机端用户）',
  `oper_name` varchar(50) DEFAULT '' COMMENT '操作人员',
  `dept_name` varchar(50) DEFAULT '' COMMENT '部门名称',
  `oper_url` varchar(255) DEFAULT '' COMMENT '请求URL',
  `oper_ip` varchar(128) DEFAULT '' COMMENT '主机地址',
  `oper_location` varchar(255) DEFAULT '' COMMENT '操作地点',
  `oper_param` varchar(2000) DEFAULT '' COMMENT '请求参数',
  `json_result` varchar(2000) DEFAULT '' COMMENT '返回参数',
  `status` int DEFAULT '0' COMMENT '操作状态（0正常 1异常）',
  `error_msg` varchar(2000) DEFAULT '' COMMENT '错误消息',
  `oper_time` datetime DEFAULT NULL COMMENT '操作时间',
  PRIMARY KEY (`oper_id`)
) ENGINE=InnoDB AUTO_INCREMENT=322 DEFAULT CHARSET=utf8mb3 COMMENT='操作日志记录';

-- ----------------------------
-- Records of sys_oper_log
-- ----------------------------
BEGIN;
INSERT INTO `sys_oper_log` (`oper_id`, `title`, `business_type`, `method`, `request_method`, `operator_type`, `oper_name`, `dept_name`, `oper_url`, `oper_ip`, `oper_location`, `oper_param`, `json_result`, `status`, `error_msg`, `oper_time`) VALUES (100, '参数管理', 2, 'com.rural.web.controller.system.SysConfigController.edit()', 'PUT', 1, 'admin', NULL, '/system/config', '127.0.0.1', '内网IP', '{\"configName\":\"主框架页-默认皮肤样式名称\",\"configKey\":\"sys.index.skinName\",\"createBy\":\"admin\",\"createTime\":1651845836000,\"updateBy\":\"admin\",\"configId\":1,\"remark\":\"蓝色 skin-blue、绿色 skin-green、紫色 skin-purple、红色 skin-red、黄色 skin-yellow\",\"configType\":\"Y\",\"configValue\":\"skin-green\",\"params\":{}}', '{\"msg\":\"操作成功\",\"code\":200}', 0, NULL, '2022-05-07 17:52:29');
INSERT INTO `sys_oper_log` (`oper_id`, `title`, `business_type`, `method`, `request_method`, `operator_type`, `oper_name`, `dept_name`, `oper_url`, `oper_ip`, `oper_location`, `oper_param`, `json_result`, `status`, `error_msg`, `oper_time`) VALUES (101, '参数管理', 2, 'com.rural.web.controller.system.SysConfigController.edit()', 'PUT', 1, 'admin', NULL, '/system/config', '127.0.0.1', '内网IP', '{\"configName\":\"主框架页-默认皮肤样式名称\",\"configKey\":\"sys.index.skinName\",\"createBy\":\"admin\",\"createTime\":1651845836000,\"updateBy\":\"admin\",\"configId\":1,\"remark\":\"蓝色 skin-blue、绿色 skin-green、紫色 skin-purple、红色 skin-red、黄色 skin-yellow\",\"updateTime\":1651917149000,\"configType\":\"Y\",\"configValue\":\"skin-blue\",\"params\":{}}', '{\"msg\":\"操作成功\",\"code\":200}', 0, NULL, '2022-05-07 17:53:25');
INSERT INTO `sys_oper_log` (`oper_id`, `title`, `business_type`, `method`, `request_method`, `operator_type`, `oper_name`, `dept_name`, `oper_url`, `oper_ip`, `oper_location`, `oper_param`, `json_result`, `status`, `error_msg`, `oper_time`) VALUES (102, '菜单管理', 3, 'com.rural.web.controller.system.SysMenuController.remove()', 'DELETE', 1, 'admin', NULL, '/system/menu/4', '127.0.0.1', '内网IP', '{menuId=4}', '{\"msg\":\"菜单已分配,不允许删除\",\"code\":500}', 0, NULL, '2022-05-07 17:54:25');
INSERT INTO `sys_oper_log` (`oper_id`, `title`, `business_type`, `method`, `request_method`, `operator_type`, `oper_name`, `dept_name`, `oper_url`, `oper_ip`, `oper_location`, `oper_param`, `json_result`, `status`, `error_msg`, `oper_time`) VALUES (103, '用户头像', 2, 'com.rural.web.controller.system.SysProfileController.avatar()', 'POST', 1, 'admin', NULL, '/system/user/profile/avatar', '127.0.0.1', '内网IP', '', NULL, 1, 'D:\\ruoyi\\uploadPath\\avatar\\2022\\05\\07\\blob_20220507190547A001.jpeg', '2022-05-07 19:05:46');
INSERT INTO `sys_oper_log` (`oper_id`, `title`, `business_type`, `method`, `request_method`, `operator_type`, `oper_name`, `dept_name`, `oper_url`, `oper_ip`, `oper_location`, `oper_param`, `json_result`, `status`, `error_msg`, `oper_time`) VALUES (104, '用户头像', 2, 'com.rural.web.controller.system.SysProfileController.avatar()', 'POST', 1, 'admin', NULL, '/system/user/profile/avatar', '127.0.0.1', '内网IP', '', '{\"msg\":\"操作成功\",\"imgUrl\":\"/profile/avatar/2022/05/07/blob_20220507190641A001.jpeg\",\"code\":200}', 0, NULL, '2022-05-07 19:06:40');
INSERT INTO `sys_oper_log` (`oper_id`, `title`, `business_type`, `method`, `request_method`, `operator_type`, `oper_name`, `dept_name`, `oper_url`, `oper_ip`, `oper_location`, `oper_param`, `json_result`, `status`, `error_msg`, `oper_time`) VALUES (105, '菜单管理', 3, 'com.rural.web.controller.system.SysMenuController.remove()', 'DELETE', 1, 'admin', NULL, '/system/menu/4', '127.0.0.1', '内网IP', '{menuId=4}', '{\"msg\":\"菜单已分配,不允许删除\",\"code\":500}', 0, NULL, '2022-05-07 22:33:53');
INSERT INTO `sys_oper_log` (`oper_id`, `title`, `business_type`, `method`, `request_method`, `operator_type`, `oper_name`, `dept_name`, `oper_url`, `oper_ip`, `oper_location`, `oper_param`, `json_result`, `status`, `error_msg`, `oper_time`) VALUES (106, '角色管理', 2, 'com.rural.web.controller.system.SysRoleController.edit()', 'PUT', 1, 'admin', NULL, '/system/role', '127.0.0.1', '内网IP', '{\"flag\":false,\"roleId\":2,\"admin\":false,\"remark\":\"普通角色\",\"dataScope\":\"2\",\"delFlag\":\"0\",\"params\":{},\"roleSort\":\"2\",\"deptCheckStrictly\":true,\"createTime\":1651845836000,\"updateBy\":\"admin\",\"menuCheckStrictly\":true,\"roleKey\":\"common\",\"roleName\":\"普通角色\",\"menuIds\":[1,100,1001,1002,1003,1004,1005,1006,1007,101,1008,1009,1010,1011,1012,102,1013,1014,1015,1016,103,1017,1018,1019,1020,104,1021,1022,1023,1024,1025,105,1026,1027,1028,1029,1030,106,1031,1032,1033,1034,1035,107,1036,1037,1038,1039,108,500,1040,1041,1042,501,1043,1044,1045,2,109,1046,1047,1048,110,1049,1050,1051,1052,1053,1054,111,112,113,3,114,115,1055,1058,1056,1057,1059,1060,116],\"status\":\"0\"}', '{\"msg\":\"操作成功\",\"code\":200}', 0, NULL, '2022-05-07 22:35:35');
INSERT INTO `sys_oper_log` (`oper_id`, `title`, `business_type`, `method`, `request_method`, `operator_type`, `oper_name`, `dept_name`, `oper_url`, `oper_ip`, `oper_location`, `oper_param`, `json_result`, `status`, `error_msg`, `oper_time`) VALUES (107, '菜单管理', 3, 'com.rural.web.controller.system.SysMenuController.remove()', 'DELETE', 1, 'admin', NULL, '/system/menu/4', '127.0.0.1', '内网IP', '{menuId=4}', '{\"msg\":\"操作成功\",\"code\":200}', 0, NULL, '2022-05-07 22:35:42');
INSERT INTO `sys_oper_log` (`oper_id`, `title`, `business_type`, `method`, `request_method`, `operator_type`, `oper_name`, `dept_name`, `oper_url`, `oper_ip`, `oper_location`, `oper_param`, `json_result`, `status`, `error_msg`, `oper_time`) VALUES (108, '菜单管理', 1, 'com.rural.web.controller.system.SysMenuController.add()', 'POST', 1, 'admin', NULL, '/system/menu', '192.168.1.103', '内网IP', '{\"visible\":\"0\",\"orderNum\":3,\"menuName\":\"乡村经济建设服务\",\"params\":{},\"parentId\":0,\"isCache\":\"0\",\"path\":\"ruraleconomic\",\"createBy\":\"admin\",\"children\":[],\"isFrame\":\"1\",\"menuType\":\"M\",\"status\":\"0\"}', '{\"msg\":\"操作成功\",\"code\":200}', 0, NULL, '2022-05-08 12:12:11');
INSERT INTO `sys_oper_log` (`oper_id`, `title`, `business_type`, `method`, `request_method`, `operator_type`, `oper_name`, `dept_name`, `oper_url`, `oper_ip`, `oper_location`, `oper_param`, `json_result`, `status`, `error_msg`, `oper_time`) VALUES (109, '菜单管理', 2, 'com.rural.web.controller.system.SysMenuController.edit()', 'PUT', 1, 'admin', NULL, '/system/menu', '192.168.1.103', '内网IP', '{\"visible\":\"0\",\"icon\":\"#\",\"orderNum\":4,\"menuName\":\"乡村经济建设服务\",\"params\":{},\"parentId\":0,\"isCache\":\"0\",\"path\":\"ruraleconomic\",\"children\":[],\"createTime\":1651983131000,\"updateBy\":\"admin\",\"isFrame\":\"1\",\"menuId\":2000,\"menuType\":\"M\",\"perms\":\"\",\"status\":\"0\"}', '{\"msg\":\"操作成功\",\"code\":200}', 0, NULL, '2022-05-08 12:12:31');
INSERT INTO `sys_oper_log` (`oper_id`, `title`, `business_type`, `method`, `request_method`, `operator_type`, `oper_name`, `dept_name`, `oper_url`, `oper_ip`, `oper_location`, `oper_param`, `json_result`, `status`, `error_msg`, `oper_time`) VALUES (110, '菜单管理', 1, 'com.rural.web.controller.system.SysMenuController.add()', 'POST', 1, 'admin', NULL, '/system/menu', '192.168.1.103', '内网IP', '{\"visible\":\"0\",\"orderNum\":1,\"menuName\":\"乡村特产\",\"params\":{},\"parentId\":2000,\"isCache\":\"0\",\"path\":\"specialty\",\"component\":\"ruraleconomic/specialty/index\",\"createBy\":\"admin\",\"children\":[],\"isFrame\":\"1\",\"menuType\":\"C\",\"perms\":\"ruraleconomic:specialty:list\",\"status\":\"0\"}', '{\"msg\":\"操作成功\",\"code\":200}', 0, NULL, '2022-05-08 12:15:22');
INSERT INTO `sys_oper_log` (`oper_id`, `title`, `business_type`, `method`, `request_method`, `operator_type`, `oper_name`, `dept_name`, `oper_url`, `oper_ip`, `oper_location`, `oper_param`, `json_result`, `status`, `error_msg`, `oper_time`) VALUES (111, '菜单管理', 1, 'com.rural.web.controller.system.SysMenuController.add()', 'POST', 1, 'admin', NULL, '/system/menu', '192.168.1.103', '内网IP', '{\"visible\":\"0\",\"orderNum\":2,\"menuName\":\"乡村景观\",\"params\":{},\"parentId\":2001,\"isCache\":\"0\",\"path\":\"landscape\",\"component\":\"ruraleconomic/landscape/index\",\"createBy\":\"admin\",\"children\":[],\"isFrame\":\"1\",\"menuType\":\"C\",\"perms\":\"ruraleconomic:landscape:list\",\"status\":\"0\"}', '{\"msg\":\"操作成功\",\"code\":200}', 0, NULL, '2022-05-08 12:16:52');
INSERT INTO `sys_oper_log` (`oper_id`, `title`, `business_type`, `method`, `request_method`, `operator_type`, `oper_name`, `dept_name`, `oper_url`, `oper_ip`, `oper_location`, `oper_param`, `json_result`, `status`, `error_msg`, `oper_time`) VALUES (112, '菜单管理', 2, 'com.rural.web.controller.system.SysMenuController.edit()', 'PUT', 1, 'admin', NULL, '/system/menu', '192.168.1.103', '内网IP', '{\"visible\":\"0\",\"icon\":\"#\",\"orderNum\":1,\"menuName\":\"乡村特产\",\"params\":{},\"parentId\":2000,\"isCache\":\"0\",\"path\":\"specialty\",\"component\":\"ruraleconomic/specialty/index\",\"children\":[],\"createTime\":1651983322000,\"updateBy\":\"admin\",\"isFrame\":\"1\",\"menuId\":2001,\"menuType\":\"C\",\"perms\":\"ruraleconomic:specialty:list\",\"status\":\"0\"}', '{\"msg\":\"操作成功\",\"code\":200}', 0, NULL, '2022-05-08 12:17:09');
INSERT INTO `sys_oper_log` (`oper_id`, `title`, `business_type`, `method`, `request_method`, `operator_type`, `oper_name`, `dept_name`, `oper_url`, `oper_ip`, `oper_location`, `oper_param`, `json_result`, `status`, `error_msg`, `oper_time`) VALUES (113, '菜单管理', 2, 'com.rural.web.controller.system.SysMenuController.edit()', 'PUT', 1, 'admin', NULL, '/system/menu', '192.168.1.103', '内网IP', '{\"visible\":\"0\",\"icon\":\"#\",\"orderNum\":2,\"menuName\":\"乡村景观\",\"params\":{},\"parentId\":2000,\"isCache\":\"0\",\"path\":\"landscape\",\"component\":\"ruraleconomic/landscape/index\",\"children\":[],\"createTime\":1651983412000,\"updateBy\":\"admin\",\"isFrame\":\"1\",\"menuId\":2002,\"menuType\":\"C\",\"perms\":\"ruraleconomic:landscape:list\",\"status\":\"0\"}', '{\"msg\":\"操作成功\",\"code\":200}', 0, NULL, '2022-05-08 12:17:24');
INSERT INTO `sys_oper_log` (`oper_id`, `title`, `business_type`, `method`, `request_method`, `operator_type`, `oper_name`, `dept_name`, `oper_url`, `oper_ip`, `oper_location`, `oper_param`, `json_result`, `status`, `error_msg`, `oper_time`) VALUES (114, '菜单管理', 1, 'com.rural.web.controller.system.SysMenuController.add()', 'POST', 1, 'admin', NULL, '/system/menu', '192.168.1.103', '内网IP', '{\"visible\":\"0\",\"orderNum\":3,\"menuName\":\"乡村项目招标\",\"params\":{},\"parentId\":2000,\"isCache\":\"0\",\"path\":\"ifb\",\"component\":\"ruraleconomic/ifb/list\",\"createBy\":\"admin\",\"children\":[],\"isFrame\":\"1\",\"menuType\":\"C\",\"perms\":\"ruraleconomic:ifb:list\",\"status\":\"0\"}', '{\"msg\":\"操作成功\",\"code\":200}', 0, NULL, '2022-05-08 12:18:30');
INSERT INTO `sys_oper_log` (`oper_id`, `title`, `business_type`, `method`, `request_method`, `operator_type`, `oper_name`, `dept_name`, `oper_url`, `oper_ip`, `oper_location`, `oper_param`, `json_result`, `status`, `error_msg`, `oper_time`) VALUES (115, '代码生成', 6, 'com.rural.generator.controller.GenController.importTableSave()', 'POST', 1, 'admin', NULL, '/tool/gen/importTable', '192.168.1.103', '内网IP', 'rural_complaint,rural_proposal,rural_vote,rural_apply_infrastructure,rural_apply_maintain,rural_apply_run_errands,rural_specialty,rural_people_info,rural_ifb,rural_landscape', '{\"msg\":\"操作成功\",\"code\":200}', 0, NULL, '2022-05-08 12:21:14');
INSERT INTO `sys_oper_log` (`oper_id`, `title`, `business_type`, `method`, `request_method`, `operator_type`, `oper_name`, `dept_name`, `oper_url`, `oper_ip`, `oper_location`, `oper_param`, `json_result`, `status`, `error_msg`, `oper_time`) VALUES (116, '代码生成', 6, 'com.rural.generator.controller.GenController.importTableSave()', 'POST', 1, 'admin', NULL, '/tool/gen/importTable', '192.168.1.103', '内网IP', 'rural_complaint,rural_proposal,rural_vote,rural_apply_infrastructure,rural_apply_maintain,rural_apply_run_errands,rural_specialty,rural_people_info,rural_ifb,rural_landscape', '{\"msg\":\"操作成功\",\"code\":200}', 0, NULL, '2022-05-08 12:21:16');
INSERT INTO `sys_oper_log` (`oper_id`, `title`, `business_type`, `method`, `request_method`, `operator_type`, `oper_name`, `dept_name`, `oper_url`, `oper_ip`, `oper_location`, `oper_param`, `json_result`, `status`, `error_msg`, `oper_time`) VALUES (117, '代码生成', 6, 'com.rural.generator.controller.GenController.importTableSave()', 'POST', 1, 'admin', NULL, '/tool/gen/importTable', '192.168.1.103', '内网IP', 'rural_complaint,rural_proposal,rural_vote,rural_apply_infrastructure,rural_apply_maintain,rural_apply_run_errands,rural_specialty,rural_people_info,rural_ifb,rural_landscape', '{\"msg\":\"操作成功\",\"code\":200}', 0, NULL, '2022-05-08 12:21:18');
INSERT INTO `sys_oper_log` (`oper_id`, `title`, `business_type`, `method`, `request_method`, `operator_type`, `oper_name`, `dept_name`, `oper_url`, `oper_ip`, `oper_location`, `oper_param`, `json_result`, `status`, `error_msg`, `oper_time`) VALUES (118, '代码生成', 6, 'com.rural.generator.controller.GenController.importTableSave()', 'POST', 1, 'admin', NULL, '/tool/gen/importTable', '192.168.1.103', '内网IP', 'rural_complaint,rural_proposal,rural_vote,rural_apply_infrastructure,rural_apply_maintain,rural_apply_run_errands,rural_specialty,rural_people_info,rural_ifb,rural_landscape', '{\"msg\":\"操作成功\",\"code\":200}', 0, NULL, '2022-05-08 12:21:23');
INSERT INTO `sys_oper_log` (`oper_id`, `title`, `business_type`, `method`, `request_method`, `operator_type`, `oper_name`, `dept_name`, `oper_url`, `oper_ip`, `oper_location`, `oper_param`, `json_result`, `status`, `error_msg`, `oper_time`) VALUES (119, '代码生成', 3, 'com.rural.generator.controller.GenController.remove()', 'DELETE', 1, 'admin', NULL, '/tool/gen/1,2,3,4,5,6,7,8,9,10,11,12,13,14,15,16,17,18,19,20,21,22,23,24,25,26,27,28,29,30,31,32,33,34,35,36,37,38,39,40', '192.168.1.103', '内网IP', '{tableIds=1,2,3,4,5,6,7,8,9,10,11,12,13,14,15,16,17,18,19,20,21,22,23,24,25,26,27,28,29,30,31,32,33,34,35,36,37,38,39,40}', '{\"msg\":\"操作成功\",\"code\":200}', 0, NULL, '2022-05-08 12:21:37');
INSERT INTO `sys_oper_log` (`oper_id`, `title`, `business_type`, `method`, `request_method`, `operator_type`, `oper_name`, `dept_name`, `oper_url`, `oper_ip`, `oper_location`, `oper_param`, `json_result`, `status`, `error_msg`, `oper_time`) VALUES (120, '代码生成', 6, 'com.rural.generator.controller.GenController.importTableSave()', 'POST', 1, 'admin', NULL, '/tool/gen/importTable', '192.168.1.103', '内网IP', 'rural_complaint,rural_proposal,rural_vote,rural_apply_infrastructure,rural_apply_maintain,rural_apply_run_errands,rural_specialty,rural_people_info,rural_ifb,rural_landscape', '{\"msg\":\"操作成功\",\"code\":200}', 0, NULL, '2022-05-08 12:21:55');
INSERT INTO `sys_oper_log` (`oper_id`, `title`, `business_type`, `method`, `request_method`, `operator_type`, `oper_name`, `dept_name`, `oper_url`, `oper_ip`, `oper_location`, `oper_param`, `json_result`, `status`, `error_msg`, `oper_time`) VALUES (121, '代码生成', 8, 'com.rural.generator.controller.GenController.batchGenCode()', 'GET', 1, 'admin', NULL, '/tool/gen/batchGenCode', '192.168.1.103', '内网IP', '{}', NULL, 0, NULL, '2022-05-08 12:22:22');
INSERT INTO `sys_oper_log` (`oper_id`, `title`, `business_type`, `method`, `request_method`, `operator_type`, `oper_name`, `dept_name`, `oper_url`, `oper_ip`, `oper_location`, `oper_param`, `json_result`, `status`, `error_msg`, `oper_time`) VALUES (122, '代码生成', 2, 'com.rural.generator.controller.GenController.synchDb()', 'GET', 1, 'admin', NULL, '/tool/gen/synchDb/rural_specialty', '127.0.0.1', '内网IP', '{tableName=rural_specialty}', '{\"msg\":\"操作成功\",\"code\":200}', 0, NULL, '2022-05-08 16:38:41');
INSERT INTO `sys_oper_log` (`oper_id`, `title`, `business_type`, `method`, `request_method`, `operator_type`, `oper_name`, `dept_name`, `oper_url`, `oper_ip`, `oper_location`, `oper_param`, `json_result`, `status`, `error_msg`, `oper_time`) VALUES (123, '代码生成', 8, 'com.rural.generator.controller.GenController.batchGenCode()', 'GET', 1, 'admin', NULL, '/tool/gen/batchGenCode', '127.0.0.1', '内网IP', '{}', NULL, 0, NULL, '2022-05-08 16:39:03');
INSERT INTO `sys_oper_log` (`oper_id`, `title`, `business_type`, `method`, `request_method`, `operator_type`, `oper_name`, `dept_name`, `oper_url`, `oper_ip`, `oper_location`, `oper_param`, `json_result`, `status`, `error_msg`, `oper_time`) VALUES (124, '代码生成', 6, 'com.rural.generator.controller.GenController.importTableSave()', 'POST', 1, 'admin', NULL, '/tool/gen/importTable', '127.0.0.1', '内网IP', 'sys_file', '{\"msg\":\"操作成功\",\"code\":200}', 0, NULL, '2022-05-08 19:14:12');
INSERT INTO `sys_oper_log` (`oper_id`, `title`, `business_type`, `method`, `request_method`, `operator_type`, `oper_name`, `dept_name`, `oper_url`, `oper_ip`, `oper_location`, `oper_param`, `json_result`, `status`, `error_msg`, `oper_time`) VALUES (125, '代码生成', 8, 'com.rural.generator.controller.GenController.batchGenCode()', 'GET', 1, 'admin', NULL, '/tool/gen/batchGenCode', '127.0.0.1', '内网IP', '{}', NULL, 0, NULL, '2022-05-08 19:14:18');
INSERT INTO `sys_oper_log` (`oper_id`, `title`, `business_type`, `method`, `request_method`, `operator_type`, `oper_name`, `dept_name`, `oper_url`, `oper_ip`, `oper_location`, `oper_param`, `json_result`, `status`, `error_msg`, `oper_time`) VALUES (126, '代码生成', 6, 'com.rural.generator.controller.GenController.importTableSave()', 'POST', 1, 'admin', NULL, '/tool/gen/importTable', '127.0.0.1', '内网IP', 'rural_file', '{\"msg\":\"操作成功\",\"code\":200}', 0, NULL, '2022-05-08 21:29:18');
INSERT INTO `sys_oper_log` (`oper_id`, `title`, `business_type`, `method`, `request_method`, `operator_type`, `oper_name`, `dept_name`, `oper_url`, `oper_ip`, `oper_location`, `oper_param`, `json_result`, `status`, `error_msg`, `oper_time`) VALUES (127, '代码生成', 3, 'com.rural.generator.controller.GenController.remove()', 'DELETE', 1, 'admin', NULL, '/tool/gen/51', '127.0.0.1', '内网IP', '{tableIds=51}', '{\"msg\":\"操作成功\",\"code\":200}', 0, NULL, '2022-05-08 21:29:26');
INSERT INTO `sys_oper_log` (`oper_id`, `title`, `business_type`, `method`, `request_method`, `operator_type`, `oper_name`, `dept_name`, `oper_url`, `oper_ip`, `oper_location`, `oper_param`, `json_result`, `status`, `error_msg`, `oper_time`) VALUES (128, '代码生成', 8, 'com.rural.generator.controller.GenController.batchGenCode()', 'GET', 1, 'admin', NULL, '/tool/gen/batchGenCode', '127.0.0.1', '内网IP', '{}', NULL, 0, NULL, '2022-05-08 21:29:29');
INSERT INTO `sys_oper_log` (`oper_id`, `title`, `business_type`, `method`, `request_method`, `operator_type`, `oper_name`, `dept_name`, `oper_url`, `oper_ip`, `oper_location`, `oper_param`, `json_result`, `status`, `error_msg`, `oper_time`) VALUES (129, '文件图片', 3, 'com.rural.web.controller.common.CommonController.remove()', 'DELETE', 1, 'admin', NULL, '/common/10005', '127.0.0.1', '内网IP', '{ids=10005}', '{\"msg\":\"操作成功\",\"code\":200}', 0, NULL, '2022-05-08 21:52:31');
INSERT INTO `sys_oper_log` (`oper_id`, `title`, `business_type`, `method`, `request_method`, `operator_type`, `oper_name`, `dept_name`, `oper_url`, `oper_ip`, `oper_location`, `oper_param`, `json_result`, `status`, `error_msg`, `oper_time`) VALUES (130, '文件图片', 2, 'com.rural.web.controller.common.CommonController.edit()', 'PUT', 1, 'admin', NULL, '/common', '127.0.0.1', '内网IP', '{\"updateBy\":\"admin\",\"updateTime\":1652018675061,\"id\":10006,\"delFlag\":\"2\",\"params\":{}}', '{\"msg\":\"操作成功\",\"code\":200}', 0, NULL, '2022-05-08 22:04:33');
INSERT INTO `sys_oper_log` (`oper_id`, `title`, `business_type`, `method`, `request_method`, `operator_type`, `oper_name`, `dept_name`, `oper_url`, `oper_ip`, `oper_location`, `oper_param`, `json_result`, `status`, `error_msg`, `oper_time`) VALUES (131, '文件图片', 2, 'com.rural.web.controller.common.CommonController.edit()', 'PUT', 1, 'admin', NULL, '/common', '127.0.0.1', '内网IP', '{\"updateBy\":\"admin\",\"updateTime\":1652019496605,\"id\":10008,\"delFlag\":\"2\",\"params\":{}}', '{\"msg\":\"操作成功\",\"code\":200}', 0, NULL, '2022-05-08 22:18:15');
INSERT INTO `sys_oper_log` (`oper_id`, `title`, `business_type`, `method`, `request_method`, `operator_type`, `oper_name`, `dept_name`, `oper_url`, `oper_ip`, `oper_location`, `oper_param`, `json_result`, `status`, `error_msg`, `oper_time`) VALUES (132, '菜单管理', 2, 'com.rural.web.controller.system.SysMenuController.edit()', 'PUT', 1, 'admin', NULL, '/system/menu', '192.168.1.67', '内网IP', '{\"visible\":\"0\",\"icon\":\"icon\",\"orderNum\":4,\"menuName\":\"乡村经济建设服务\",\"params\":{},\"parentId\":0,\"isCache\":\"0\",\"path\":\"ruraleconomic\",\"children\":[],\"createTime\":1651983131000,\"updateBy\":\"admin\",\"isFrame\":\"1\",\"menuId\":2000,\"menuType\":\"M\",\"perms\":\"\",\"status\":\"0\"}', '{\"msg\":\"操作成功\",\"code\":200}', 0, NULL, '2022-05-09 19:44:41');
INSERT INTO `sys_oper_log` (`oper_id`, `title`, `business_type`, `method`, `request_method`, `operator_type`, `oper_name`, `dept_name`, `oper_url`, `oper_ip`, `oper_location`, `oper_param`, `json_result`, `status`, `error_msg`, `oper_time`) VALUES (133, '菜单管理', 2, 'com.rural.web.controller.system.SysMenuController.edit()', 'PUT', 1, 'admin', NULL, '/system/menu', '192.168.1.67', '内网IP', '{\"visible\":\"0\",\"icon\":\"validCode\",\"orderNum\":1,\"menuName\":\"乡村特产\",\"params\":{},\"parentId\":2000,\"isCache\":\"0\",\"path\":\"specialty\",\"component\":\"ruraleconomic/specialty/index\",\"children\":[],\"createTime\":1651983322000,\"updateBy\":\"admin\",\"isFrame\":\"1\",\"menuId\":2001,\"menuType\":\"C\",\"perms\":\"ruraleconomic:specialty:list\",\"status\":\"0\"}', '{\"msg\":\"操作成功\",\"code\":200}', 0, NULL, '2022-05-09 19:52:31');
INSERT INTO `sys_oper_log` (`oper_id`, `title`, `business_type`, `method`, `request_method`, `operator_type`, `oper_name`, `dept_name`, `oper_url`, `oper_ip`, `oper_location`, `oper_param`, `json_result`, `status`, `error_msg`, `oper_time`) VALUES (134, '菜单管理', 2, 'com.rural.web.controller.system.SysMenuController.edit()', 'PUT', 1, 'admin', NULL, '/system/menu', '192.168.1.67', '内网IP', '{\"visible\":\"0\",\"icon\":\"server\",\"orderNum\":2,\"menuName\":\"乡村景观\",\"params\":{},\"parentId\":2000,\"isCache\":\"0\",\"path\":\"landscape\",\"component\":\"ruraleconomic/landscape/index\",\"children\":[],\"createTime\":1651983412000,\"updateBy\":\"admin\",\"isFrame\":\"1\",\"menuId\":2002,\"menuType\":\"C\",\"perms\":\"ruraleconomic:landscape:list\",\"status\":\"0\"}', '{\"msg\":\"操作成功\",\"code\":200}', 0, NULL, '2022-05-09 19:52:50');
INSERT INTO `sys_oper_log` (`oper_id`, `title`, `business_type`, `method`, `request_method`, `operator_type`, `oper_name`, `dept_name`, `oper_url`, `oper_ip`, `oper_location`, `oper_param`, `json_result`, `status`, `error_msg`, `oper_time`) VALUES (135, '菜单管理', 2, 'com.rural.web.controller.system.SysMenuController.edit()', 'PUT', 1, 'admin', NULL, '/system/menu', '192.168.1.67', '内网IP', '{\"visible\":\"0\",\"icon\":\"clipboard\",\"orderNum\":3,\"menuName\":\"乡村项目招标\",\"params\":{},\"parentId\":2000,\"isCache\":\"0\",\"path\":\"ifb\",\"component\":\"ruraleconomic/ifb/list\",\"children\":[],\"createTime\":1651983510000,\"updateBy\":\"admin\",\"isFrame\":\"1\",\"menuId\":2003,\"menuType\":\"C\",\"perms\":\"ruraleconomic:ifb:list\",\"status\":\"0\"}', '{\"msg\":\"操作成功\",\"code\":200}', 0, NULL, '2022-05-09 19:53:14');
INSERT INTO `sys_oper_log` (`oper_id`, `title`, `business_type`, `method`, `request_method`, `operator_type`, `oper_name`, `dept_name`, `oper_url`, `oper_ip`, `oper_location`, `oper_param`, `json_result`, `status`, `error_msg`, `oper_time`) VALUES (136, '文件图片', 2, 'com.rural.web.controller.common.CommonController.edit()', 'PUT', 1, 'admin', NULL, '/common', '192.168.1.67', '内网IP', '{\"updateBy\":\"admin\",\"updateTime\":1652097406017,\"id\":10009,\"delFlag\":\"2\",\"params\":{}}', '{\"msg\":\"操作成功\",\"code\":200}', 0, NULL, '2022-05-09 19:56:45');
INSERT INTO `sys_oper_log` (`oper_id`, `title`, `business_type`, `method`, `request_method`, `operator_type`, `oper_name`, `dept_name`, `oper_url`, `oper_ip`, `oper_location`, `oper_param`, `json_result`, `status`, `error_msg`, `oper_time`) VALUES (137, '乡村特产', 1, 'com.rural.web.controller.ruraleconomic.RuralSpecialtyController.add()', 'POST', 1, 'admin', NULL, '/ruraleconomic/specialty', '127.0.0.1', '内网IP', '{\"params\":{},\"rIntroduce\":\"测试介绍\",\"rPrice\":11,\"createTime\":1652100246964,\"rName\":\"测试特产\",\"rStatus\":\"0\",\"fileId\":10012}', NULL, 1, '\r\n### Error updating database.  Cause: java.sql.SQLException: Field \'r_id\' doesn\'t have a default value\r\n### The error may exist in file [A:\\sltx\\peng\\rural-service\\rural-system\\target\\classes\\mapper\\system\\RuralSpecialtyMapper.xml]\r\n### The error may involve com.rural.system.mapper.RuralSpecialtyMapper.insertRuralSpecialty-Inline\r\n### The error occurred while setting parameters\r\n### SQL: insert into rural_specialty          ( create_time,                                                    r_status,             r_price,             r_introduce,             file_id,             r_name )           values ( ?,                                                    ?,             ?,             ?,             ?,             ? )\r\n### Cause: java.sql.SQLException: Field \'r_id\' doesn\'t have a default value\n; Field \'r_id\' doesn\'t have a default value; nested exception is java.sql.SQLException: Field \'r_id\' doesn\'t have a default value', '2022-05-09 20:44:06');
INSERT INTO `sys_oper_log` (`oper_id`, `title`, `business_type`, `method`, `request_method`, `operator_type`, `oper_name`, `dept_name`, `oper_url`, `oper_ip`, `oper_location`, `oper_param`, `json_result`, `status`, `error_msg`, `oper_time`) VALUES (138, '乡村特产', 1, 'com.rural.web.controller.ruraleconomic.RuralSpecialtyController.add()', 'POST', 1, 'admin', NULL, '/ruraleconomic/specialty', '127.0.0.1', '内网IP', '{\"params\":{},\"rIntroduce\":\"测试介绍\",\"rPrice\":11,\"createTime\":1652100390693,\"rName\":\"测试特产\",\"rStatus\":\"0\",\"fileId\":10012}', NULL, 1, '\r\n### Error updating database.  Cause: java.sql.SQLException: Field \'r_id\' doesn\'t have a default value\r\n### The error may exist in file [A:\\sltx\\peng\\rural-service\\rural-system\\target\\classes\\mapper\\system\\RuralSpecialtyMapper.xml]\r\n### The error may involve com.rural.system.mapper.RuralSpecialtyMapper.insertRuralSpecialty-Inline\r\n### The error occurred while setting parameters\r\n### SQL: insert into rural_specialty          ( create_time,                                                    r_status,             r_price,             r_introduce,             file_id,             r_name )           values ( ?,                                                    ?,             ?,             ?,             ?,             ? )\r\n### Cause: java.sql.SQLException: Field \'r_id\' doesn\'t have a default value\n; Field \'r_id\' doesn\'t have a default value; nested exception is java.sql.SQLException: Field \'r_id\' doesn\'t have a default value', '2022-05-09 20:46:30');
INSERT INTO `sys_oper_log` (`oper_id`, `title`, `business_type`, `method`, `request_method`, `operator_type`, `oper_name`, `dept_name`, `oper_url`, `oper_ip`, `oper_location`, `oper_param`, `json_result`, `status`, `error_msg`, `oper_time`) VALUES (139, '乡村特产', 1, 'com.rural.web.controller.ruraleconomic.RuralSpecialtyController.add()', 'POST', 1, 'admin', NULL, '/ruraleconomic/specialty', '127.0.0.1', '内网IP', '{\"params\":{},\"rId\":10013,\"rIntroduce\":\"测试介绍\",\"rPrice\":11,\"createTime\":1652100420448,\"rName\":\"测试特产\",\"rStatus\":\"0\",\"fileId\":10012}', '{\"msg\":\"操作成功\",\"code\":200}', 0, NULL, '2022-05-09 20:47:03');
INSERT INTO `sys_oper_log` (`oper_id`, `title`, `business_type`, `method`, `request_method`, `operator_type`, `oper_name`, `dept_name`, `oper_url`, `oper_ip`, `oper_location`, `oper_param`, `json_result`, `status`, `error_msg`, `oper_time`) VALUES (140, '字典类型', 1, 'com.rural.web.controller.system.SysDictTypeController.add()', 'POST', 1, 'admin', NULL, '/system/dict/type', '127.0.0.1', '内网IP', '{\"createBy\":\"admin\",\"dictName\":\"购买状态\",\"remark\":\"购买状态\",\"params\":{},\"dictType\":\"sys_purchase_status\",\"status\":\"0\"}', '{\"msg\":\"操作成功\",\"code\":200}', 0, NULL, '2022-05-09 20:48:17');
INSERT INTO `sys_oper_log` (`oper_id`, `title`, `business_type`, `method`, `request_method`, `operator_type`, `oper_name`, `dept_name`, `oper_url`, `oper_ip`, `oper_location`, `oper_param`, `json_result`, `status`, `error_msg`, `oper_time`) VALUES (141, '字典数据', 1, 'com.rural.web.controller.system.SysDictDataController.add()', 'POST', 1, 'admin', NULL, '/system/dict/data', '127.0.0.1', '内网IP', '{\"dictValue\":\"0\",\"listClass\":\"default\",\"dictSort\":1,\"params\":{},\"dictType\":\"sys_purchase_status\",\"dictLabel\":\"未出售\",\"createBy\":\"admin\",\"default\":false,\"status\":\"0\"}', '{\"msg\":\"操作成功\",\"code\":200}', 0, NULL, '2022-05-09 20:49:55');
INSERT INTO `sys_oper_log` (`oper_id`, `title`, `business_type`, `method`, `request_method`, `operator_type`, `oper_name`, `dept_name`, `oper_url`, `oper_ip`, `oper_location`, `oper_param`, `json_result`, `status`, `error_msg`, `oper_time`) VALUES (142, '字典数据', 1, 'com.rural.web.controller.system.SysDictDataController.add()', 'POST', 1, 'admin', NULL, '/system/dict/data', '127.0.0.1', '内网IP', '{\"dictValue\":\"1\",\"listClass\":\"default\",\"dictSort\":1,\"params\":{},\"dictType\":\"sys_purchase_status\",\"dictLabel\":\"已出售\",\"createBy\":\"admin\",\"default\":false,\"status\":\"0\"}', '{\"msg\":\"操作成功\",\"code\":200}', 0, NULL, '2022-05-09 20:50:16');
INSERT INTO `sys_oper_log` (`oper_id`, `title`, `business_type`, `method`, `request_method`, `operator_type`, `oper_name`, `dept_name`, `oper_url`, `oper_ip`, `oper_location`, `oper_param`, `json_result`, `status`, `error_msg`, `oper_time`) VALUES (143, '字典数据', 2, 'com.rural.web.controller.system.SysDictDataController.edit()', 'PUT', 1, 'admin', NULL, '/system/dict/data', '127.0.0.1', '内网IP', '{\"dictValue\":\"0\",\"listClass\":\"default\",\"dictSort\":0,\"params\":{},\"dictType\":\"sys_purchase_status\",\"dictLabel\":\"未出售\",\"createBy\":\"admin\",\"default\":false,\"isDefault\":\"N\",\"createTime\":1652100595000,\"dictCode\":100,\"updateBy\":\"admin\",\"status\":\"0\"}', '{\"msg\":\"操作成功\",\"code\":200}', 0, NULL, '2022-05-09 20:50:24');
INSERT INTO `sys_oper_log` (`oper_id`, `title`, `business_type`, `method`, `request_method`, `operator_type`, `oper_name`, `dept_name`, `oper_url`, `oper_ip`, `oper_location`, `oper_param`, `json_result`, `status`, `error_msg`, `oper_time`) VALUES (144, '文件图片', 2, 'com.rural.web.controller.common.CommonController.edit()', 'PUT', 1, 'admin', NULL, '/common', '127.0.0.1', '内网IP', '{\"updateBy\":\"admin\",\"updateTime\":1652102761424,\"id\":10012,\"delFlag\":\"2\",\"params\":{}}', '{\"msg\":\"操作成功\",\"code\":200}', 0, NULL, '2022-05-09 21:26:00');
INSERT INTO `sys_oper_log` (`oper_id`, `title`, `business_type`, `method`, `request_method`, `operator_type`, `oper_name`, `dept_name`, `oper_url`, `oper_ip`, `oper_location`, `oper_param`, `json_result`, `status`, `error_msg`, `oper_time`) VALUES (145, '乡村特产', 2, 'com.rural.web.controller.ruraleconomic.RuralSpecialtyController.edit()', 'PUT', 1, 'admin', NULL, '/ruraleconomic/specialty', '127.0.0.1', '内网IP', '{\"fileName\":\"u=727460147,2222092211&fm=193&f=GIF_20220509204404A007.jpg\",\"filePath\":\"http://127.0.0.1:8080/profile/upload/2022/05/09/u=727460147,2222092211&fm=193&f=GIF_20220509204404A007.jpg\",\"updateTime\":1652102818019,\"delFlag\":\"0\",\"params\":{},\"rId\":10013,\"rIntroduce\":\"测试介绍\",\"createBy\":\"\",\"rPrice\":11,\"createTime\":1652100420000,\"updateBy\":\"\",\"rName\":\"测试特产\",\"rStatus\":\"0\",\"fileId\":10014}', '{\"msg\":\"操作成功\",\"code\":200}', 0, NULL, '2022-05-09 21:26:57');
INSERT INTO `sys_oper_log` (`oper_id`, `title`, `business_type`, `method`, `request_method`, `operator_type`, `oper_name`, `dept_name`, `oper_url`, `oper_ip`, `oper_location`, `oper_param`, `json_result`, `status`, `error_msg`, `oper_time`) VALUES (146, '文件图片', 2, 'com.rural.web.controller.common.CommonController.edit()', 'PUT', 1, 'admin', NULL, '/common', '127.0.0.1', '内网IP', '{\"updateBy\":\"admin\",\"updateTime\":1652102830218,\"id\":10014,\"delFlag\":\"2\",\"params\":{}}', '{\"msg\":\"操作成功\",\"code\":200}', 0, NULL, '2022-05-09 21:27:09');
INSERT INTO `sys_oper_log` (`oper_id`, `title`, `business_type`, `method`, `request_method`, `operator_type`, `oper_name`, `dept_name`, `oper_url`, `oper_ip`, `oper_location`, `oper_param`, `json_result`, `status`, `error_msg`, `oper_time`) VALUES (147, '乡村特产', 2, 'com.rural.web.controller.ruraleconomic.RuralSpecialtyController.edit()', 'PUT', 1, 'admin', NULL, '/ruraleconomic/specialty', '127.0.0.1', '内网IP', '{\"fileName\":\"u=727460147,2222092211&fm=193&f=GIF_20220509212615A001.jpg\",\"filePath\":\"http://127.0.0.1:8080/profile/upload/2022/05/09/u=727460147,2222092211&fm=193&f=GIF_20220509212615A001.jpg\",\"updateTime\":1652102832297,\"delFlag\":\"0\",\"params\":{},\"rId\":10013,\"rIntroduce\":\"测试介绍\",\"createBy\":\"\",\"rPrice\":11,\"createTime\":1652100420000,\"updateBy\":\"\",\"rName\":\"测试特产\",\"rStatus\":\"0\",\"fileId\":10014}', '{\"msg\":\"操作成功\",\"code\":200}', 0, NULL, '2022-05-09 21:27:11');
INSERT INTO `sys_oper_log` (`oper_id`, `title`, `business_type`, `method`, `request_method`, `operator_type`, `oper_name`, `dept_name`, `oper_url`, `oper_ip`, `oper_location`, `oper_param`, `json_result`, `status`, `error_msg`, `oper_time`) VALUES (148, '文件图片', 2, 'com.rural.web.controller.common.CommonController.edit()', 'PUT', 1, 'admin', NULL, '/common', '127.0.0.1', '内网IP', '{\"updateBy\":\"admin\",\"updateTime\":1652103180675,\"id\":10014,\"delFlag\":\"2\",\"params\":{}}', '{\"msg\":\"操作成功\",\"code\":200}', 0, NULL, '2022-05-09 21:32:59');
INSERT INTO `sys_oper_log` (`oper_id`, `title`, `business_type`, `method`, `request_method`, `operator_type`, `oper_name`, `dept_name`, `oper_url`, `oper_ip`, `oper_location`, `oper_param`, `json_result`, `status`, `error_msg`, `oper_time`) VALUES (149, '文件图片', 2, 'com.rural.web.controller.common.CommonController.edit()', 'PUT', 1, 'admin', NULL, '/common', '127.0.0.1', '内网IP', '{\"updateBy\":\"admin\",\"updateTime\":1652103233961,\"id\":10014,\"delFlag\":\"2\",\"params\":{}}', '{\"msg\":\"操作成功\",\"code\":200}', 0, NULL, '2022-05-09 21:33:53');
INSERT INTO `sys_oper_log` (`oper_id`, `title`, `business_type`, `method`, `request_method`, `operator_type`, `oper_name`, `dept_name`, `oper_url`, `oper_ip`, `oper_location`, `oper_param`, `json_result`, `status`, `error_msg`, `oper_time`) VALUES (150, '乡村特产', 2, 'com.rural.web.controller.ruraleconomic.RuralSpecialtyController.edit()', 'PUT', 1, 'admin', NULL, '/ruraleconomic/specialty', '127.0.0.1', '内网IP', '{\"updateTime\":1652103236108,\"delFlag\":\"0\",\"params\":{},\"rId\":10013,\"rIntroduce\":\"测试介绍\",\"createBy\":\"admin\",\"rPrice\":11,\"createTime\":1652100420000,\"updateBy\":\"\",\"rName\":\"测试特产\",\"rStatus\":\"0\",\"fileId\":10014}', '{\"msg\":\"操作成功\",\"code\":200}', 0, NULL, '2022-05-09 21:34:18');
INSERT INTO `sys_oper_log` (`oper_id`, `title`, `business_type`, `method`, `request_method`, `operator_type`, `oper_name`, `dept_name`, `oper_url`, `oper_ip`, `oper_location`, `oper_param`, `json_result`, `status`, `error_msg`, `oper_time`) VALUES (151, '文件图片', 2, 'com.rural.web.controller.common.CommonController.edit()', 'PUT', 1, 'admin', NULL, '/common', '127.0.0.1', '内网IP', '{\"updateBy\":\"admin\",\"updateTime\":1652103393985,\"id\":10014,\"delFlag\":\"2\",\"params\":{}}', '{\"msg\":\"操作成功\",\"code\":200}', 0, NULL, '2022-05-09 21:36:33');
INSERT INTO `sys_oper_log` (`oper_id`, `title`, `business_type`, `method`, `request_method`, `operator_type`, `oper_name`, `dept_name`, `oper_url`, `oper_ip`, `oper_location`, `oper_param`, `json_result`, `status`, `error_msg`, `oper_time`) VALUES (152, '乡村特产', 2, 'com.rural.web.controller.ruraleconomic.RuralSpecialtyController.edit()', 'PUT', 1, 'admin', NULL, '/ruraleconomic/specialty', '127.0.0.1', '内网IP', '{\"updateTime\":1652103399655,\"delFlag\":\"0\",\"params\":{},\"rId\":10013,\"rIntroduce\":\"测试介绍\",\"createBy\":\"admin\",\"rPrice\":11,\"createTime\":1652100420000,\"updateBy\":\"\",\"rName\":\"测试特产\",\"rStatus\":\"0\"}', '{\"msg\":\"操作成功\",\"code\":200}', 0, NULL, '2022-05-09 21:36:49');
INSERT INTO `sys_oper_log` (`oper_id`, `title`, `business_type`, `method`, `request_method`, `operator_type`, `oper_name`, `dept_name`, `oper_url`, `oper_ip`, `oper_location`, `oper_param`, `json_result`, `status`, `error_msg`, `oper_time`) VALUES (153, '乡村特产', 2, 'com.rural.web.controller.ruraleconomic.RuralSpecialtyController.edit()', 'PUT', 1, 'admin', NULL, '/ruraleconomic/specialty', '127.0.0.1', '内网IP', '{\"updateTime\":1652103534028,\"delFlag\":\"0\",\"params\":{},\"rId\":10013,\"rIntroduce\":\"测试介绍测试介绍测试介绍测试介绍测试介绍测试介绍测试介绍测试介绍测试介绍测试介绍测试介绍测试介绍\",\"createBy\":\"admin\",\"rPrice\":11,\"createTime\":1652100420000,\"updateBy\":\"\",\"rName\":\"测试特产\",\"rStatus\":\"0\",\"fileId\":10015}', '{\"msg\":\"操作成功\",\"code\":200}', 0, NULL, '2022-05-09 21:38:53');
INSERT INTO `sys_oper_log` (`oper_id`, `title`, `business_type`, `method`, `request_method`, `operator_type`, `oper_name`, `dept_name`, `oper_url`, `oper_ip`, `oper_location`, `oper_param`, `json_result`, `status`, `error_msg`, `oper_time`) VALUES (154, '文件图片', 2, 'com.rural.web.controller.common.CommonController.edit()', 'PUT', 1, 'admin', NULL, '/common', '127.0.0.1', '内网IP', '{\"updateBy\":\"admin\",\"updateTime\":1652103546112,\"id\":10015,\"delFlag\":\"2\",\"params\":{}}', '{\"msg\":\"操作成功\",\"code\":200}', 0, NULL, '2022-05-09 21:39:05');
INSERT INTO `sys_oper_log` (`oper_id`, `title`, `business_type`, `method`, `request_method`, `operator_type`, `oper_name`, `dept_name`, `oper_url`, `oper_ip`, `oper_location`, `oper_param`, `json_result`, `status`, `error_msg`, `oper_time`) VALUES (155, '乡村特产', 2, 'com.rural.web.controller.ruraleconomic.RuralSpecialtyController.edit()', 'PUT', 1, 'admin', NULL, '/ruraleconomic/specialty', '127.0.0.1', '内网IP', '{\"fileName\":\"u=2529476510,3041785782&fm=193&f=GIF_20220509213843A001.jpg\",\"filePath\":\"http://127.0.0.1:8080/profile/upload/2022/05/09/u=2529476510,3041785782&fm=193&f=GIF_20220509213843A001.jpg\",\"updateTime\":1652103597898,\"delFlag\":\"0\",\"params\":{},\"rId\":10013,\"rIntroduce\":\"测试介绍测试介绍测试介绍测试介绍测试介绍测试介绍测试介绍测试介绍测试介绍测试介绍测试介绍测试介绍\",\"createBy\":\"admin\",\"rPrice\":11,\"createTime\":1652100420000,\"updateBy\":\"\",\"rName\":\"测试特产\",\"rStatus\":\"0\"}', '{\"msg\":\"操作成功\",\"code\":200}', 0, NULL, '2022-05-09 21:39:57');
INSERT INTO `sys_oper_log` (`oper_id`, `title`, `business_type`, `method`, `request_method`, `operator_type`, `oper_name`, `dept_name`, `oper_url`, `oper_ip`, `oper_location`, `oper_param`, `json_result`, `status`, `error_msg`, `oper_time`) VALUES (156, '乡村特产', 2, 'com.rural.web.controller.ruraleconomic.RuralSpecialtyController.edit()', 'PUT', 1, 'admin', NULL, '/ruraleconomic/specialty', '127.0.0.1', '内网IP', '{\"updateTime\":1652103632410,\"delFlag\":\"0\",\"params\":{},\"rId\":10013,\"rIntroduce\":\"测试介绍测试介绍测试介绍测试介绍测试介绍测试介绍测试介绍测试介绍测试介绍测试介绍测试介绍测试介绍\",\"createBy\":\"admin\",\"rPrice\":11,\"createTime\":1652100420000,\"updateBy\":\"\",\"rName\":\"测试特产\",\"rStatus\":\"0\",\"fileId\":10016}', '{\"msg\":\"操作成功\",\"code\":200}', 0, NULL, '2022-05-09 21:40:31');
INSERT INTO `sys_oper_log` (`oper_id`, `title`, `business_type`, `method`, `request_method`, `operator_type`, `oper_name`, `dept_name`, `oper_url`, `oper_ip`, `oper_location`, `oper_param`, `json_result`, `status`, `error_msg`, `oper_time`) VALUES (157, '文件图片', 2, 'com.rural.web.controller.common.CommonController.edit()', 'PUT', 1, 'admin', NULL, '/common', '127.0.0.1', '内网IP', '{\"updateBy\":\"admin\",\"updateTime\":1652103637508,\"id\":10016,\"delFlag\":\"2\",\"params\":{}}', '{\"msg\":\"操作成功\",\"code\":200}', 0, NULL, '2022-05-09 21:40:36');
INSERT INTO `sys_oper_log` (`oper_id`, `title`, `business_type`, `method`, `request_method`, `operator_type`, `oper_name`, `dept_name`, `oper_url`, `oper_ip`, `oper_location`, `oper_param`, `json_result`, `status`, `error_msg`, `oper_time`) VALUES (158, '乡村特产', 2, 'com.rural.web.controller.ruraleconomic.RuralSpecialtyController.edit()', 'PUT', 1, 'admin', NULL, '/ruraleconomic/specialty', '127.0.0.1', '内网IP', '{\"updateTime\":1652103682564,\"delFlag\":\"0\",\"params\":{},\"rId\":10013,\"rIntroduce\":\"测试介绍测试介绍测试介绍测试介绍测试介绍测试介绍测试介绍测试介绍测试介绍测试介绍测试介绍测试介绍\",\"createBy\":\"admin\",\"rPrice\":11,\"createTime\":1652100420000,\"updateBy\":\"\",\"rName\":\"测试特产\",\"rStatus\":\"0\",\"fileId\":10017}', '{\"msg\":\"操作成功\",\"code\":200}', 0, NULL, '2022-05-09 21:41:21');
INSERT INTO `sys_oper_log` (`oper_id`, `title`, `business_type`, `method`, `request_method`, `operator_type`, `oper_name`, `dept_name`, `oper_url`, `oper_ip`, `oper_location`, `oper_param`, `json_result`, `status`, `error_msg`, `oper_time`) VALUES (159, '文件图片', 2, 'com.rural.web.controller.common.CommonController.edit()', 'PUT', 1, 'admin', NULL, '/common', '127.0.0.1', '内网IP', '{\"updateBy\":\"admin\",\"updateTime\":1652103750910,\"id\":10017,\"delFlag\":\"2\",\"params\":{}}', '{\"msg\":\"操作成功\",\"code\":200}', 0, NULL, '2022-05-09 21:42:30');
INSERT INTO `sys_oper_log` (`oper_id`, `title`, `business_type`, `method`, `request_method`, `operator_type`, `oper_name`, `dept_name`, `oper_url`, `oper_ip`, `oper_location`, `oper_param`, `json_result`, `status`, `error_msg`, `oper_time`) VALUES (160, '乡村特产', 2, 'com.rural.web.controller.ruraleconomic.RuralSpecialtyController.edit()', 'PUT', 1, 'admin', NULL, '/ruraleconomic/specialty', '127.0.0.1', '内网IP', '{\"updateTime\":1652103760962,\"delFlag\":\"0\",\"params\":{},\"rId\":10013,\"rIntroduce\":\"测试介绍测试介绍测试介绍测试介绍测试介绍测试介绍测试介绍测试介绍测试介绍测试介绍测试介绍测试介绍\",\"createBy\":\"admin\",\"rPrice\":11,\"createTime\":1652100420000,\"updateBy\":\"\",\"rName\":\"测试特产\",\"rStatus\":\"0\",\"fileId\":10017}', '{\"msg\":\"操作成功\",\"code\":200}', 0, NULL, '2022-05-09 21:42:40');
INSERT INTO `sys_oper_log` (`oper_id`, `title`, `business_type`, `method`, `request_method`, `operator_type`, `oper_name`, `dept_name`, `oper_url`, `oper_ip`, `oper_location`, `oper_param`, `json_result`, `status`, `error_msg`, `oper_time`) VALUES (161, '乡村特产', 2, 'com.rural.web.controller.ruraleconomic.RuralSpecialtyController.edit()', 'PUT', 1, 'admin', NULL, '/ruraleconomic/specialty', '127.0.0.1', '内网IP', '{\"updateTime\":1652103769514,\"delFlag\":\"0\",\"params\":{},\"rId\":10013,\"rIntroduce\":\"测试介绍测试介绍测试介绍测试介绍测试介绍测试介绍测试介绍测试介绍测试介绍测试介绍测试介绍测试介绍\",\"createBy\":\"admin\",\"rPrice\":11,\"createTime\":1652100420000,\"updateBy\":\"\",\"rName\":\"测试特产\",\"rStatus\":\"0\",\"fileId\":10018}', '{\"msg\":\"操作成功\",\"code\":200}', 0, NULL, '2022-05-09 21:42:48');
INSERT INTO `sys_oper_log` (`oper_id`, `title`, `business_type`, `method`, `request_method`, `operator_type`, `oper_name`, `dept_name`, `oper_url`, `oper_ip`, `oper_location`, `oper_param`, `json_result`, `status`, `error_msg`, `oper_time`) VALUES (162, '文件图片', 2, 'com.rural.web.controller.common.CommonController.edit()', 'PUT', 1, 'admin', NULL, '/common', '127.0.0.1', '内网IP', '{\"updateBy\":\"admin\",\"updateTime\":1652103778799,\"id\":10018,\"delFlag\":\"2\",\"params\":{}}', '{\"msg\":\"操作成功\",\"code\":200}', 0, NULL, '2022-05-09 21:42:58');
INSERT INTO `sys_oper_log` (`oper_id`, `title`, `business_type`, `method`, `request_method`, `operator_type`, `oper_name`, `dept_name`, `oper_url`, `oper_ip`, `oper_location`, `oper_param`, `json_result`, `status`, `error_msg`, `oper_time`) VALUES (163, '乡村特产', 2, 'com.rural.web.controller.ruraleconomic.RuralSpecialtyController.edit()', 'PUT', 1, 'admin', NULL, '/ruraleconomic/specialty', '127.0.0.1', '内网IP', '{\"fileName\":\"u=2529476510,3041785782&fm=193&f=GIF_20220509214247A004.jpg\",\"filePath\":\"http://127.0.0.1:8080/profile/upload/2022/05/09/u=2529476510,3041785782&fm=193&f=GIF_20220509214247A004.jpg\",\"updateTime\":1652103780871,\"delFlag\":\"0\",\"params\":{},\"rId\":10013,\"rIntroduce\":\"测试介绍测试介绍测试介绍测试介绍测试介绍测试介绍测试介绍测试介绍测试介绍测试介绍测试介绍测试介绍\",\"createBy\":\"admin\",\"rPrice\":11,\"createTime\":1652100420000,\"updateBy\":\"\",\"rName\":\"测试特产\",\"rStatus\":\"0\"}', '{\"msg\":\"操作成功\",\"code\":200}', 0, NULL, '2022-05-09 21:43:00');
INSERT INTO `sys_oper_log` (`oper_id`, `title`, `business_type`, `method`, `request_method`, `operator_type`, `oper_name`, `dept_name`, `oper_url`, `oper_ip`, `oper_location`, `oper_param`, `json_result`, `status`, `error_msg`, `oper_time`) VALUES (164, '乡村特产', 2, 'com.rural.web.controller.ruraleconomic.RuralSpecialtyController.edit()', 'PUT', 1, 'admin', NULL, '/ruraleconomic/specialty', '127.0.0.1', '内网IP', '{\"updateTime\":1652103791738,\"delFlag\":\"0\",\"params\":{},\"rId\":10013,\"rIntroduce\":\"测试介绍测试介绍测试介绍测试介绍测试介绍测试介绍测试介绍测试介绍测试介绍测试介绍测试介绍测试介绍\",\"createBy\":\"admin\",\"rPrice\":11,\"createTime\":1652100420000,\"updateBy\":\"\",\"rName\":\"测试特产\",\"rStatus\":\"0\",\"fileId\":10019}', '{\"msg\":\"操作成功\",\"code\":200}', 0, NULL, '2022-05-09 21:43:11');
INSERT INTO `sys_oper_log` (`oper_id`, `title`, `business_type`, `method`, `request_method`, `operator_type`, `oper_name`, `dept_name`, `oper_url`, `oper_ip`, `oper_location`, `oper_param`, `json_result`, `status`, `error_msg`, `oper_time`) VALUES (165, '乡村特产', 2, 'com.rural.web.controller.ruraleconomic.RuralSpecialtyController.edit()', 'PUT', 1, 'admin', NULL, '/ruraleconomic/specialty', '127.0.0.1', '内网IP', '{\"updateTime\":1652106559687,\"delFlag\":\"2\",\"params\":{},\"createBy\":\"admin\"}', '{\"msg\":\"操作失败\",\"code\":500}', 0, NULL, '2022-05-09 22:29:19');
INSERT INTO `sys_oper_log` (`oper_id`, `title`, `business_type`, `method`, `request_method`, `operator_type`, `oper_name`, `dept_name`, `oper_url`, `oper_ip`, `oper_location`, `oper_param`, `json_result`, `status`, `error_msg`, `oper_time`) VALUES (166, '乡村特产', 2, 'com.rural.web.controller.ruraleconomic.RuralSpecialtyController.edit()', 'PUT', 1, 'admin', NULL, '/ruraleconomic/specialty', '127.0.0.1', '内网IP', '{\"updateTime\":1652106605845,\"delFlag\":\"2\",\"params\":{},\"createBy\":\"admin\"}', '{\"msg\":\"操作失败\",\"code\":500}', 0, NULL, '2022-05-09 22:30:05');
INSERT INTO `sys_oper_log` (`oper_id`, `title`, `business_type`, `method`, `request_method`, `operator_type`, `oper_name`, `dept_name`, `oper_url`, `oper_ip`, `oper_location`, `oper_param`, `json_result`, `status`, `error_msg`, `oper_time`) VALUES (167, '乡村特产', 2, 'com.rural.web.controller.ruraleconomic.RuralSpecialtyController.edit()', 'PUT', 1, 'admin', NULL, '/ruraleconomic/specialty', '127.0.0.1', '内网IP', '{\"updateTime\":1652106656016,\"delFlag\":\"2\",\"params\":{},\"rId\":10013,\"createBy\":\"admin\"}', '{\"msg\":\"操作成功\",\"code\":200}', 0, NULL, '2022-05-09 22:30:55');
INSERT INTO `sys_oper_log` (`oper_id`, `title`, `business_type`, `method`, `request_method`, `operator_type`, `oper_name`, `dept_name`, `oper_url`, `oper_ip`, `oper_location`, `oper_param`, `json_result`, `status`, `error_msg`, `oper_time`) VALUES (168, '乡村特产', 1, 'com.rural.web.controller.ruraleconomic.RuralSpecialtyController.add()', 'POST', 1, 'admin', NULL, '/ruraleconomic/specialty', '127.0.0.1', '内网IP', '{\"params\":{},\"rId\":10020,\"rIntroduce\":\"测试介绍1测试介绍1测试介绍1测试介绍1测试介绍1测试介绍1测试介绍1测试介绍1测试介绍1测试介绍1测试介绍1测试介绍1测试介绍1测试介绍1测试介绍1测试介绍1测试介绍1测试介绍1测试介绍1测试介绍1测试介绍1测试介绍1测试介绍1测试介绍1测试介绍1测试介绍1测试介绍1\",\"createBy\":\"admin\",\"rPrice\":99,\"createTime\":1652106769772,\"rName\":\"测试特产1\",\"rStatus\":\"0\"}', '{\"msg\":\"操作成功\",\"code\":200}', 0, NULL, '2022-05-09 22:32:49');
INSERT INTO `sys_oper_log` (`oper_id`, `title`, `business_type`, `method`, `request_method`, `operator_type`, `oper_name`, `dept_name`, `oper_url`, `oper_ip`, `oper_location`, `oper_param`, `json_result`, `status`, `error_msg`, `oper_time`) VALUES (169, '乡村特产', 2, 'com.rural.web.controller.ruraleconomic.RuralSpecialtyController.edit()', 'PUT', 1, 'admin', NULL, '/ruraleconomic/specialty', '127.0.0.1', '内网IP', '{\"updateTime\":1652106972953,\"delFlag\":\"0\",\"params\":{},\"rId\":10013,\"rIntroduce\":\"测试介绍测试介绍测试介绍测试介绍测试介绍测试介绍测试介绍测试介绍测试介绍测试介绍测试介绍测试介绍\",\"createBy\":\"admin\",\"rPrice\":11,\"createTime\":1652100420000,\"updateBy\":\"\",\"rName\":\"测试特产\",\"rStatus\":\"0\",\"fileId\":10021}', '{\"msg\":\"操作成功\",\"code\":200}', 0, NULL, '2022-05-09 22:36:16');
INSERT INTO `sys_oper_log` (`oper_id`, `title`, `business_type`, `method`, `request_method`, `operator_type`, `oper_name`, `dept_name`, `oper_url`, `oper_ip`, `oper_location`, `oper_param`, `json_result`, `status`, `error_msg`, `oper_time`) VALUES (170, '乡村特产', 2, 'com.rural.web.controller.ruraleconomic.RuralSpecialtyController.edit()', 'PUT', 1, 'admin', NULL, '/ruraleconomic/specialty', '127.0.0.1', '内网IP', '{\"updateTime\":1652106994134,\"delFlag\":\"0\",\"params\":{},\"rId\":10013,\"rIntroduce\":\"测试介绍测试介绍测试介绍测试介绍测试介绍测试介绍测试介绍测试介绍测试介绍测试介绍测试介绍测试介绍\",\"createBy\":\"admin\",\"rPrice\":11,\"createTime\":1652100420000,\"updateBy\":\"\",\"rName\":\"测试特产\",\"rStatus\":\"0\",\"fileId\":10021}', '{\"msg\":\"操作成功\",\"code\":200}', 0, NULL, '2022-05-09 22:36:33');
INSERT INTO `sys_oper_log` (`oper_id`, `title`, `business_type`, `method`, `request_method`, `operator_type`, `oper_name`, `dept_name`, `oper_url`, `oper_ip`, `oper_location`, `oper_param`, `json_result`, `status`, `error_msg`, `oper_time`) VALUES (171, '乡村特产', 2, 'com.rural.web.controller.ruraleconomic.RuralSpecialtyController.edit()', 'PUT', 1, 'admin', NULL, '/ruraleconomic/specialty', '127.0.0.1', '内网IP', '{\"updateTime\":1652107006394,\"delFlag\":\"2\",\"params\":{},\"rId\":10013,\"createBy\":\"admin\"}', '{\"msg\":\"操作成功\",\"code\":200}', 0, NULL, '2022-05-09 22:36:45');
INSERT INTO `sys_oper_log` (`oper_id`, `title`, `business_type`, `method`, `request_method`, `operator_type`, `oper_name`, `dept_name`, `oper_url`, `oper_ip`, `oper_location`, `oper_param`, `json_result`, `status`, `error_msg`, `oper_time`) VALUES (172, '文件图片', 2, 'com.rural.web.controller.common.CommonController.edit()', 'PUT', 1, 'admin', NULL, '/common', '127.0.0.1', '内网IP', '{\"updateBy\":\"admin\",\"updateTime\":1652107025372,\"id\":10021,\"delFlag\":\"2\",\"params\":{}}', '{\"msg\":\"操作成功\",\"code\":200}', 0, NULL, '2022-05-09 22:37:04');
INSERT INTO `sys_oper_log` (`oper_id`, `title`, `business_type`, `method`, `request_method`, `operator_type`, `oper_name`, `dept_name`, `oper_url`, `oper_ip`, `oper_location`, `oper_param`, `json_result`, `status`, `error_msg`, `oper_time`) VALUES (173, '乡村特产', 2, 'com.rural.web.controller.ruraleconomic.RuralSpecialtyController.edit()', 'PUT', 1, 'admin', NULL, '/ruraleconomic/specialty', '127.0.0.1', '内网IP', '{\"fileName\":\"u=2529476510,3041785782&fm=193&f=GIF_20220509223559A001.jpg\",\"filePath\":\"http://127.0.0.1:8080/profile/upload/2022/05/09/u=2529476510,3041785782&fm=193&f=GIF_20220509223559A001.jpg\",\"updateTime\":1652107031860,\"delFlag\":\"0\",\"params\":{},\"rId\":10013,\"rIntroduce\":\"测试介绍测试介绍测试介绍测试介绍测试介绍测试介绍测试介绍测试介绍测试介绍测试介绍测试介绍测试介绍\",\"createBy\":\"admin\",\"rPrice\":11,\"createTime\":1652100420000,\"updateBy\":\"\",\"rName\":\"测试特产\",\"rStatus\":\"0\"}', '{\"msg\":\"操作成功\",\"code\":200}', 0, NULL, '2022-05-09 22:37:11');
INSERT INTO `sys_oper_log` (`oper_id`, `title`, `business_type`, `method`, `request_method`, `operator_type`, `oper_name`, `dept_name`, `oper_url`, `oper_ip`, `oper_location`, `oper_param`, `json_result`, `status`, `error_msg`, `oper_time`) VALUES (174, '乡村特产', 2, 'com.rural.web.controller.ruraleconomic.RuralSpecialtyController.edit()', 'PUT', 1, 'admin', NULL, '/ruraleconomic/specialty', '127.0.0.1', '内网IP', '{\"updateTime\":1652107061460,\"delFlag\":\"0\",\"params\":{},\"rId\":10013,\"rIntroduce\":\"测试介绍测试介绍测试介绍测试介绍测试介绍测试介绍测试介绍测试介绍测试介绍测试介绍测试介绍测试介绍\",\"createBy\":\"admin\",\"rPrice\":11,\"createTime\":1652100420000,\"updateBy\":\"\",\"rName\":\"测试特产\",\"rStatus\":\"0\",\"fileId\":10022}', '{\"msg\":\"操作成功\",\"code\":200}', 0, NULL, '2022-05-09 22:37:40');
INSERT INTO `sys_oper_log` (`oper_id`, `title`, `business_type`, `method`, `request_method`, `operator_type`, `oper_name`, `dept_name`, `oper_url`, `oper_ip`, `oper_location`, `oper_param`, `json_result`, `status`, `error_msg`, `oper_time`) VALUES (175, '文件图片', 2, 'com.rural.web.controller.common.CommonController.edit()', 'PUT', 1, 'admin', NULL, '/common', '127.0.0.1', '内网IP', '{\"updateBy\":\"admin\",\"updateTime\":1652107088232,\"id\":10022,\"delFlag\":\"2\",\"params\":{}}', '{\"msg\":\"操作成功\",\"code\":200}', 0, NULL, '2022-05-09 22:38:07');
INSERT INTO `sys_oper_log` (`oper_id`, `title`, `business_type`, `method`, `request_method`, `operator_type`, `oper_name`, `dept_name`, `oper_url`, `oper_ip`, `oper_location`, `oper_param`, `json_result`, `status`, `error_msg`, `oper_time`) VALUES (176, '乡村特产', 2, 'com.rural.web.controller.ruraleconomic.RuralSpecialtyController.edit()', 'PUT', 1, 'admin', NULL, '/ruraleconomic/specialty', '127.0.0.1', '内网IP', '{\"fileName\":\"u=727460147,2222092211&fm=193&f=GIF_20220509223737A002.jpg\",\"filePath\":\"http://127.0.0.1:8080/profile/upload/2022/05/09/u=727460147,2222092211&fm=193&f=GIF_20220509223737A002.jpg\",\"updateTime\":1652107127309,\"delFlag\":\"0\",\"params\":{},\"rId\":10013,\"rIntroduce\":\"测试介绍测试介绍测试介绍测试介绍测试介绍测试介绍测试介绍测试介绍测试介绍测试介绍测试介绍测试介绍\",\"createBy\":\"admin\",\"rPrice\":11,\"createTime\":1652100420000,\"updateBy\":\"\",\"rName\":\"测试特产\",\"rStatus\":\"0\"}', '{\"msg\":\"操作成功\",\"code\":200}', 0, NULL, '2022-05-09 22:38:46');
INSERT INTO `sys_oper_log` (`oper_id`, `title`, `business_type`, `method`, `request_method`, `operator_type`, `oper_name`, `dept_name`, `oper_url`, `oper_ip`, `oper_location`, `oper_param`, `json_result`, `status`, `error_msg`, `oper_time`) VALUES (177, '乡村特产', 2, 'com.rural.web.controller.ruraleconomic.RuralSpecialtyController.edit()', 'PUT', 1, 'admin', NULL, '/ruraleconomic/specialty', '127.0.0.1', '内网IP', '{\"fileName\":\"u=727460147,2222092211&fm=193&f=GIF_20220509223737A002.jpg\",\"filePath\":\"http://127.0.0.1:8080/profile/upload/2022/05/09/u=727460147,2222092211&fm=193&f=GIF_20220509223737A002.jpg\",\"updateTime\":1652107127095,\"delFlag\":\"0\",\"params\":{},\"rId\":10013,\"rIntroduce\":\"测试介绍测试介绍测试介绍测试介绍测试介绍测试介绍测试介绍测试介绍测试介绍测试介绍测试介绍测试介绍\",\"createBy\":\"admin\",\"rPrice\":11,\"createTime\":1652100420000,\"updateBy\":\"\",\"rName\":\"测试特产\",\"rStatus\":\"0\"}', '{\"msg\":\"操作成功\",\"code\":200}', 0, NULL, '2022-05-09 22:38:46');
INSERT INTO `sys_oper_log` (`oper_id`, `title`, `business_type`, `method`, `request_method`, `operator_type`, `oper_name`, `dept_name`, `oper_url`, `oper_ip`, `oper_location`, `oper_param`, `json_result`, `status`, `error_msg`, `oper_time`) VALUES (178, '乡村特产', 2, 'com.rural.web.controller.ruraleconomic.RuralSpecialtyController.edit()', 'PUT', 1, 'admin', NULL, '/ruraleconomic/specialty', '127.0.0.1', '内网IP', '{\"updateTime\":1652107242479,\"delFlag\":\"0\",\"params\":{},\"rId\":10013,\"rIntroduce\":\"测试介绍测试介绍测试介绍测试介绍测试介绍测试介绍测试介绍测试介绍测试介绍测试介绍测试介绍测试介绍\",\"createBy\":\"admin\",\"rPrice\":11,\"createTime\":1652100420000,\"updateBy\":\"\",\"rName\":\"测试特产\",\"rStatus\":\"0\",\"fileId\":10023}', '{\"msg\":\"操作成功\",\"code\":200}', 0, NULL, '2022-05-09 22:40:41');
INSERT INTO `sys_oper_log` (`oper_id`, `title`, `business_type`, `method`, `request_method`, `operator_type`, `oper_name`, `dept_name`, `oper_url`, `oper_ip`, `oper_location`, `oper_param`, `json_result`, `status`, `error_msg`, `oper_time`) VALUES (179, '乡村特产', 2, 'com.rural.web.controller.ruraleconomic.RuralSpecialtyController.edit()', 'PUT', 1, 'admin', NULL, '/ruraleconomic/specialty', '127.0.0.1', '内网IP', '{\"updateTime\":1652107261962,\"delFlag\":\"0\",\"params\":{},\"rId\":10013,\"rIntroduce\":\"测试介绍测试介绍测试介绍测试介绍测试介绍测试介绍测试介绍测试介绍测试介绍测试介绍测试介绍测试介绍\",\"createBy\":\"admin\",\"rPrice\":11,\"createTime\":1652100420000,\"updateBy\":\"\",\"rName\":\"测试特产\",\"rStatus\":\"0\",\"fileId\":10024}', '{\"msg\":\"操作成功\",\"code\":200}', 0, NULL, '2022-05-09 22:41:01');
INSERT INTO `sys_oper_log` (`oper_id`, `title`, `business_type`, `method`, `request_method`, `operator_type`, `oper_name`, `dept_name`, `oper_url`, `oper_ip`, `oper_location`, `oper_param`, `json_result`, `status`, `error_msg`, `oper_time`) VALUES (180, '乡村特产', 2, 'com.rural.web.controller.ruraleconomic.RuralSpecialtyController.edit()', 'PUT', 1, 'admin', NULL, '/ruraleconomic/specialty', '127.0.0.1', '内网IP', '{\"updateTime\":1652107318350,\"delFlag\":\"0\",\"params\":{},\"rId\":10013,\"rIntroduce\":\"测试介绍测试介绍测试介绍测试介绍测试介绍测试介绍测试介绍测试介绍测试介绍测试介绍测试介绍测试介绍\",\"createBy\":\"admin\",\"rPrice\":11,\"createTime\":1652100420000,\"updateBy\":\"\",\"rName\":\"测试特产\",\"rStatus\":\"0\",\"fileId\":10025}', '{\"msg\":\"操作成功\",\"code\":200}', 0, NULL, '2022-05-09 22:41:57');
INSERT INTO `sys_oper_log` (`oper_id`, `title`, `business_type`, `method`, `request_method`, `operator_type`, `oper_name`, `dept_name`, `oper_url`, `oper_ip`, `oper_location`, `oper_param`, `json_result`, `status`, `error_msg`, `oper_time`) VALUES (181, '文件图片', 2, 'com.rural.web.controller.common.CommonController.edit()', 'PUT', 1, 'admin', NULL, '/common', '127.0.0.1', '内网IP', '{\"updateBy\":\"admin\",\"updateTime\":1652107328709,\"id\":10025,\"delFlag\":\"2\",\"params\":{}}', '{\"msg\":\"操作成功\",\"code\":200}', 0, NULL, '2022-05-09 22:42:07');
INSERT INTO `sys_oper_log` (`oper_id`, `title`, `business_type`, `method`, `request_method`, `operator_type`, `oper_name`, `dept_name`, `oper_url`, `oper_ip`, `oper_location`, `oper_param`, `json_result`, `status`, `error_msg`, `oper_time`) VALUES (182, '乡村特产', 2, 'com.rural.web.controller.ruraleconomic.RuralSpecialtyController.edit()', 'PUT', 1, 'admin', NULL, '/ruraleconomic/specialty', '127.0.0.1', '内网IP', '{\"fileName\":\"微信图片_20220415081943_20220509224154A001.jpg\",\"filePath\":\"http://127.0.0.1:8080/profile/upload/2022/05/09/微信图片_20220415081943_20220509224154A001.jpg\",\"updateTime\":1652107333830,\"delFlag\":\"0\",\"params\":{},\"rId\":10013,\"rIntroduce\":\"测试介绍测试介绍测试介绍测试介绍测试介绍测试介绍测试介绍测试介绍测试介绍测试介绍测试介绍测试介绍\",\"createBy\":\"admin\",\"rPrice\":11,\"createTime\":1652100420000,\"updateBy\":\"\",\"rName\":\"测试特产\",\"rStatus\":\"0\",\"fileId\":1}', '{\"msg\":\"操作成功\",\"code\":200}', 0, NULL, '2022-05-09 22:42:13');
INSERT INTO `sys_oper_log` (`oper_id`, `title`, `business_type`, `method`, `request_method`, `operator_type`, `oper_name`, `dept_name`, `oper_url`, `oper_ip`, `oper_location`, `oper_param`, `json_result`, `status`, `error_msg`, `oper_time`) VALUES (183, '乡村特产', 2, 'com.rural.web.controller.ruraleconomic.RuralSpecialtyController.edit()', 'PUT', 1, 'admin', NULL, '/ruraleconomic/specialty', '127.0.0.1', '内网IP', '{\"updateTime\":1652107357734,\"delFlag\":\"0\",\"params\":{},\"rId\":10013,\"rIntroduce\":\"测试介绍测试介绍测试介绍测试介绍测试介绍测试介绍测试介绍测试介绍测试介绍测试介绍测试介绍测试介绍\",\"createBy\":\"admin\",\"rPrice\":11,\"createTime\":1652100420000,\"updateBy\":\"\",\"rName\":\"测试特产\",\"rStatus\":\"0\",\"fileId\":10026}', '{\"msg\":\"操作成功\",\"code\":200}', 0, NULL, '2022-05-09 22:42:37');
INSERT INTO `sys_oper_log` (`oper_id`, `title`, `business_type`, `method`, `request_method`, `operator_type`, `oper_name`, `dept_name`, `oper_url`, `oper_ip`, `oper_location`, `oper_param`, `json_result`, `status`, `error_msg`, `oper_time`) VALUES (184, '乡村特产', 2, 'com.rural.web.controller.ruraleconomic.RuralSpecialtyController.edit()', 'PUT', 1, 'admin', NULL, '/ruraleconomic/specialty', '127.0.0.1', '内网IP', '{\"updateTime\":1652107665860,\"delFlag\":\"0\",\"params\":{},\"rId\":10020,\"rIntroduce\":\"测试介绍1测试介绍1测试介绍1测试介绍1测试介绍1测试介绍1测试介绍1测试介绍1测试介绍1测试介绍1测试介绍1测试介绍1测试介绍1测试介绍1测试介绍1测试介绍1测试介绍1测试介绍1测试介绍1测试介绍1测试介绍1测试介绍1测试介绍1测试介绍1测试介绍1测试介绍1测试介绍1\",\"createBy\":\"admin\",\"rPrice\":99,\"createTime\":1652106770000,\"updateBy\":\"\",\"rName\":\"测试特产1\",\"rStatus\":\"0\",\"fileId\":10027}', '{\"msg\":\"操作成功\",\"code\":200}', 0, NULL, '2022-05-09 22:47:45');
INSERT INTO `sys_oper_log` (`oper_id`, `title`, `business_type`, `method`, `request_method`, `operator_type`, `oper_name`, `dept_name`, `oper_url`, `oper_ip`, `oper_location`, `oper_param`, `json_result`, `status`, `error_msg`, `oper_time`) VALUES (185, '乡村特产', 2, 'com.rural.web.controller.ruraleconomic.RuralSpecialtyController.edit()', 'PUT', 1, 'admin', NULL, '/ruraleconomic/specialty', '127.0.0.1', '内网IP', '{\"updateTime\":1652190006275,\"params\":{},\"rId\":10013,\"createBy\":\"admin\",\"rStatus\":\"1\"}', '{\"msg\":\"操作成功\",\"code\":200}', 0, NULL, '2022-05-10 21:40:06');
INSERT INTO `sys_oper_log` (`oper_id`, `title`, `business_type`, `method`, `request_method`, `operator_type`, `oper_name`, `dept_name`, `oper_url`, `oper_ip`, `oper_location`, `oper_param`, `json_result`, `status`, `error_msg`, `oper_time`) VALUES (186, '乡村特产', 5, 'com.rural.web.controller.ruraleconomic.RuralSpecialtyController.export()', 'POST', 1, 'admin', NULL, '/ruraleconomic/specialty/export', '127.0.0.1', '内网IP', '{\"params\":{}}', NULL, 0, NULL, '2022-05-10 21:40:30');
INSERT INTO `sys_oper_log` (`oper_id`, `title`, `business_type`, `method`, `request_method`, `operator_type`, `oper_name`, `dept_name`, `oper_url`, `oper_ip`, `oper_location`, `oper_param`, `json_result`, `status`, `error_msg`, `oper_time`) VALUES (187, '乡村特产', 5, 'com.rural.web.controller.ruraleconomic.RuralSpecialtyController.export()', 'POST', 1, 'admin', NULL, '/ruraleconomic/specialty/export', '127.0.0.1', '内网IP', '{\"params\":{}}', NULL, 0, NULL, '2022-05-10 21:42:34');
INSERT INTO `sys_oper_log` (`oper_id`, `title`, `business_type`, `method`, `request_method`, `operator_type`, `oper_name`, `dept_name`, `oper_url`, `oper_ip`, `oper_location`, `oper_param`, `json_result`, `status`, `error_msg`, `oper_time`) VALUES (188, '乡村特产', 3, 'com.rural.web.controller.ruraleconomic.RuralSpecialtyController.remove()', 'DELETE', 1, 'admin', NULL, '/ruraleconomic/specialty/10013,10020', '127.0.0.1', '内网IP', '{rIds=10013,10020}', '{\"msg\":\"操作成功\",\"code\":200}', 0, NULL, '2022-05-10 21:47:43');
INSERT INTO `sys_oper_log` (`oper_id`, `title`, `business_type`, `method`, `request_method`, `operator_type`, `oper_name`, `dept_name`, `oper_url`, `oper_ip`, `oper_location`, `oper_param`, `json_result`, `status`, `error_msg`, `oper_time`) VALUES (189, '乡村特产', 1, 'com.rural.web.controller.ruraleconomic.RuralSpecialtyController.add()', 'POST', 1, 'admin', NULL, '/ruraleconomic/specialty', '127.0.0.1', '内网IP', '{\"params\":{},\"rId\":10029,\"rIntroduce\":\"山蘑菇山蘑菇山蘑菇山蘑菇山蘑菇山蘑菇山蘑菇山蘑菇山蘑菇山蘑菇山蘑菇山蘑菇山蘑菇山蘑菇山蘑菇山蘑菇山蘑菇山蘑菇山蘑菇山蘑菇山蘑菇山蘑菇\",\"createBy\":\"admin\",\"rPrice\":33,\"createTime\":1652190521294,\"rName\":\"山蘑菇\",\"rStatus\":\"0\",\"fileId\":10028}', '{\"msg\":\"操作成功\",\"code\":200}', 0, NULL, '2022-05-10 21:48:41');
INSERT INTO `sys_oper_log` (`oper_id`, `title`, `business_type`, `method`, `request_method`, `operator_type`, `oper_name`, `dept_name`, `oper_url`, `oper_ip`, `oper_location`, `oper_param`, `json_result`, `status`, `error_msg`, `oper_time`) VALUES (190, '乡村特产', 1, 'com.rural.web.controller.ruraleconomic.RuralSpecialtyController.add()', 'POST', 1, 'admin', NULL, '/ruraleconomic/specialty', '127.0.0.1', '内网IP', '{\"params\":{},\"rId\":10031,\"rIntroduce\":\"野山菜野山菜野山菜野山菜野山菜野山菜野山菜野山菜野山菜野山菜野山菜野山菜野山菜野山菜野山菜野山菜野山菜野山菜野山菜\",\"createBy\":\"admin\",\"rPrice\":1.33,\"createTime\":1652190555081,\"rName\":\"野山菜\",\"rStatus\":\"0\",\"fileId\":10030}', '{\"msg\":\"操作成功\",\"code\":200}', 0, NULL, '2022-05-10 21:49:15');
INSERT INTO `sys_oper_log` (`oper_id`, `title`, `business_type`, `method`, `request_method`, `operator_type`, `oper_name`, `dept_name`, `oper_url`, `oper_ip`, `oper_location`, `oper_param`, `json_result`, `status`, `error_msg`, `oper_time`) VALUES (191, '乡村特产', 2, 'com.rural.web.controller.ruraleconomic.RuralSpecialtyController.edit()', 'PUT', 1, 'admin', NULL, '/ruraleconomic/specialty', '127.0.0.1', '内网IP', '{\"updateTime\":1652190582227,\"params\":{},\"rId\":10031,\"createBy\":\"admin\",\"rStatus\":\"1\"}', '{\"msg\":\"操作成功\",\"code\":200}', 0, NULL, '2022-05-10 21:49:42');
INSERT INTO `sys_oper_log` (`oper_id`, `title`, `business_type`, `method`, `request_method`, `operator_type`, `oper_name`, `dept_name`, `oper_url`, `oper_ip`, `oper_location`, `oper_param`, `json_result`, `status`, `error_msg`, `oper_time`) VALUES (192, '乡村特产', 3, 'com.rural.web.controller.ruraleconomic.RuralSpecialtyController.remove()', 'DELETE', 1, 'admin', NULL, '/ruraleconomic/specialty/10029,10031', '127.0.0.1', '内网IP', '{rIds=10029,10031}', '{\"msg\":\"操作成功\",\"code\":200}', 0, NULL, '2022-05-10 21:49:53');
INSERT INTO `sys_oper_log` (`oper_id`, `title`, `business_type`, `method`, `request_method`, `operator_type`, `oper_name`, `dept_name`, `oper_url`, `oper_ip`, `oper_location`, `oper_param`, `json_result`, `status`, `error_msg`, `oper_time`) VALUES (193, '乡村特产', 3, 'com.rural.web.controller.ruraleconomic.RuralSpecialtyController.remove()', 'DELETE', 1, 'admin', NULL, '/ruraleconomic/specialty/10031', '127.0.0.1', '内网IP', '{rIds=10031}', '{\"msg\":\"操作成功\",\"code\":200}', 0, NULL, '2022-05-10 21:50:27');
INSERT INTO `sys_oper_log` (`oper_id`, `title`, `business_type`, `method`, `request_method`, `operator_type`, `oper_name`, `dept_name`, `oper_url`, `oper_ip`, `oper_location`, `oper_param`, `json_result`, `status`, `error_msg`, `oper_time`) VALUES (194, '代码生成', 2, 'com.rural.generator.controller.GenController.synchDb()', 'GET', 1, 'admin', NULL, '/tool/gen/synchDb/rural_landscape', '127.0.0.1', '内网IP', '{tableName=rural_landscape}', '{\"msg\":\"操作成功\",\"code\":200}', 0, NULL, '2022-05-10 22:16:08');
INSERT INTO `sys_oper_log` (`oper_id`, `title`, `business_type`, `method`, `request_method`, `operator_type`, `oper_name`, `dept_name`, `oper_url`, `oper_ip`, `oper_location`, `oper_param`, `json_result`, `status`, `error_msg`, `oper_time`) VALUES (195, '代码生成', 8, 'com.rural.generator.controller.GenController.batchGenCode()', 'GET', 1, 'admin', NULL, '/tool/gen/batchGenCode', '127.0.0.1', '内网IP', '{}', NULL, 0, NULL, '2022-05-10 22:16:11');
INSERT INTO `sys_oper_log` (`oper_id`, `title`, `business_type`, `method`, `request_method`, `operator_type`, `oper_name`, `dept_name`, `oper_url`, `oper_ip`, `oper_location`, `oper_param`, `json_result`, `status`, `error_msg`, `oper_time`) VALUES (196, '乡村景观', 1, 'com.rural.web.controller.ruraleconomic.RuralLandscapeController.add()', 'POST', 1, 'admin', NULL, '/ruraleconomic/landscape', '127.0.0.1', '内网IP', '{\"params\":{},\"rId\":10001,\"createBy\":\"admin\",\"createTime\":1652277809413,\"fileId\":10032,\"rTitle\":\"厕所上所所所所\"}', '{\"msg\":\"操作成功\",\"code\":200}', 0, NULL, '2022-05-11 22:03:30');
INSERT INTO `sys_oper_log` (`oper_id`, `title`, `business_type`, `method`, `request_method`, `operator_type`, `oper_name`, `dept_name`, `oper_url`, `oper_ip`, `oper_location`, `oper_param`, `json_result`, `status`, `error_msg`, `oper_time`) VALUES (197, '乡村景观', 1, 'com.rural.web.controller.ruraleconomic.RuralLandscapeController.add()', 'POST', 1, 'admin', NULL, '/ruraleconomic/landscape', '127.0.0.1', '内网IP', '{\"params\":{},\"rId\":10002,\"createBy\":\"admin\",\"createTime\":1652277933741,\"fileId\":10033,\"rTitle\":\"5555\"}', '{\"msg\":\"操作成功\",\"code\":200}', 0, NULL, '2022-05-11 22:05:34');
INSERT INTO `sys_oper_log` (`oper_id`, `title`, `business_type`, `method`, `request_method`, `operator_type`, `oper_name`, `dept_name`, `oper_url`, `oper_ip`, `oper_location`, `oper_param`, `json_result`, `status`, `error_msg`, `oper_time`) VALUES (198, '乡村景观', 1, 'com.rural.web.controller.ruraleconomic.RuralLandscapeController.add()', 'POST', 1, 'admin', NULL, '/ruraleconomic/landscape', '127.0.0.1', '内网IP', '{\"params\":{},\"rId\":10003,\"createBy\":\"admin\",\"createTime\":1652278129559,\"rTitle\":\"哒哒哒哒哒哒多多多多多多多多多多多多多多多多多多\"}', '{\"msg\":\"操作成功\",\"code\":200}', 0, NULL, '2022-05-11 22:08:50');
INSERT INTO `sys_oper_log` (`oper_id`, `title`, `business_type`, `method`, `request_method`, `operator_type`, `oper_name`, `dept_name`, `oper_url`, `oper_ip`, `oper_location`, `oper_param`, `json_result`, `status`, `error_msg`, `oper_time`) VALUES (199, '乡村景观', 1, 'com.rural.web.controller.ruraleconomic.RuralLandscapeController.add()', 'POST', 1, 'admin', NULL, '/ruraleconomic/landscape', '127.0.0.1', '内网IP', '{\"params\":{},\"rId\":10004,\"createBy\":\"admin\",\"createTime\":1652278276964,\"rTitle\":\"美丽\"}', '{\"msg\":\"操作成功\",\"code\":200}', 0, NULL, '2022-05-11 22:11:18');
INSERT INTO `sys_oper_log` (`oper_id`, `title`, `business_type`, `method`, `request_method`, `operator_type`, `oper_name`, `dept_name`, `oper_url`, `oper_ip`, `oper_location`, `oper_param`, `json_result`, `status`, `error_msg`, `oper_time`) VALUES (200, '乡村景观', 1, 'com.rural.web.controller.ruraleconomic.RuralLandscapeController.add()', 'POST', 1, 'admin', NULL, '/ruraleconomic/landscape', '127.0.0.1', '内网IP', '{\"params\":{},\"rId\":10005,\"createBy\":\"admin\",\"createTime\":1652278283933,\"rTitle\":\"你好\"}', '{\"msg\":\"操作成功\",\"code\":200}', 0, NULL, '2022-05-11 22:11:25');
INSERT INTO `sys_oper_log` (`oper_id`, `title`, `business_type`, `method`, `request_method`, `operator_type`, `oper_name`, `dept_name`, `oper_url`, `oper_ip`, `oper_location`, `oper_param`, `json_result`, `status`, `error_msg`, `oper_time`) VALUES (201, '乡村景观', 1, 'com.rural.web.controller.ruraleconomic.RuralLandscapeController.add()', 'POST', 1, 'admin', NULL, '/ruraleconomic/landscape', '127.0.0.1', '内网IP', '{\"params\":{},\"rId\":10006,\"createBy\":\"admin\",\"createTime\":1652278303024,\"fileId\":10034,\"rTitle\":\"这是一张非常美丽的张票\"}', '{\"msg\":\"操作成功\",\"code\":200}', 0, NULL, '2022-05-11 22:11:44');
INSERT INTO `sys_oper_log` (`oper_id`, `title`, `business_type`, `method`, `request_method`, `operator_type`, `oper_name`, `dept_name`, `oper_url`, `oper_ip`, `oper_location`, `oper_param`, `json_result`, `status`, `error_msg`, `oper_time`) VALUES (202, '乡村景观', 3, 'com.rural.web.controller.ruraleconomic.RuralLandscapeController.remove()', 'DELETE', 1, 'admin', NULL, '/ruraleconomic/landscape/10003', '127.0.0.1', '内网IP', '{rIds=10003}', '{\"msg\":\"操作成功\",\"code\":200}', 0, NULL, '2022-05-11 22:35:15');
INSERT INTO `sys_oper_log` (`oper_id`, `title`, `business_type`, `method`, `request_method`, `operator_type`, `oper_name`, `dept_name`, `oper_url`, `oper_ip`, `oper_location`, `oper_param`, `json_result`, `status`, `error_msg`, `oper_time`) VALUES (203, '代码生成', 2, 'com.rural.generator.controller.GenController.synchDb()', 'GET', 1, 'admin', NULL, '/tool/gen/synchDb/rural_people_info', '127.0.0.1', '内网IP', '{tableName=rural_people_info}', '{\"msg\":\"操作成功\",\"code\":200}', 0, NULL, '2022-05-11 22:42:17');
INSERT INTO `sys_oper_log` (`oper_id`, `title`, `business_type`, `method`, `request_method`, `operator_type`, `oper_name`, `dept_name`, `oper_url`, `oper_ip`, `oper_location`, `oper_param`, `json_result`, `status`, `error_msg`, `oper_time`) VALUES (204, '代码生成', 8, 'com.rural.generator.controller.GenController.batchGenCode()', 'GET', 1, 'admin', NULL, '/tool/gen/batchGenCode', '127.0.0.1', '内网IP', '{}', NULL, 0, NULL, '2022-05-11 22:42:18');
INSERT INTO `sys_oper_log` (`oper_id`, `title`, `business_type`, `method`, `request_method`, `operator_type`, `oper_name`, `dept_name`, `oper_url`, `oper_ip`, `oper_location`, `oper_param`, `json_result`, `status`, `error_msg`, `oper_time`) VALUES (205, '菜单管理', 1, 'com.rural.web.controller.system.SysMenuController.add()', 'POST', 1, 'admin', NULL, '/system/menu', '127.0.0.1', '内网IP', '{\"visible\":\"0\",\"icon\":\"online\",\"orderNum\":5,\"menuName\":\"乡村居民信息管理服务\",\"params\":{},\"parentId\":0,\"isCache\":\"0\",\"path\":\"ruralrims\",\"createBy\":\"admin\",\"children\":[],\"isFrame\":\"1\",\"menuType\":\"M\",\"status\":\"0\"}', '{\"msg\":\"操作成功\",\"code\":200}', 0, NULL, '2022-05-11 22:51:30');
INSERT INTO `sys_oper_log` (`oper_id`, `title`, `business_type`, `method`, `request_method`, `operator_type`, `oper_name`, `dept_name`, `oper_url`, `oper_ip`, `oper_location`, `oper_param`, `json_result`, `status`, `error_msg`, `oper_time`) VALUES (206, '菜单管理', 1, 'com.rural.web.controller.system.SysMenuController.add()', 'POST', 1, 'admin', NULL, '/system/menu', '127.0.0.1', '内网IP', '{\"visible\":\"0\",\"icon\":\"logininfor\",\"orderNum\":1,\"menuName\":\"人口信息\",\"params\":{},\"parentId\":2004,\"isCache\":\"0\",\"path\":\"peopleinfo\",\"component\":\"ruralrims/peopleinfo/index\",\"createBy\":\"admin\",\"children\":[],\"isFrame\":\"1\",\"menuType\":\"C\",\"perms\":\"ruralrims:peopleinfo:index\",\"status\":\"0\"}', '{\"msg\":\"操作成功\",\"code\":200}', 0, NULL, '2022-05-11 22:52:49');
INSERT INTO `sys_oper_log` (`oper_id`, `title`, `business_type`, `method`, `request_method`, `operator_type`, `oper_name`, `dept_name`, `oper_url`, `oper_ip`, `oper_location`, `oper_param`, `json_result`, `status`, `error_msg`, `oper_time`) VALUES (207, '菜单管理', 2, 'com.rural.web.controller.system.SysMenuController.edit()', 'PUT', 1, 'admin', NULL, '/system/menu', '127.0.0.1', '内网IP', '{\"visible\":\"0\",\"icon\":\"logininfor\",\"orderNum\":1,\"menuName\":\"人口信息\",\"params\":{},\"parentId\":2004,\"isCache\":\"0\",\"path\":\"peopleinfo\",\"component\":\"ruralrims/peopleinfo/index\",\"children\":[],\"createTime\":1652280769000,\"updateBy\":\"admin\",\"isFrame\":\"1\",\"menuId\":2005,\"menuType\":\"C\",\"perms\":\"ruralrims:peopleinfo:list\",\"status\":\"0\"}', '{\"msg\":\"操作成功\",\"code\":200}', 0, NULL, '2022-05-11 22:53:17');
INSERT INTO `sys_oper_log` (`oper_id`, `title`, `business_type`, `method`, `request_method`, `operator_type`, `oper_name`, `dept_name`, `oper_url`, `oper_ip`, `oper_location`, `oper_param`, `json_result`, `status`, `error_msg`, `oper_time`) VALUES (208, '乡村景观', 3, 'com.rural.web.controller.ruraleconomic.RuralLandscapeController.remove()', 'DELETE', 1, 'admin', NULL, '/ruraleconomic/landscape/10005', '127.0.0.1', '内网IP', '{rIds=10005}', '{\"msg\":\"操作成功\",\"code\":200}', 0, NULL, '2022-05-12 15:51:52');
INSERT INTO `sys_oper_log` (`oper_id`, `title`, `business_type`, `method`, `request_method`, `operator_type`, `oper_name`, `dept_name`, `oper_url`, `oper_ip`, `oper_location`, `oper_param`, `json_result`, `status`, `error_msg`, `oper_time`) VALUES (209, '字典数据', 2, 'com.rural.web.controller.system.SysDictDataController.edit()', 'PUT', 1, 'admin', NULL, '/system/dict/data', '127.0.0.1', '内网IP', '{\"dictValue\":\"2\",\"listClass\":\"\",\"dictSort\":3,\"remark\":\"性别未知\",\"params\":{},\"dictType\":\"sys_user_sex\",\"dictLabel\":\"未知\",\"createBy\":\"admin\",\"default\":false,\"isDefault\":\"N\",\"cssClass\":\"\",\"createTime\":1651845836000,\"dictCode\":3,\"updateBy\":\"admin\",\"status\":\"1\"}', '{\"msg\":\"操作成功\",\"code\":200}', 0, NULL, '2022-05-12 16:42:52');
INSERT INTO `sys_oper_log` (`oper_id`, `title`, `business_type`, `method`, `request_method`, `operator_type`, `oper_name`, `dept_name`, `oper_url`, `oper_ip`, `oper_location`, `oper_param`, `json_result`, `status`, `error_msg`, `oper_time`) VALUES (210, '人口信息', 1, 'com.rural.web.controller.ruralrims.RuralPeopleInfoController.add()', 'POST', 1, 'admin', NULL, '/ruralrims/peopleinfo', '127.0.0.1', '内网IP', '{\"rSex\":\"1\",\"params\":{},\"createBy\":\"admin\",\"createTime\":1652357052351,\"rName\":\"测试\",\"rAge\":11,\"rPhone\":13123456789}', NULL, 1, '\r\n### Error updating database.  Cause: com.mysql.cj.jdbc.exceptions.MysqlDataTruncation: Data truncation: Out of range value for column \'r_phone\' at row 1\r\n### The error may exist in file [A:\\sltx\\peng\\rural-service\\rural-system\\target\\classes\\mapper\\system\\RuralPeopleInfoMapper.xml]\r\n### The error may involve com.rural.system.mapper.RuralPeopleInfoMapper.insertRuralPeopleInfo-Inline\r\n### The error occurred while setting parameters\r\n### SQL: insert into rural_people_info          ( create_by,             create_time,                                                    r_name,             r_sex,             r_age,             r_phone )           values ( ?,             ?,                                                    ?,             ?,             ?,             ? )\r\n### Cause: com.mysql.cj.jdbc.exceptions.MysqlDataTruncation: Data truncation: Out of range value for column \'r_phone\' at row 1\n; Data truncation: Out of range value for column \'r_phone\' at row 1; nested exception is com.mysql.cj.jdbc.exceptions.MysqlDataTruncation: Data truncation: Out of range value for column \'r_phone\' at row 1', '2022-05-12 20:04:11');
INSERT INTO `sys_oper_log` (`oper_id`, `title`, `business_type`, `method`, `request_method`, `operator_type`, `oper_name`, `dept_name`, `oper_url`, `oper_ip`, `oper_location`, `oper_param`, `json_result`, `status`, `error_msg`, `oper_time`) VALUES (211, '人口信息', 1, 'com.rural.web.controller.ruralrims.RuralPeopleInfoController.add()', 'POST', 1, 'admin', NULL, '/ruralrims/peopleinfo', '127.0.0.1', '内网IP', '{\"rSex\":\"1\",\"params\":{},\"createBy\":\"admin\",\"createTime\":1652357195944,\"rName\":\"张三\",\"rAge\":23,\"rPhone\":\"13123456789\"}', NULL, 1, '\r\n### Error updating database.  Cause: java.sql.SQLException: Field \'r_id\' doesn\'t have a default value\r\n### The error may exist in file [A:\\sltx\\peng\\rural-service\\rural-system\\target\\classes\\mapper\\system\\RuralPeopleInfoMapper.xml]\r\n### The error may involve com.rural.system.mapper.RuralPeopleInfoMapper.insertRuralPeopleInfo-Inline\r\n### The error occurred while setting parameters\r\n### SQL: insert into rural_people_info          ( create_by,             create_time,                                                    r_name,             r_sex,             r_age,             r_phone )           values ( ?,             ?,                                                    ?,             ?,             ?,             ? )\r\n### Cause: java.sql.SQLException: Field \'r_id\' doesn\'t have a default value\n; Field \'r_id\' doesn\'t have a default value; nested exception is java.sql.SQLException: Field \'r_id\' doesn\'t have a default value', '2022-05-12 20:06:35');
INSERT INTO `sys_oper_log` (`oper_id`, `title`, `business_type`, `method`, `request_method`, `operator_type`, `oper_name`, `dept_name`, `oper_url`, `oper_ip`, `oper_location`, `oper_param`, `json_result`, `status`, `error_msg`, `oper_time`) VALUES (212, '人口信息', 1, 'com.rural.web.controller.ruralrims.RuralPeopleInfoController.add()', 'POST', 1, 'admin', NULL, '/ruralrims/peopleinfo', '127.0.0.1', '内网IP', '{\"rSex\":\"1\",\"params\":{},\"rId\":10001,\"createBy\":\"admin\",\"createTime\":1652357338033,\"rName\":\"张三\",\"rAge\":23,\"rPhone\":\"13123456789\"}', '{\"msg\":\"操作成功\",\"code\":200}', 0, NULL, '2022-05-12 20:08:57');
INSERT INTO `sys_oper_log` (`oper_id`, `title`, `business_type`, `method`, `request_method`, `operator_type`, `oper_name`, `dept_name`, `oper_url`, `oper_ip`, `oper_location`, `oper_param`, `json_result`, `status`, `error_msg`, `oper_time`) VALUES (213, '人口信息', 2, 'com.rural.web.controller.ruralrims.RuralPeopleInfoController.edit()', 'PUT', 1, 'admin', NULL, '/ruralrims/peopleinfo', '127.0.0.1', '内网IP', '{\"rSex\":\"1\",\"rAddr\":\"辽宁省沈阳市沈抚新区保利紫云2-5-3\",\"updateTime\":1652357368432,\"delFlag\":\"0\",\"params\":{},\"rId\":10001,\"createBy\":\"admin\",\"createTime\":1652357338000,\"updateBy\":\"admin\",\"rName\":\"张三\",\"rAge\":23,\"rPhone\":\"13123456789\"}', '{\"msg\":\"操作成功\",\"code\":200}', 0, NULL, '2022-05-12 20:09:27');
INSERT INTO `sys_oper_log` (`oper_id`, `title`, `business_type`, `method`, `request_method`, `operator_type`, `oper_name`, `dept_name`, `oper_url`, `oper_ip`, `oper_location`, `oper_param`, `json_result`, `status`, `error_msg`, `oper_time`) VALUES (214, '人口信息', 1, 'com.rural.web.controller.ruralrims.RuralPeopleInfoController.add()', 'POST', 1, 'admin', NULL, '/ruralrims/peopleinfo', '127.0.0.1', '内网IP', '{\"rSex\":\"0\",\"rAddr\":\"\",\"params\":{},\"rId\":10002,\"createBy\":\"admin\",\"createTime\":1652357391026,\"rName\":\"王五\",\"rAge\":99,\"rPhone\":\"13123456734\"}', '{\"msg\":\"操作成功\",\"code\":200}', 0, NULL, '2022-05-12 20:09:50');
INSERT INTO `sys_oper_log` (`oper_id`, `title`, `business_type`, `method`, `request_method`, `operator_type`, `oper_name`, `dept_name`, `oper_url`, `oper_ip`, `oper_location`, `oper_param`, `json_result`, `status`, `error_msg`, `oper_time`) VALUES (215, '人口信息', 1, 'com.rural.web.controller.ruralrims.RuralPeopleInfoController.add()', 'POST', 1, 'admin', NULL, '/ruralrims/peopleinfo', '127.0.0.1', '内网IP', '{\"rSex\":\"0\",\"params\":{},\"rId\":10003,\"createBy\":\"admin\",\"createTime\":1652357416462,\"rName\":\"赵六\",\"rAge\":42,\"rPhone\":\"13999999999\"}', '{\"msg\":\"操作成功\",\"code\":200}', 0, NULL, '2022-05-12 20:10:15');
INSERT INTO `sys_oper_log` (`oper_id`, `title`, `business_type`, `method`, `request_method`, `operator_type`, `oper_name`, `dept_name`, `oper_url`, `oper_ip`, `oper_location`, `oper_param`, `json_result`, `status`, `error_msg`, `oper_time`) VALUES (216, '人口信息', 1, 'com.rural.web.controller.ruralrims.RuralPeopleInfoController.add()', 'POST', 1, 'admin', NULL, '/ruralrims/peopleinfo', '127.0.0.1', '内网IP', '{\"rSex\":\"1\",\"params\":{},\"rId\":10004,\"createBy\":\"admin\",\"createTime\":1652357445314,\"rName\":\"李四\",\"rAge\":17,\"rPhone\":\"188888888888\"}', '{\"msg\":\"操作成功\",\"code\":200}', 0, NULL, '2022-05-12 20:10:44');
INSERT INTO `sys_oper_log` (`oper_id`, `title`, `business_type`, `method`, `request_method`, `operator_type`, `oper_name`, `dept_name`, `oper_url`, `oper_ip`, `oper_location`, `oper_param`, `json_result`, `status`, `error_msg`, `oper_time`) VALUES (217, '人口信息', 3, 'com.rural.web.controller.ruralrims.RuralPeopleInfoController.remove()', 'DELETE', 1, 'admin', NULL, '/ruralrims/peopleinfo/10004', '127.0.0.1', '内网IP', '{rIds=10004}', '{\"msg\":\"操作成功\",\"code\":200}', 0, NULL, '2022-05-12 20:10:48');
INSERT INTO `sys_oper_log` (`oper_id`, `title`, `business_type`, `method`, `request_method`, `operator_type`, `oper_name`, `dept_name`, `oper_url`, `oper_ip`, `oper_location`, `oper_param`, `json_result`, `status`, `error_msg`, `oper_time`) VALUES (218, '人口信息', 3, 'com.rural.web.controller.ruralrims.RuralPeopleInfoController.remove()', 'DELETE', 1, 'admin', NULL, '/ruralrims/peopleinfo/10003', '127.0.0.1', '内网IP', '{rIds=10003}', '{\"msg\":\"操作成功\",\"code\":200}', 0, NULL, '2022-05-12 20:13:47');
INSERT INTO `sys_oper_log` (`oper_id`, `title`, `business_type`, `method`, `request_method`, `operator_type`, `oper_name`, `dept_name`, `oper_url`, `oper_ip`, `oper_location`, `oper_param`, `json_result`, `status`, `error_msg`, `oper_time`) VALUES (219, '人口信息', 2, 'com.rural.web.controller.ruralrims.RuralPeopleInfoController.edit()', 'PUT', 1, 'admin', NULL, '/ruralrims/peopleinfo', '127.0.0.1', '内网IP', '{\"rSex\":\"0\",\"rAddr\":\"你好\",\"updateTime\":1652357666925,\"delFlag\":\"0\",\"params\":{},\"rId\":10002,\"createBy\":\"admin\",\"createTime\":1652357391000,\"updateBy\":\"admin\",\"rName\":\"王五\",\"rAge\":99,\"rPhone\":\"13123456734\"}', '{\"msg\":\"操作成功\",\"code\":200}', 0, NULL, '2022-05-12 20:14:26');
INSERT INTO `sys_oper_log` (`oper_id`, `title`, `business_type`, `method`, `request_method`, `operator_type`, `oper_name`, `dept_name`, `oper_url`, `oper_ip`, `oper_location`, `oper_param`, `json_result`, `status`, `error_msg`, `oper_time`) VALUES (220, '人口信息', 2, 'com.rural.web.controller.ruralrims.RuralPeopleInfoController.edit()', 'PUT', 1, 'admin', NULL, '/ruralrims/peopleinfo', '127.0.0.1', '内网IP', '{\"rSex\":\"0\",\"rAddr\":\"\",\"updateTime\":1652357671036,\"delFlag\":\"0\",\"params\":{},\"rId\":10002,\"createBy\":\"admin\",\"createTime\":1652357391000,\"updateBy\":\"admin\",\"rName\":\"王五\",\"rAge\":99,\"rPhone\":\"13123456734\"}', '{\"msg\":\"操作成功\",\"code\":200}', 0, NULL, '2022-05-12 20:14:30');
INSERT INTO `sys_oper_log` (`oper_id`, `title`, `business_type`, `method`, `request_method`, `operator_type`, `oper_name`, `dept_name`, `oper_url`, `oper_ip`, `oper_location`, `oper_param`, `json_result`, `status`, `error_msg`, `oper_time`) VALUES (221, '人口信息', 2, 'com.rural.web.controller.ruralrims.RuralPeopleInfoController.edit()', 'PUT', 1, 'admin', NULL, '/ruralrims/peopleinfo', '127.0.0.1', '内网IP', '{\"rSex\":\"1\",\"rAddr\":\"都得\",\"updateTime\":1652357685740,\"delFlag\":\"0\",\"params\":{},\"rId\":10004,\"createBy\":\"admin\",\"createTime\":1652357445000,\"updateBy\":\"admin\",\"rName\":\"李四\",\"rAge\":17,\"rPhone\":\"188888888888\"}', '{\"msg\":\"操作成功\",\"code\":200}', 0, NULL, '2022-05-12 20:14:45');
INSERT INTO `sys_oper_log` (`oper_id`, `title`, `business_type`, `method`, `request_method`, `operator_type`, `oper_name`, `dept_name`, `oper_url`, `oper_ip`, `oper_location`, `oper_param`, `json_result`, `status`, `error_msg`, `oper_time`) VALUES (222, '人口信息', 2, 'com.rural.web.controller.ruralrims.RuralPeopleInfoController.edit()', 'PUT', 1, 'admin', NULL, '/ruralrims/peopleinfo', '127.0.0.1', '内网IP', '{\"rSex\":\"1\",\"rAddr\":\"\",\"updateTime\":1652357693145,\"delFlag\":\"0\",\"params\":{},\"rId\":10004,\"createBy\":\"admin\",\"createTime\":1652357445000,\"updateBy\":\"admin\",\"rName\":\"李四\",\"rAge\":17,\"rPhone\":\"188888888888\"}', '{\"msg\":\"操作成功\",\"code\":200}', 0, NULL, '2022-05-12 20:14:52');
INSERT INTO `sys_oper_log` (`oper_id`, `title`, `business_type`, `method`, `request_method`, `operator_type`, `oper_name`, `dept_name`, `oper_url`, `oper_ip`, `oper_location`, `oper_param`, `json_result`, `status`, `error_msg`, `oper_time`) VALUES (223, '人口信息', 3, 'com.rural.web.controller.ruralrims.RuralPeopleInfoController.remove()', 'DELETE', 1, 'admin', NULL, '/ruralrims/peopleinfo/10001,10002,10003,10004', '127.0.0.1', '内网IP', '{rIds=10001,10002,10003,10004}', '{\"msg\":\"操作成功\",\"code\":200}', 0, NULL, '2022-05-12 20:15:03');
INSERT INTO `sys_oper_log` (`oper_id`, `title`, `business_type`, `method`, `request_method`, `operator_type`, `oper_name`, `dept_name`, `oper_url`, `oper_ip`, `oper_location`, `oper_param`, `json_result`, `status`, `error_msg`, `oper_time`) VALUES (224, '人口信息', 2, 'com.rural.web.controller.ruralrims.RuralPeopleInfoController.edit()', 'PUT', 1, 'admin', NULL, '/ruralrims/peopleinfo', '127.0.0.1', '内网IP', '{\"rSex\":\"0\",\"rAddr\":\"辽宁省沈阳市沈北新区碧桂园太阳城2-9-2\",\"updateTime\":1652357763162,\"delFlag\":\"0\",\"params\":{},\"rId\":10002,\"createBy\":\"admin\",\"createTime\":1652357391000,\"updateBy\":\"admin\",\"rName\":\"王五\",\"rAge\":99,\"rPhone\":\"13123456734\"}', '{\"msg\":\"操作成功\",\"code\":200}', 0, NULL, '2022-05-12 20:16:02');
INSERT INTO `sys_oper_log` (`oper_id`, `title`, `business_type`, `method`, `request_method`, `operator_type`, `oper_name`, `dept_name`, `oper_url`, `oper_ip`, `oper_location`, `oper_param`, `json_result`, `status`, `error_msg`, `oper_time`) VALUES (225, '人口信息', 5, 'com.rural.web.controller.ruralrims.RuralPeopleInfoController.export()', 'POST', 1, 'admin', NULL, '/ruralrims/peopleinfo/export', '127.0.0.1', '内网IP', '{\"params\":{}}', NULL, 0, NULL, '2022-05-12 20:17:01');
INSERT INTO `sys_oper_log` (`oper_id`, `title`, `business_type`, `method`, `request_method`, `operator_type`, `oper_name`, `dept_name`, `oper_url`, `oper_ip`, `oper_location`, `oper_param`, `json_result`, `status`, `error_msg`, `oper_time`) VALUES (226, '字典类型', 1, 'com.rural.web.controller.system.SysDictTypeController.add()', 'POST', 1, 'admin', NULL, '/system/dict/type', '127.0.0.1', '内网IP', '{\"createBy\":\"admin\",\"dictName\":\"不同年龄段称呼\",\"params\":{},\"dictType\":\"sys_user_caop\",\"status\":\"0\"}', '{\"msg\":\"操作成功\",\"code\":200}', 0, NULL, '2022-05-12 22:27:46');
INSERT INTO `sys_oper_log` (`oper_id`, `title`, `business_type`, `method`, `request_method`, `operator_type`, `oper_name`, `dept_name`, `oper_url`, `oper_ip`, `oper_location`, `oper_param`, `json_result`, `status`, `error_msg`, `oper_time`) VALUES (227, '字典类型', 3, 'com.rural.web.controller.system.SysDictTypeController.remove()', 'DELETE', 1, 'admin', NULL, '/system/dict/type/101', '127.0.0.1', '内网IP', '{dictIds=101}', '{\"msg\":\"操作成功\",\"code\":200}', 0, NULL, '2022-05-12 22:28:47');
INSERT INTO `sys_oper_log` (`oper_id`, `title`, `business_type`, `method`, `request_method`, `operator_type`, `oper_name`, `dept_name`, `oper_url`, `oper_ip`, `oper_location`, `oper_param`, `json_result`, `status`, `error_msg`, `oper_time`) VALUES (228, '人口信息', 1, 'com.rural.web.controller.ruralrims.RuralPeopleInfoController.add()', 'POST', 1, 'admin', NULL, '/ruralrims/peopleinfo', '127.0.0.1', '内网IP', '{\"rSex\":\"0\",\"params\":{},\"rId\":10005,\"createBy\":\"admin\",\"createTime\":1652367680059,\"rName\":\"毕福剑\",\"rAge\":15,\"rPhone\":\"1981111111111\"}', '{\"msg\":\"操作成功\",\"code\":200}', 0, NULL, '2022-05-12 23:01:19');
INSERT INTO `sys_oper_log` (`oper_id`, `title`, `business_type`, `method`, `request_method`, `operator_type`, `oper_name`, `dept_name`, `oper_url`, `oper_ip`, `oper_location`, `oper_param`, `json_result`, `status`, `error_msg`, `oper_time`) VALUES (229, '人口信息', 3, 'com.rural.web.controller.ruralrims.RuralPeopleInfoController.remove()', 'DELETE', 1, 'admin', NULL, '/ruralrims/peopleinfo/10002', '127.0.0.1', '内网IP', '{rIds=10002}', '{\"msg\":\"操作成功\",\"code\":200}', 0, NULL, '2022-05-12 23:24:58');
INSERT INTO `sys_oper_log` (`oper_id`, `title`, `business_type`, `method`, `request_method`, `operator_type`, `oper_name`, `dept_name`, `oper_url`, `oper_ip`, `oper_location`, `oper_param`, `json_result`, `status`, `error_msg`, `oper_time`) VALUES (230, '代码生成', 2, 'com.rural.generator.controller.GenController.synchDb()', 'GET', 1, 'admin', NULL, '/tool/gen/synchDb/rural_apply_run_errands', '127.0.0.1', '内网IP', '{tableName=rural_apply_run_errands}', '{\"msg\":\"操作成功\",\"code\":200}', 0, NULL, '2022-05-13 11:15:35');
INSERT INTO `sys_oper_log` (`oper_id`, `title`, `business_type`, `method`, `request_method`, `operator_type`, `oper_name`, `dept_name`, `oper_url`, `oper_ip`, `oper_location`, `oper_param`, `json_result`, `status`, `error_msg`, `oper_time`) VALUES (231, '代码生成', 8, 'com.rural.generator.controller.GenController.batchGenCode()', 'GET', 1, 'admin', NULL, '/tool/gen/batchGenCode', '127.0.0.1', '内网IP', '{}', NULL, 0, NULL, '2022-05-13 11:15:37');
INSERT INTO `sys_oper_log` (`oper_id`, `title`, `business_type`, `method`, `request_method`, `operator_type`, `oper_name`, `dept_name`, `oper_url`, `oper_ip`, `oper_location`, `oper_param`, `json_result`, `status`, `error_msg`, `oper_time`) VALUES (232, '菜单管理', 1, 'com.rural.web.controller.system.SysMenuController.add()', 'POST', 1, 'admin', NULL, '/system/menu', '127.0.0.1', '内网IP', '{\"visible\":\"0\",\"icon\":\"people\",\"orderNum\":6,\"menuName\":\"便民利民服务\",\"params\":{},\"parentId\":0,\"isCache\":\"0\",\"path\":\"convenience\",\"createBy\":\"admin\",\"children\":[],\"isFrame\":\"1\",\"menuType\":\"M\",\"status\":\"0\"}', '{\"msg\":\"操作成功\",\"code\":200}', 0, NULL, '2022-05-13 11:36:56');
INSERT INTO `sys_oper_log` (`oper_id`, `title`, `business_type`, `method`, `request_method`, `operator_type`, `oper_name`, `dept_name`, `oper_url`, `oper_ip`, `oper_location`, `oper_param`, `json_result`, `status`, `error_msg`, `oper_time`) VALUES (233, '菜单管理', 1, 'com.rural.web.controller.system.SysMenuController.add()', 'POST', 1, 'admin', NULL, '/system/menu', '127.0.0.1', '内网IP', '{\"visible\":\"0\",\"icon\":\"server\",\"orderNum\":1,\"menuName\":\"申请跑腿\",\"params\":{},\"parentId\":2006,\"isCache\":\"0\",\"path\":\"errands\",\"component\":\"convenience/errands/index\",\"createBy\":\"admin\",\"children\":[],\"isFrame\":\"1\",\"menuType\":\"C\",\"perms\":\"convenience:errands:list\",\"status\":\"0\"}', '{\"msg\":\"操作成功\",\"code\":200}', 0, NULL, '2022-05-13 11:38:04');
INSERT INTO `sys_oper_log` (`oper_id`, `title`, `business_type`, `method`, `request_method`, `operator_type`, `oper_name`, `dept_name`, `oper_url`, `oper_ip`, `oper_location`, `oper_param`, `json_result`, `status`, `error_msg`, `oper_time`) VALUES (234, '字典类型', 1, 'com.rural.web.controller.system.SysDictTypeController.add()', 'POST', 1, 'admin', NULL, '/system/dict/type', '127.0.0.1', '内网IP', '{\"createBy\":\"admin\",\"dictName\":\"购买类型\",\"remark\":\"购买类型\",\"params\":{},\"dictType\":\"sys_purchase_type\",\"status\":\"0\"}', '{\"msg\":\"操作成功\",\"code\":200}', 0, NULL, '2022-05-13 11:39:08');
INSERT INTO `sys_oper_log` (`oper_id`, `title`, `business_type`, `method`, `request_method`, `operator_type`, `oper_name`, `dept_name`, `oper_url`, `oper_ip`, `oper_location`, `oper_param`, `json_result`, `status`, `error_msg`, `oper_time`) VALUES (235, '字典数据', 1, 'com.rural.web.controller.system.SysDictDataController.add()', 'POST', 1, 'admin', NULL, '/system/dict/data', '127.0.0.1', '内网IP', '{\"dictValue\":\"医用品\",\"listClass\":\"default\",\"dictSort\":0,\"remark\":\"医用品\",\"params\":{},\"dictType\":\"sys_purchase_type\",\"dictLabel\":\"0\",\"createBy\":\"admin\",\"default\":false,\"status\":\"0\"}', '{\"msg\":\"操作成功\",\"code\":200}', 0, NULL, '2022-05-13 11:39:32');
INSERT INTO `sys_oper_log` (`oper_id`, `title`, `business_type`, `method`, `request_method`, `operator_type`, `oper_name`, `dept_name`, `oper_url`, `oper_ip`, `oper_location`, `oper_param`, `json_result`, `status`, `error_msg`, `oper_time`) VALUES (236, '字典数据', 2, 'com.rural.web.controller.system.SysDictDataController.edit()', 'PUT', 1, 'admin', NULL, '/system/dict/data', '127.0.0.1', '内网IP', '{\"dictValue\":\"0\",\"listClass\":\"default\",\"dictSort\":0,\"remark\":\"医用品\",\"params\":{},\"dictType\":\"sys_purchase_type\",\"dictLabel\":\"医用品\",\"createBy\":\"admin\",\"default\":false,\"isDefault\":\"N\",\"createTime\":1652413172000,\"dictCode\":102,\"updateBy\":\"admin\",\"status\":\"0\"}', '{\"msg\":\"操作成功\",\"code\":200}', 0, NULL, '2022-05-13 11:39:40');
INSERT INTO `sys_oper_log` (`oper_id`, `title`, `business_type`, `method`, `request_method`, `operator_type`, `oper_name`, `dept_name`, `oper_url`, `oper_ip`, `oper_location`, `oper_param`, `json_result`, `status`, `error_msg`, `oper_time`) VALUES (237, '字典数据', 1, 'com.rural.web.controller.system.SysDictDataController.add()', 'POST', 1, 'admin', NULL, '/system/dict/data', '127.0.0.1', '内网IP', '{\"dictValue\":\"1\",\"listClass\":\"default\",\"dictSort\":1,\"remark\":\"日用品\",\"params\":{},\"dictType\":\"sys_purchase_type\",\"dictLabel\":\"日用品\",\"createBy\":\"admin\",\"default\":false,\"status\":\"0\"}', '{\"msg\":\"操作成功\",\"code\":200}', 0, NULL, '2022-05-13 11:39:53');
INSERT INTO `sys_oper_log` (`oper_id`, `title`, `business_type`, `method`, `request_method`, `operator_type`, `oper_name`, `dept_name`, `oper_url`, `oper_ip`, `oper_location`, `oper_param`, `json_result`, `status`, `error_msg`, `oper_time`) VALUES (238, '字典数据', 1, 'com.rural.web.controller.system.SysDictDataController.add()', 'POST', 1, 'admin', NULL, '/system/dict/data', '127.0.0.1', '内网IP', '{\"dictValue\":\"2\",\"listClass\":\"default\",\"dictSort\":2,\"remark\":\"农业用品\",\"params\":{},\"dictType\":\"sys_purchase_type\",\"dictLabel\":\"农业用品\",\"createBy\":\"admin\",\"default\":false,\"status\":\"0\"}', '{\"msg\":\"操作成功\",\"code\":200}', 0, NULL, '2022-05-13 11:40:04');
INSERT INTO `sys_oper_log` (`oper_id`, `title`, `business_type`, `method`, `request_method`, `operator_type`, `oper_name`, `dept_name`, `oper_url`, `oper_ip`, `oper_location`, `oper_param`, `json_result`, `status`, `error_msg`, `oper_time`) VALUES (239, '申请跑腿', 1, 'com.rural.web.controller.convenience.RuralApplyRunErrandsController.add()', 'POST', 1, 'admin', NULL, '/convenience/errands', '127.0.0.1', '内网IP', '{\"createBy\":\"admin\",\"rType\":\"1\",\"rRemark\":\"肥皂,香薰,沙发\",\"createTime\":1652413828447,\"params\":{},\"rId\":10001}', '{\"msg\":\"操作成功\",\"code\":200}', 0, NULL, '2022-05-13 11:50:28');
INSERT INTO `sys_oper_log` (`oper_id`, `title`, `business_type`, `method`, `request_method`, `operator_type`, `oper_name`, `dept_name`, `oper_url`, `oper_ip`, `oper_location`, `oper_param`, `json_result`, `status`, `error_msg`, `oper_time`) VALUES (240, '申请跑腿', 2, 'com.rural.web.controller.convenience.RuralApplyRunErrandsController.edit()', 'PUT', 1, 'admin', NULL, '/convenience/errands', '127.0.0.1', '内网IP', '{\"createBy\":\"admin\",\"rType\":\"1\",\"rRemark\":\"肥皂,香薰,沙发,遮阳帘\",\"createTime\":1652413828000,\"updateBy\":\"admin\",\"updateTime\":1652414115429,\"delFlag\":\"0\",\"params\":{},\"rId\":10001}', '{\"msg\":\"操作成功\",\"code\":200}', 0, NULL, '2022-05-13 11:55:15');
INSERT INTO `sys_oper_log` (`oper_id`, `title`, `business_type`, `method`, `request_method`, `operator_type`, `oper_name`, `dept_name`, `oper_url`, `oper_ip`, `oper_location`, `oper_param`, `json_result`, `status`, `error_msg`, `oper_time`) VALUES (241, '申请跑腿', 1, 'com.rural.web.controller.convenience.RuralApplyRunErrandsController.add()', 'POST', 1, 'admin', NULL, '/convenience/errands', '127.0.0.1', '内网IP', '{\"createBy\":\"admin\",\"rType\":\"0\",\"rRemark\":\"阿奇,罗红霉素\",\"createTime\":1652414128583,\"params\":{},\"rId\":10002}', '{\"msg\":\"操作成功\",\"code\":200}', 0, NULL, '2022-05-13 11:55:28');
INSERT INTO `sys_oper_log` (`oper_id`, `title`, `business_type`, `method`, `request_method`, `operator_type`, `oper_name`, `dept_name`, `oper_url`, `oper_ip`, `oper_location`, `oper_param`, `json_result`, `status`, `error_msg`, `oper_time`) VALUES (242, '申请跑腿', 1, 'com.rural.web.controller.convenience.RuralApplyRunErrandsController.add()', 'POST', 1, 'admin', NULL, '/convenience/errands', '127.0.0.1', '内网IP', '{\"createBy\":\"admin\",\"rType\":\"2\",\"rRemark\":\"农药,种子\",\"createTime\":1652414141084,\"params\":{},\"rId\":10003}', '{\"msg\":\"操作成功\",\"code\":200}', 0, NULL, '2022-05-13 11:55:40');
INSERT INTO `sys_oper_log` (`oper_id`, `title`, `business_type`, `method`, `request_method`, `operator_type`, `oper_name`, `dept_name`, `oper_url`, `oper_ip`, `oper_location`, `oper_param`, `json_result`, `status`, `error_msg`, `oper_time`) VALUES (243, '申请跑腿', 3, 'com.rural.web.controller.convenience.RuralApplyRunErrandsController.remove()', 'DELETE', 1, 'admin', NULL, '/convenience/errands/10003', '127.0.0.1', '内网IP', '{rIds=10003}', '{\"msg\":\"操作成功\",\"code\":200}', 0, NULL, '2022-05-13 11:55:43');
INSERT INTO `sys_oper_log` (`oper_id`, `title`, `business_type`, `method`, `request_method`, `operator_type`, `oper_name`, `dept_name`, `oper_url`, `oper_ip`, `oper_location`, `oper_param`, `json_result`, `status`, `error_msg`, `oper_time`) VALUES (244, '代码生成', 2, 'com.rural.generator.controller.GenController.synchDb()', 'GET', 1, 'admin', NULL, '/tool/gen/synchDb/rural_apply_maintain', '127.0.0.1', '内网IP', '{tableName=rural_apply_maintain}', '{\"msg\":\"操作成功\",\"code\":200}', 0, NULL, '2022-05-13 13:13:46');
INSERT INTO `sys_oper_log` (`oper_id`, `title`, `business_type`, `method`, `request_method`, `operator_type`, `oper_name`, `dept_name`, `oper_url`, `oper_ip`, `oper_location`, `oper_param`, `json_result`, `status`, `error_msg`, `oper_time`) VALUES (245, '代码生成', 8, 'com.rural.generator.controller.GenController.batchGenCode()', 'GET', 1, 'admin', NULL, '/tool/gen/batchGenCode', '127.0.0.1', '内网IP', '{}', NULL, 0, NULL, '2022-05-13 13:14:11');
INSERT INTO `sys_oper_log` (`oper_id`, `title`, `business_type`, `method`, `request_method`, `operator_type`, `oper_name`, `dept_name`, `oper_url`, `oper_ip`, `oper_location`, `oper_param`, `json_result`, `status`, `error_msg`, `oper_time`) VALUES (246, '字典类型', 1, 'com.rural.web.controller.system.SysDictTypeController.add()', 'POST', 1, 'admin', NULL, '/system/dict/type', '127.0.0.1', '内网IP', '{\"createBy\":\"admin\",\"dictName\":\"维修类型\",\"remark\":\"维修类型\",\"params\":{},\"dictType\":\"sys_repair_type\",\"status\":\"0\"}', '{\"msg\":\"操作成功\",\"code\":200}', 0, NULL, '2022-05-13 13:43:38');
INSERT INTO `sys_oper_log` (`oper_id`, `title`, `business_type`, `method`, `request_method`, `operator_type`, `oper_name`, `dept_name`, `oper_url`, `oper_ip`, `oper_location`, `oper_param`, `json_result`, `status`, `error_msg`, `oper_time`) VALUES (247, '字典数据', 1, 'com.rural.web.controller.system.SysDictDataController.add()', 'POST', 1, 'admin', NULL, '/system/dict/data', '127.0.0.1', '内网IP', '{\"dictValue\":\"0\",\"listClass\":\"default\",\"dictSort\":0,\"params\":{},\"dictType\":\"sys_repair_type\",\"dictLabel\":\"维修自家\",\"createBy\":\"admin\",\"default\":false,\"status\":\"0\"}', '{\"msg\":\"操作成功\",\"code\":200}', 0, NULL, '2022-05-13 13:55:36');
INSERT INTO `sys_oper_log` (`oper_id`, `title`, `business_type`, `method`, `request_method`, `operator_type`, `oper_name`, `dept_name`, `oper_url`, `oper_ip`, `oper_location`, `oper_param`, `json_result`, `status`, `error_msg`, `oper_time`) VALUES (248, '字典数据', 2, 'com.rural.web.controller.system.SysDictDataController.edit()', 'PUT', 1, 'admin', NULL, '/system/dict/data', '127.0.0.1', '内网IP', '{\"dictValue\":\"0\",\"listClass\":\"default\",\"dictSort\":0,\"remark\":\"维修自家\",\"params\":{},\"dictType\":\"sys_repair_type\",\"dictLabel\":\"维修自家\",\"createBy\":\"admin\",\"default\":false,\"isDefault\":\"N\",\"createTime\":1652421336000,\"dictCode\":105,\"updateBy\":\"admin\",\"status\":\"0\"}', '{\"msg\":\"操作成功\",\"code\":200}', 0, NULL, '2022-05-13 13:55:40');
INSERT INTO `sys_oper_log` (`oper_id`, `title`, `business_type`, `method`, `request_method`, `operator_type`, `oper_name`, `dept_name`, `oper_url`, `oper_ip`, `oper_location`, `oper_param`, `json_result`, `status`, `error_msg`, `oper_time`) VALUES (249, '字典数据', 1, 'com.rural.web.controller.system.SysDictDataController.add()', 'POST', 1, 'admin', NULL, '/system/dict/data', '127.0.0.1', '内网IP', '{\"dictValue\":\"1\",\"listClass\":\"default\",\"dictSort\":1,\"remark\":\"维修公共设施\",\"params\":{},\"dictType\":\"sys_repair_type\",\"dictLabel\":\"维修公共设施\",\"createBy\":\"admin\",\"default\":false,\"status\":\"0\"}', '{\"msg\":\"操作成功\",\"code\":200}', 0, NULL, '2022-05-13 13:55:51');
INSERT INTO `sys_oper_log` (`oper_id`, `title`, `business_type`, `method`, `request_method`, `operator_type`, `oper_name`, `dept_name`, `oper_url`, `oper_ip`, `oper_location`, `oper_param`, `json_result`, `status`, `error_msg`, `oper_time`) VALUES (250, '菜单管理', 1, 'com.rural.web.controller.system.SysMenuController.add()', 'POST', 1, 'admin', NULL, '/system/menu', '127.0.0.1', '内网IP', '{\"visible\":\"0\",\"icon\":\"edit\",\"orderNum\":2,\"menuName\":\"申请维修\",\"params\":{},\"parentId\":2006,\"isCache\":\"0\",\"path\":\"maintain\",\"component\":\"convenience/maintain/index\",\"createBy\":\"admin\",\"children\":[],\"isFrame\":\"1\",\"menuType\":\"C\",\"perms\":\"convenience:maintain:list\",\"status\":\"0\"}', '{\"msg\":\"操作成功\",\"code\":200}', 0, NULL, '2022-05-13 14:05:31');
INSERT INTO `sys_oper_log` (`oper_id`, `title`, `business_type`, `method`, `request_method`, `operator_type`, `oper_name`, `dept_name`, `oper_url`, `oper_ip`, `oper_location`, `oper_param`, `json_result`, `status`, `error_msg`, `oper_time`) VALUES (251, '菜单管理', 2, 'com.rural.web.controller.system.SysMenuController.edit()', 'PUT', 1, 'admin', NULL, '/system/menu', '127.0.0.1', '内网IP', '{\"visible\":\"0\",\"icon\":\"cascader\",\"orderNum\":6,\"menuName\":\"便民利民服务\",\"params\":{},\"parentId\":0,\"isCache\":\"0\",\"path\":\"convenience\",\"children\":[],\"createTime\":1652413016000,\"updateBy\":\"admin\",\"isFrame\":\"1\",\"menuId\":2006,\"menuType\":\"M\",\"perms\":\"\",\"status\":\"0\"}', '{\"msg\":\"操作成功\",\"code\":200}', 0, NULL, '2022-05-13 14:05:44');
INSERT INTO `sys_oper_log` (`oper_id`, `title`, `business_type`, `method`, `request_method`, `operator_type`, `oper_name`, `dept_name`, `oper_url`, `oper_ip`, `oper_location`, `oper_param`, `json_result`, `status`, `error_msg`, `oper_time`) VALUES (252, '申请维修', 1, 'com.rural.web.controller.convenience.RuralApplyMaintainController.add()', 'POST', 1, 'admin', NULL, '/convenience/maintain', '127.0.0.1', '内网IP', '{\"createBy\":\"admin\",\"rType\":\"0\",\"rRemark\":\"维修自家\",\"createTime\":1652422042809,\"params\":{},\"rId\":10001}', '{\"msg\":\"操作成功\",\"code\":200}', 0, NULL, '2022-05-13 14:07:22');
INSERT INTO `sys_oper_log` (`oper_id`, `title`, `business_type`, `method`, `request_method`, `operator_type`, `oper_name`, `dept_name`, `oper_url`, `oper_ip`, `oper_location`, `oper_param`, `json_result`, `status`, `error_msg`, `oper_time`) VALUES (253, '申请维修', 1, 'com.rural.web.controller.convenience.RuralApplyMaintainController.add()', 'POST', 1, 'admin', NULL, '/convenience/maintain', '127.0.0.1', '内网IP', '{\"createBy\":\"admin\",\"rType\":\"1\",\"rRemark\":\"维修公共设施\",\"createTime\":1652422059846,\"params\":{},\"rId\":10002}', '{\"msg\":\"操作成功\",\"code\":200}', 0, NULL, '2022-05-13 14:07:39');
INSERT INTO `sys_oper_log` (`oper_id`, `title`, `business_type`, `method`, `request_method`, `operator_type`, `oper_name`, `dept_name`, `oper_url`, `oper_ip`, `oper_location`, `oper_param`, `json_result`, `status`, `error_msg`, `oper_time`) VALUES (254, '申请维修', 1, 'com.rural.web.controller.convenience.RuralApplyMaintainController.add()', 'POST', 1, 'admin', NULL, '/convenience/maintain', '127.0.0.1', '内网IP', '{\"createBy\":\"admin\",\"rType\":\"0\",\"rRemark\":\"12\",\"createTime\":1652422064479,\"params\":{},\"rId\":10003}', '{\"msg\":\"操作成功\",\"code\":200}', 0, NULL, '2022-05-13 14:07:44');
INSERT INTO `sys_oper_log` (`oper_id`, `title`, `business_type`, `method`, `request_method`, `operator_type`, `oper_name`, `dept_name`, `oper_url`, `oper_ip`, `oper_location`, `oper_param`, `json_result`, `status`, `error_msg`, `oper_time`) VALUES (255, '申请维修', 2, 'com.rural.web.controller.convenience.RuralApplyMaintainController.edit()', 'PUT', 1, 'admin', NULL, '/convenience/maintain', '127.0.0.1', '内网IP', '{\"createBy\":\"admin\",\"rType\":\"0\",\"rRemark\":\"00\",\"createTime\":1652422064000,\"updateBy\":\"admin\",\"updateTime\":1652422074258,\"delFlag\":\"0\",\"params\":{},\"rId\":10003}', '{\"msg\":\"操作成功\",\"code\":200}', 0, NULL, '2022-05-13 14:07:53');
INSERT INTO `sys_oper_log` (`oper_id`, `title`, `business_type`, `method`, `request_method`, `operator_type`, `oper_name`, `dept_name`, `oper_url`, `oper_ip`, `oper_location`, `oper_param`, `json_result`, `status`, `error_msg`, `oper_time`) VALUES (256, '申请维修', 3, 'com.rural.web.controller.convenience.RuralApplyMaintainController.remove()', 'DELETE', 1, 'admin', NULL, '/convenience/maintain/10003', '127.0.0.1', '内网IP', '{rIds=10003}', '{\"msg\":\"操作成功\",\"code\":200}', 0, NULL, '2022-05-13 14:07:57');
INSERT INTO `sys_oper_log` (`oper_id`, `title`, `business_type`, `method`, `request_method`, `operator_type`, `oper_name`, `dept_name`, `oper_url`, `oper_ip`, `oper_location`, `oper_param`, `json_result`, `status`, `error_msg`, `oper_time`) VALUES (257, '申请维修', 5, 'com.rural.web.controller.convenience.RuralApplyMaintainController.export()', 'POST', 1, 'admin', NULL, '/convenience/maintain/export', '127.0.0.1', '内网IP', '{\"params\":{}}', NULL, 0, NULL, '2022-05-13 14:08:53');
INSERT INTO `sys_oper_log` (`oper_id`, `title`, `business_type`, `method`, `request_method`, `operator_type`, `oper_name`, `dept_name`, `oper_url`, `oper_ip`, `oper_location`, `oper_param`, `json_result`, `status`, `error_msg`, `oper_time`) VALUES (258, '申请维修', 5, 'com.rural.web.controller.convenience.RuralApplyMaintainController.export()', 'POST', 1, 'admin', NULL, '/convenience/maintain/export', '127.0.0.1', '内网IP', '{\"params\":{}}', NULL, 0, NULL, '2022-05-13 14:11:23');
INSERT INTO `sys_oper_log` (`oper_id`, `title`, `business_type`, `method`, `request_method`, `operator_type`, `oper_name`, `dept_name`, `oper_url`, `oper_ip`, `oper_location`, `oper_param`, `json_result`, `status`, `error_msg`, `oper_time`) VALUES (259, '申请跑腿', 5, 'com.rural.web.controller.convenience.RuralApplyRunErrandsController.export()', 'POST', 1, 'admin', NULL, '/convenience/errands/export', '127.0.0.1', '内网IP', '{\"params\":{}}', NULL, 0, NULL, '2022-05-13 14:11:35');
INSERT INTO `sys_oper_log` (`oper_id`, `title`, `business_type`, `method`, `request_method`, `operator_type`, `oper_name`, `dept_name`, `oper_url`, `oper_ip`, `oper_location`, `oper_param`, `json_result`, `status`, `error_msg`, `oper_time`) VALUES (260, '代码生成', 2, 'com.rural.generator.controller.GenController.synchDb()', 'GET', 1, 'admin', NULL, '/tool/gen/synchDb/rural_apply_infrastructure', '127.0.0.1', '内网IP', '{tableName=rural_apply_infrastructure}', '{\"msg\":\"操作成功\",\"code\":200}', 0, NULL, '2022-05-13 14:17:22');
INSERT INTO `sys_oper_log` (`oper_id`, `title`, `business_type`, `method`, `request_method`, `operator_type`, `oper_name`, `dept_name`, `oper_url`, `oper_ip`, `oper_location`, `oper_param`, `json_result`, `status`, `error_msg`, `oper_time`) VALUES (261, '代码生成', 3, 'com.rural.generator.controller.GenController.remove()', 'DELETE', 1, 'admin', NULL, '/tool/gen/41', '127.0.0.1', '内网IP', '{tableIds=41}', '{\"msg\":\"操作成功\",\"code\":200}', 0, NULL, '2022-05-13 14:17:31');
INSERT INTO `sys_oper_log` (`oper_id`, `title`, `business_type`, `method`, `request_method`, `operator_type`, `oper_name`, `dept_name`, `oper_url`, `oper_ip`, `oper_location`, `oper_param`, `json_result`, `status`, `error_msg`, `oper_time`) VALUES (262, '代码生成', 6, 'com.rural.generator.controller.GenController.importTableSave()', 'POST', 1, 'admin', NULL, '/tool/gen/importTable', '127.0.0.1', '内网IP', 'rural_apply_infrastructure', '{\"msg\":\"操作成功\",\"code\":200}', 0, NULL, '2022-05-13 14:17:41');
INSERT INTO `sys_oper_log` (`oper_id`, `title`, `business_type`, `method`, `request_method`, `operator_type`, `oper_name`, `dept_name`, `oper_url`, `oper_ip`, `oper_location`, `oper_param`, `json_result`, `status`, `error_msg`, `oper_time`) VALUES (263, '代码生成', 8, 'com.rural.generator.controller.GenController.batchGenCode()', 'GET', 1, 'admin', NULL, '/tool/gen/batchGenCode', '127.0.0.1', '内网IP', '{}', NULL, 0, NULL, '2022-05-13 14:17:46');
INSERT INTO `sys_oper_log` (`oper_id`, `title`, `business_type`, `method`, `request_method`, `operator_type`, `oper_name`, `dept_name`, `oper_url`, `oper_ip`, `oper_location`, `oper_param`, `json_result`, `status`, `error_msg`, `oper_time`) VALUES (264, '字典类型', 1, 'com.rural.web.controller.system.SysDictTypeController.add()', 'POST', 1, 'admin', NULL, '/system/dict/type', '127.0.0.1', '内网IP', '{\"createBy\":\"admin\",\"dictName\":\"基础设施类型\",\"remark\":\"基础设施类型\",\"params\":{},\"dictType\":\"sys_infrastructure_type\",\"status\":\"0\"}', '{\"msg\":\"操作成功\",\"code\":200}', 0, NULL, '2022-05-13 14:27:20');
INSERT INTO `sys_oper_log` (`oper_id`, `title`, `business_type`, `method`, `request_method`, `operator_type`, `oper_name`, `dept_name`, `oper_url`, `oper_ip`, `oper_location`, `oper_param`, `json_result`, `status`, `error_msg`, `oper_time`) VALUES (265, '菜单管理', 1, 'com.rural.web.controller.system.SysMenuController.add()', 'POST', 1, 'admin', NULL, '/system/menu', '127.0.0.1', '内网IP', '{\"visible\":\"0\",\"icon\":\"clipboard\",\"orderNum\":3,\"menuName\":\"申请设施\",\"params\":{},\"parentId\":2007,\"isCache\":\"0\",\"path\":\"infrastructure\",\"component\":\"convenience/infrastructure/index\",\"createBy\":\"admin\",\"children\":[],\"isFrame\":\"1\",\"menuType\":\"C\",\"perms\":\"convenience:infrastructure:list\",\"status\":\"0\"}', '{\"msg\":\"操作成功\",\"code\":200}', 0, NULL, '2022-05-13 14:31:58');
INSERT INTO `sys_oper_log` (`oper_id`, `title`, `business_type`, `method`, `request_method`, `operator_type`, `oper_name`, `dept_name`, `oper_url`, `oper_ip`, `oper_location`, `oper_param`, `json_result`, `status`, `error_msg`, `oper_time`) VALUES (266, '菜单管理', 2, 'com.rural.web.controller.system.SysMenuController.edit()', 'PUT', 1, 'admin', NULL, '/system/menu', '127.0.0.1', '内网IP', '{\"visible\":\"0\",\"icon\":\"clipboard\",\"orderNum\":3,\"menuName\":\"申请设施\",\"params\":{},\"parentId\":2006,\"isCache\":\"0\",\"path\":\"infrastructure\",\"component\":\"convenience/infrastructure/index\",\"children\":[],\"createTime\":1652423518000,\"updateBy\":\"admin\",\"isFrame\":\"1\",\"menuId\":2009,\"menuType\":\"C\",\"perms\":\"convenience:infrastructure:list\",\"status\":\"0\"}', '{\"msg\":\"操作成功\",\"code\":200}', 0, NULL, '2022-05-13 14:32:09');
INSERT INTO `sys_oper_log` (`oper_id`, `title`, `business_type`, `method`, `request_method`, `operator_type`, `oper_name`, `dept_name`, `oper_url`, `oper_ip`, `oper_location`, `oper_param`, `json_result`, `status`, `error_msg`, `oper_time`) VALUES (267, '字典数据', 1, 'com.rural.web.controller.system.SysDictDataController.add()', 'POST', 1, 'admin', NULL, '/system/dict/data', '127.0.0.1', '内网IP', '{\"dictValue\":\"0\",\"listClass\":\"default\",\"dictSort\":0,\"remark\":\"乡村基础设施\",\"params\":{},\"dictType\":\"sys_infrastructure_type\",\"dictLabel\":\"乡村基础设施\",\"createBy\":\"admin\",\"default\":false,\"status\":\"0\"}', '{\"msg\":\"操作成功\",\"code\":200}', 0, NULL, '2022-05-13 14:35:14');
INSERT INTO `sys_oper_log` (`oper_id`, `title`, `business_type`, `method`, `request_method`, `operator_type`, `oper_name`, `dept_name`, `oper_url`, `oper_ip`, `oper_location`, `oper_param`, `json_result`, `status`, `error_msg`, `oper_time`) VALUES (268, '字典数据', 1, 'com.rural.web.controller.system.SysDictDataController.add()', 'POST', 1, 'admin', NULL, '/system/dict/data', '127.0.0.1', '内网IP', '{\"dictValue\":\"1\",\"listClass\":\"default\",\"dictSort\":1,\"remark\":\"申请的公共设施\",\"params\":{},\"dictType\":\"sys_infrastructure_type\",\"dictLabel\":\"申请的公共设施\",\"createBy\":\"admin\",\"default\":false,\"status\":\"0\"}', '{\"msg\":\"操作成功\",\"code\":200}', 0, NULL, '2022-05-13 14:35:24');
INSERT INTO `sys_oper_log` (`oper_id`, `title`, `business_type`, `method`, `request_method`, `operator_type`, `oper_name`, `dept_name`, `oper_url`, `oper_ip`, `oper_location`, `oper_param`, `json_result`, `status`, `error_msg`, `oper_time`) VALUES (269, '申请基础设施', 1, 'com.rural.web.controller.convenience.RuralApplyInfrastructureController.add()', 'POST', 1, 'admin', NULL, '/convenience/infrastructure', '127.0.0.1', '内网IP', '{\"createBy\":\"admin\",\"rType\":\"0\",\"rRemark\":\"乡村基础设施\",\"createTime\":1652426280351,\"params\":{},\"rId\":10001}', '{\"msg\":\"操作成功\",\"code\":200}', 0, NULL, '2022-05-13 15:17:59');
INSERT INTO `sys_oper_log` (`oper_id`, `title`, `business_type`, `method`, `request_method`, `operator_type`, `oper_name`, `dept_name`, `oper_url`, `oper_ip`, `oper_location`, `oper_param`, `json_result`, `status`, `error_msg`, `oper_time`) VALUES (270, '申请基础设施', 1, 'com.rural.web.controller.convenience.RuralApplyInfrastructureController.add()', 'POST', 1, 'admin', NULL, '/convenience/infrastructure', '127.0.0.1', '内网IP', '{\"createBy\":\"admin\",\"rType\":\"1\",\"rRemark\":\"公共设施\",\"createTime\":1652426293613,\"params\":{},\"rId\":10002}', '{\"msg\":\"操作成功\",\"code\":200}', 0, NULL, '2022-05-13 15:18:13');
INSERT INTO `sys_oper_log` (`oper_id`, `title`, `business_type`, `method`, `request_method`, `operator_type`, `oper_name`, `dept_name`, `oper_url`, `oper_ip`, `oper_location`, `oper_param`, `json_result`, `status`, `error_msg`, `oper_time`) VALUES (271, '申请基础设施', 1, 'com.rural.web.controller.convenience.RuralApplyInfrastructureController.add()', 'POST', 1, 'admin', NULL, '/convenience/infrastructure', '127.0.0.1', '内网IP', '{\"createBy\":\"admin\",\"rType\":\"0\",\"rRemark\":\"123\",\"createTime\":1652426297252,\"params\":{},\"rId\":10003}', '{\"msg\":\"操作成功\",\"code\":200}', 0, NULL, '2022-05-13 15:18:16');
INSERT INTO `sys_oper_log` (`oper_id`, `title`, `business_type`, `method`, `request_method`, `operator_type`, `oper_name`, `dept_name`, `oper_url`, `oper_ip`, `oper_location`, `oper_param`, `json_result`, `status`, `error_msg`, `oper_time`) VALUES (272, '申请基础设施', 3, 'com.rural.web.controller.convenience.RuralApplyInfrastructureController.remove()', 'DELETE', 1, 'admin', NULL, '/convenience/infrastructure/10003', '127.0.0.1', '内网IP', '{rIds=10003}', '{\"msg\":\"操作成功\",\"code\":200}', 0, NULL, '2022-05-13 15:18:19');
INSERT INTO `sys_oper_log` (`oper_id`, `title`, `business_type`, `method`, `request_method`, `operator_type`, `oper_name`, `dept_name`, `oper_url`, `oper_ip`, `oper_location`, `oper_param`, `json_result`, `status`, `error_msg`, `oper_time`) VALUES (273, '申请基础设施', 5, 'com.rural.web.controller.convenience.RuralApplyInfrastructureController.export()', 'POST', 1, 'admin', NULL, '/convenience/infrastructure/export', '127.0.0.1', '内网IP', '{\"params\":{}}', NULL, 0, NULL, '2022-05-13 15:18:30');
INSERT INTO `sys_oper_log` (`oper_id`, `title`, `business_type`, `method`, `request_method`, `operator_type`, `oper_name`, `dept_name`, `oper_url`, `oper_ip`, `oper_location`, `oper_param`, `json_result`, `status`, `error_msg`, `oper_time`) VALUES (274, '字典数据', 2, 'com.rural.web.controller.system.SysDictDataController.edit()', 'PUT', 1, 'admin', NULL, '/system/dict/data', '127.0.0.1', '内网IP', '{\"dictValue\":\"1\",\"listClass\":\"default\",\"dictSort\":1,\"remark\":\"申请的公共设施\",\"params\":{},\"dictType\":\"sys_infrastructure_type\",\"dictLabel\":\"公共设施\",\"createBy\":\"admin\",\"default\":false,\"isDefault\":\"N\",\"createTime\":1652423724000,\"dictCode\":108,\"updateBy\":\"admin\",\"status\":\"0\"}', '{\"msg\":\"操作成功\",\"code\":200}', 0, NULL, '2022-05-13 15:19:14');
INSERT INTO `sys_oper_log` (`oper_id`, `title`, `business_type`, `method`, `request_method`, `operator_type`, `oper_name`, `dept_name`, `oper_url`, `oper_ip`, `oper_location`, `oper_param`, `json_result`, `status`, `error_msg`, `oper_time`) VALUES (275, '申请基础设施', 3, 'com.rural.web.controller.convenience.RuralApplyInfrastructureController.remove()', 'DELETE', 1, 'admin', NULL, '/convenience/infrastructure/10003', '127.0.0.1', '内网IP', '{rIds=10003}', '{\"msg\":\"操作成功\",\"code\":200}', 0, NULL, '2022-05-13 15:21:03');
INSERT INTO `sys_oper_log` (`oper_id`, `title`, `business_type`, `method`, `request_method`, `operator_type`, `oper_name`, `dept_name`, `oper_url`, `oper_ip`, `oper_location`, `oper_param`, `json_result`, `status`, `error_msg`, `oper_time`) VALUES (276, '代码生成', 2, 'com.rural.generator.controller.GenController.synchDb()', 'GET', 1, 'admin', NULL, '/tool/gen/synchDb/rural_vote', '127.0.0.1', '内网IP', '{tableName=rural_vote}', '{\"msg\":\"操作成功\",\"code\":200}', 0, NULL, '2022-05-14 10:44:21');
INSERT INTO `sys_oper_log` (`oper_id`, `title`, `business_type`, `method`, `request_method`, `operator_type`, `oper_name`, `dept_name`, `oper_url`, `oper_ip`, `oper_location`, `oper_param`, `json_result`, `status`, `error_msg`, `oper_time`) VALUES (277, '代码生成', 2, 'com.rural.generator.controller.GenController.synchDb()', 'GET', 1, 'admin', NULL, '/tool/gen/synchDb/rural_proposal', '127.0.0.1', '内网IP', '{tableName=rural_proposal}', '{\"msg\":\"操作成功\",\"code\":200}', 0, NULL, '2022-05-17 22:05:00');
INSERT INTO `sys_oper_log` (`oper_id`, `title`, `business_type`, `method`, `request_method`, `operator_type`, `oper_name`, `dept_name`, `oper_url`, `oper_ip`, `oper_location`, `oper_param`, `json_result`, `status`, `error_msg`, `oper_time`) VALUES (278, '代码生成', 8, 'com.rural.generator.controller.GenController.batchGenCode()', 'GET', 1, 'admin', NULL, '/tool/gen/batchGenCode', '127.0.0.1', '内网IP', '{}', NULL, 0, NULL, '2022-05-17 22:05:03');
INSERT INTO `sys_oper_log` (`oper_id`, `title`, `business_type`, `method`, `request_method`, `operator_type`, `oper_name`, `dept_name`, `oper_url`, `oper_ip`, `oper_location`, `oper_param`, `json_result`, `status`, `error_msg`, `oper_time`) VALUES (279, '菜单管理', 1, 'com.rural.web.controller.system.SysMenuController.add()', 'POST', 1, 'admin', NULL, '/system/menu', '127.0.0.1', '内网IP', '{\"visible\":\"0\",\"icon\":\"row\",\"orderNum\":7,\"menuName\":\"人民当家作主\",\"params\":{},\"parentId\":0,\"isCache\":\"0\",\"path\":\"ruralpcm\",\"createBy\":\"admin\",\"children\":[],\"isFrame\":\"1\",\"menuType\":\"M\",\"status\":\"0\"}', '{\"msg\":\"操作成功\",\"code\":200}', 0, NULL, '2022-05-17 22:16:25');
INSERT INTO `sys_oper_log` (`oper_id`, `title`, `business_type`, `method`, `request_method`, `operator_type`, `oper_name`, `dept_name`, `oper_url`, `oper_ip`, `oper_location`, `oper_param`, `json_result`, `status`, `error_msg`, `oper_time`) VALUES (280, '菜单管理', 1, 'com.rural.web.controller.system.SysMenuController.add()', 'POST', 1, 'admin', NULL, '/system/menu', '127.0.0.1', '内网IP', '{\"visible\":\"0\",\"icon\":\"post\",\"orderNum\":2,\"menuName\":\"我有建议\",\"params\":{},\"parentId\":2010,\"isCache\":\"0\",\"path\":\"proposal\",\"component\":\"ruralpcm/proposal/index\",\"createBy\":\"admin\",\"children\":[],\"isFrame\":\"1\",\"menuType\":\"C\",\"perms\":\"ruralpcm:proposal:list\",\"status\":\"0\"}', '{\"msg\":\"操作成功\",\"code\":200}', 0, NULL, '2022-05-17 22:18:12');
INSERT INTO `sys_oper_log` (`oper_id`, `title`, `business_type`, `method`, `request_method`, `operator_type`, `oper_name`, `dept_name`, `oper_url`, `oper_ip`, `oper_location`, `oper_param`, `json_result`, `status`, `error_msg`, `oper_time`) VALUES (281, '用户头像', 2, 'com.rural.web.controller.system.SysProfileController.avatar()', 'POST', 1, 'admin', NULL, '/system/user/profile/avatar', '127.0.0.1', '内网IP', '', '{\"msg\":\"操作成功\",\"imgUrl\":\"/profile/avatar/2022/05/18/blob_20220518184324A001.jpeg\",\"code\":200}', 0, NULL, '2022-05-18 18:43:25');
INSERT INTO `sys_oper_log` (`oper_id`, `title`, `business_type`, `method`, `request_method`, `operator_type`, `oper_name`, `dept_name`, `oper_url`, `oper_ip`, `oper_location`, `oper_param`, `json_result`, `status`, `error_msg`, `oper_time`) VALUES (282, '我有建议', 1, 'com.rural.web.controller.ruralpcm.RuralProposalController.add()', 'POST', 1, 'admin', NULL, '/ruralpcm/proposal', '127.0.0.1', '内网IP', '{\"createBy\":\"admin\",\"rRemark\":\"这是一条建议\",\"createTime\":1652932428881,\"params\":{},\"rId\":10001}', '{\"msg\":\"操作成功\",\"code\":200}', 0, NULL, '2022-05-19 11:53:49');
INSERT INTO `sys_oper_log` (`oper_id`, `title`, `business_type`, `method`, `request_method`, `operator_type`, `oper_name`, `dept_name`, `oper_url`, `oper_ip`, `oper_location`, `oper_param`, `json_result`, `status`, `error_msg`, `oper_time`) VALUES (283, '我有建议', 2, 'com.rural.web.controller.ruralpcm.RuralProposalController.edit()', 'PUT', 1, 'admin', NULL, '/ruralpcm/proposal', '127.0.0.1', '内网IP', '{\"createBy\":\"admin\",\"rRemark\":\"这是一条建议，\",\"createTime\":1652932429000,\"updateBy\":\"\",\"updateTime\":1652932646212,\"delFlag\":\"0\",\"params\":{},\"rId\":10001}', '{\"msg\":\"操作成功\",\"code\":200}', 0, NULL, '2022-05-19 11:57:26');
INSERT INTO `sys_oper_log` (`oper_id`, `title`, `business_type`, `method`, `request_method`, `operator_type`, `oper_name`, `dept_name`, `oper_url`, `oper_ip`, `oper_location`, `oper_param`, `json_result`, `status`, `error_msg`, `oper_time`) VALUES (284, '我有建议', 1, 'com.rural.web.controller.ruralpcm.RuralProposalController.add()', 'POST', 1, 'admin', NULL, '/ruralpcm/proposal', '127.0.0.1', '内网IP', '{\"createBy\":\"admin\",\"rRemark\":\"建议修理马路。\",\"createTime\":1652932661269,\"params\":{},\"rId\":10002}', '{\"msg\":\"操作成功\",\"code\":200}', 0, NULL, '2022-05-19 11:57:41');
INSERT INTO `sys_oper_log` (`oper_id`, `title`, `business_type`, `method`, `request_method`, `operator_type`, `oper_name`, `dept_name`, `oper_url`, `oper_ip`, `oper_location`, `oper_param`, `json_result`, `status`, `error_msg`, `oper_time`) VALUES (285, '我有建议', 3, 'com.rural.web.controller.ruralpcm.RuralProposalController.remove()', 'DELETE', 1, 'admin', NULL, '/ruralpcm/proposal/10002', '127.0.0.1', '内网IP', '{rIds=10002}', '{\"msg\":\"操作成功\",\"code\":200}', 0, NULL, '2022-05-19 11:57:49');
INSERT INTO `sys_oper_log` (`oper_id`, `title`, `business_type`, `method`, `request_method`, `operator_type`, `oper_name`, `dept_name`, `oper_url`, `oper_ip`, `oper_location`, `oper_param`, `json_result`, `status`, `error_msg`, `oper_time`) VALUES (286, '代码生成', 2, 'com.rural.generator.controller.GenController.synchDb()', 'GET', 1, 'admin', NULL, '/tool/gen/synchDb/rural_complaint', '127.0.0.1', '内网IP', '{tableName=rural_complaint}', '{\"msg\":\"操作成功\",\"code\":200}', 0, NULL, '2022-05-19 05:43:57');
INSERT INTO `sys_oper_log` (`oper_id`, `title`, `business_type`, `method`, `request_method`, `operator_type`, `oper_name`, `dept_name`, `oper_url`, `oper_ip`, `oper_location`, `oper_param`, `json_result`, `status`, `error_msg`, `oper_time`) VALUES (287, '代码生成', 8, 'com.rural.generator.controller.GenController.batchGenCode()', 'GET', 1, 'admin', NULL, '/tool/gen/batchGenCode', '127.0.0.1', '内网IP', '{}', NULL, 0, NULL, '2022-05-19 05:44:01');
INSERT INTO `sys_oper_log` (`oper_id`, `title`, `business_type`, `method`, `request_method`, `operator_type`, `oper_name`, `dept_name`, `oper_url`, `oper_ip`, `oper_location`, `oper_param`, `json_result`, `status`, `error_msg`, `oper_time`) VALUES (288, '菜单管理', 1, 'com.rural.web.controller.system.SysMenuController.add()', 'POST', 1, 'admin', NULL, '/system/menu', '127.0.0.1', '内网IP', '{\"visible\":\"0\",\"icon\":\"validCode\",\"orderNum\":3,\"menuName\":\"我要投诉\",\"params\":{},\"parentId\":2010,\"isCache\":\"0\",\"path\":\"complaint\",\"component\":\"ruralpcm/complaint/index\",\"createBy\":\"admin\",\"children\":[],\"isFrame\":\"1\",\"menuType\":\"C\",\"perms\":\"ruralpcm:complaint:list\",\"status\":\"0\"}', '{\"msg\":\"操作成功\",\"code\":200}', 0, NULL, '2022-05-19 06:04:56');
INSERT INTO `sys_oper_log` (`oper_id`, `title`, `business_type`, `method`, `request_method`, `operator_type`, `oper_name`, `dept_name`, `oper_url`, `oper_ip`, `oper_location`, `oper_param`, `json_result`, `status`, `error_msg`, `oper_time`) VALUES (289, '我要投诉', 1, 'com.rural.web.controller.ruralpcm.RuralComplaintController.add()', 'POST', 1, 'admin', NULL, '/ruralpcm/complaint', '127.0.0.1', '内网IP', '{\"createBy\":\"admin\",\"rRemark\":\"王武家声音太大。\",\"createTime\":1652941658946,\"params\":{},\"rId\":10001,\"rStatus\":\"0\"}', '{\"msg\":\"操作成功\",\"code\":200}', 0, NULL, '2022-05-19 06:27:51');
INSERT INTO `sys_oper_log` (`oper_id`, `title`, `business_type`, `method`, `request_method`, `operator_type`, `oper_name`, `dept_name`, `oper_url`, `oper_ip`, `oper_location`, `oper_param`, `json_result`, `status`, `error_msg`, `oper_time`) VALUES (290, '我要投诉', 1, 'com.rural.web.controller.ruralpcm.RuralComplaintController.add()', 'POST', 1, 'admin', NULL, '/ruralpcm/complaint', '127.0.0.1', '内网IP', '{\"createBy\":\"匿名\",\"rRemark\":\"李四半夜打呼噜。\",\"createTime\":1652941689271,\"params\":{},\"rId\":10002,\"rStatus\":\"1\"}', '{\"msg\":\"操作成功\",\"code\":200}', 0, NULL, '2022-05-19 06:28:09');
INSERT INTO `sys_oper_log` (`oper_id`, `title`, `business_type`, `method`, `request_method`, `operator_type`, `oper_name`, `dept_name`, `oper_url`, `oper_ip`, `oper_location`, `oper_param`, `json_result`, `status`, `error_msg`, `oper_time`) VALUES (291, '我要投诉', 2, 'com.rural.web.controller.ruralpcm.RuralComplaintController.edit()', 'PUT', 1, 'admin', NULL, '/ruralpcm/complaint', '127.0.0.1', '内网IP', '{\"createBy\":\"admin\",\"rRemark\":\"李四半夜打呼噜。\",\"createTime\":1652941689000,\"updateBy\":\"\",\"updateTime\":1652941694790,\"delFlag\":\"0\",\"params\":{},\"rId\":10002,\"rStatus\":\"0\"}', '{\"msg\":\"操作成功\",\"code\":200}', 0, NULL, '2022-05-19 06:28:14');
INSERT INTO `sys_oper_log` (`oper_id`, `title`, `business_type`, `method`, `request_method`, `operator_type`, `oper_name`, `dept_name`, `oper_url`, `oper_ip`, `oper_location`, `oper_param`, `json_result`, `status`, `error_msg`, `oper_time`) VALUES (292, '我要投诉', 2, 'com.rural.web.controller.ruralpcm.RuralComplaintController.edit()', 'PUT', 1, 'admin', NULL, '/ruralpcm/complaint', '127.0.0.1', '内网IP', '{\"createBy\":\"admin\",\"rRemark\":\"李四半夜打呼噜。\",\"createTime\":1652941689000,\"updateBy\":\"\",\"updateTime\":1652941699149,\"delFlag\":\"0\",\"params\":{},\"rId\":10002,\"rStatus\":\"1\"}', '{\"msg\":\"操作成功\",\"code\":200}', 0, NULL, '2022-05-19 06:28:19');
INSERT INTO `sys_oper_log` (`oper_id`, `title`, `business_type`, `method`, `request_method`, `operator_type`, `oper_name`, `dept_name`, `oper_url`, `oper_ip`, `oper_location`, `oper_param`, `json_result`, `status`, `error_msg`, `oper_time`) VALUES (293, '我要投诉', 2, 'com.rural.web.controller.ruralpcm.RuralComplaintController.edit()', 'PUT', 1, 'admin', NULL, '/ruralpcm/complaint', '127.0.0.1', '内网IP', '{\"createBy\":\"匿名\",\"rRemark\":\"李四半夜打呼噜。\",\"createTime\":1652941689000,\"updateBy\":\"admin\",\"updateTime\":1652941914259,\"delFlag\":\"0\",\"params\":{},\"rId\":10002,\"rStatus\":\"1\"}', '{\"msg\":\"操作成功\",\"code\":200}', 0, NULL, '2022-05-19 06:31:54');
INSERT INTO `sys_oper_log` (`oper_id`, `title`, `business_type`, `method`, `request_method`, `operator_type`, `oper_name`, `dept_name`, `oper_url`, `oper_ip`, `oper_location`, `oper_param`, `json_result`, `status`, `error_msg`, `oper_time`) VALUES (294, '我要投诉', 3, 'com.rural.web.controller.ruralpcm.RuralComplaintController.remove()', 'DELETE', 1, 'admin', NULL, '/ruralpcm/complaint/10002', '127.0.0.1', '内网IP', '{rIds=10002}', '{\"msg\":\"操作成功\",\"code\":200}', 0, NULL, '2022-05-19 06:31:58');
INSERT INTO `sys_oper_log` (`oper_id`, `title`, `business_type`, `method`, `request_method`, `operator_type`, `oper_name`, `dept_name`, `oper_url`, `oper_ip`, `oper_location`, `oper_param`, `json_result`, `status`, `error_msg`, `oper_time`) VALUES (295, '我要投诉', 1, 'com.rural.web.controller.ruralpcm.RuralComplaintController.add()', 'POST', 1, 'admin', NULL, '/ruralpcm/complaint', '127.0.0.1', '内网IP', '{\"createBy\":\"匿名\",\"rRemark\":\"你好呀，赵六的内人。\",\"createTime\":1652941938658,\"params\":{},\"rId\":10003,\"rStatus\":\"1\"}', '{\"msg\":\"操作成功\",\"code\":200}', 0, NULL, '2022-05-19 06:32:18');
INSERT INTO `sys_oper_log` (`oper_id`, `title`, `business_type`, `method`, `request_method`, `operator_type`, `oper_name`, `dept_name`, `oper_url`, `oper_ip`, `oper_location`, `oper_param`, `json_result`, `status`, `error_msg`, `oper_time`) VALUES (296, '代码生成', 2, 'com.rural.generator.controller.GenController.synchDb()', 'GET', 1, 'admin', NULL, '/tool/gen/synchDb/rural_vote', '127.0.0.1', '内网IP', '{tableName=rural_vote}', '{\"msg\":\"操作成功\",\"code\":200}', 0, NULL, '2022-05-19 06:35:51');
INSERT INTO `sys_oper_log` (`oper_id`, `title`, `business_type`, `method`, `request_method`, `operator_type`, `oper_name`, `dept_name`, `oper_url`, `oper_ip`, `oper_location`, `oper_param`, `json_result`, `status`, `error_msg`, `oper_time`) VALUES (297, '代码生成', 8, 'com.rural.generator.controller.GenController.batchGenCode()', 'GET', 1, 'admin', NULL, '/tool/gen/batchGenCode', '127.0.0.1', '内网IP', '{}', NULL, 0, NULL, '2022-05-19 06:35:54');
INSERT INTO `sys_oper_log` (`oper_id`, `title`, `business_type`, `method`, `request_method`, `operator_type`, `oper_name`, `dept_name`, `oper_url`, `oper_ip`, `oper_location`, `oper_param`, `json_result`, `status`, `error_msg`, `oper_time`) VALUES (298, '菜单管理', 1, 'com.rural.web.controller.system.SysMenuController.add()', 'POST', 1, 'admin', NULL, '/system/menu', '127.0.0.1', '内网IP', '{\"visible\":\"0\",\"icon\":\"chart\",\"orderNum\":1,\"menuName\":\"我要投票\",\"params\":{},\"parentId\":2010,\"isCache\":\"0\",\"path\":\"vote\",\"component\":\"ruralpcm/vote/index\",\"createBy\":\"admin\",\"children\":[],\"isFrame\":\"1\",\"menuType\":\"C\",\"perms\":\"ruralpcm:vote:list\",\"status\":\"0\"}', '{\"msg\":\"操作成功\",\"code\":200}', 0, NULL, '2022-05-19 07:10:40');
INSERT INTO `sys_oper_log` (`oper_id`, `title`, `business_type`, `method`, `request_method`, `operator_type`, `oper_name`, `dept_name`, `oper_url`, `oper_ip`, `oper_location`, `oper_param`, `json_result`, `status`, `error_msg`, `oper_time`) VALUES (299, '我要投票', 1, 'com.rural.web.controller.ruralpcm.RuralVoteController.add()', 'POST', 1, 'admin', NULL, '/ruralpcm/vote', '127.0.0.1', '内网IP', '{\"rRemark\":\"选举村长。\",\"params\":{},\"rId\":10001,\"rPersonnel\":\"admin\",\"createBy\":\"admin\",\"createTime\":1652944673795,\"rTitle\":\"村长\"}', '{\"msg\":\"操作成功\",\"code\":200}', 0, NULL, '2022-05-19 07:17:53');
INSERT INTO `sys_oper_log` (`oper_id`, `title`, `business_type`, `method`, `request_method`, `operator_type`, `oper_name`, `dept_name`, `oper_url`, `oper_ip`, `oper_location`, `oper_param`, `json_result`, `status`, `error_msg`, `oper_time`) VALUES (300, '我要投票', 2, 'com.rural.web.controller.ruralpcm.RuralVoteController.edit()', 'PUT', 1, 'admin', NULL, '/ruralpcm/vote', '127.0.0.1', '内网IP', '{\"rNum\":1,\"rRemark\":\"选举村长。\",\"updateTime\":1652944690140,\"delFlag\":\"0\",\"params\":{},\"rId\":10001,\"rPersonnel\":\"admin\",\"createBy\":\"admin\",\"createTime\":1652944674000,\"updateBy\":\"admin\",\"rTitle\":\"村长1\"}', '{\"msg\":\"操作成功\",\"code\":200}', 0, NULL, '2022-05-19 07:18:10');
INSERT INTO `sys_oper_log` (`oper_id`, `title`, `business_type`, `method`, `request_method`, `operator_type`, `oper_name`, `dept_name`, `oper_url`, `oper_ip`, `oper_location`, `oper_param`, `json_result`, `status`, `error_msg`, `oper_time`) VALUES (301, '我要投票', 3, 'com.rural.web.controller.ruralpcm.RuralVoteController.remove()', 'DELETE', 1, 'admin', NULL, '/ruralpcm/vote/10001', '127.0.0.1', '内网IP', '{rIds=10001}', '{\"msg\":\"操作成功\",\"code\":200}', 0, NULL, '2022-05-19 07:18:41');
INSERT INTO `sys_oper_log` (`oper_id`, `title`, `business_type`, `method`, `request_method`, `operator_type`, `oper_name`, `dept_name`, `oper_url`, `oper_ip`, `oper_location`, `oper_param`, `json_result`, `status`, `error_msg`, `oper_time`) VALUES (302, '我要投票', 2, 'com.rural.web.controller.ruralpcm.RuralVoteController.edit()', 'PUT', 1, 'admin', NULL, '/ruralpcm/vote', '127.0.0.1', '内网IP', '{\"rNum\":1,\"rRemark\":\"选举李四为村长。\",\"updateTime\":1652944905820,\"delFlag\":\"0\",\"params\":{},\"rId\":10001,\"rPersonnel\":\"admin\",\"createBy\":\"admin\",\"createTime\":1652944674000,\"updateBy\":\"admin\",\"rTitle\":\"村长1\"}', '{\"msg\":\"操作成功\",\"code\":200}', 0, NULL, '2022-05-19 07:21:45');
INSERT INTO `sys_oper_log` (`oper_id`, `title`, `business_type`, `method`, `request_method`, `operator_type`, `oper_name`, `dept_name`, `oper_url`, `oper_ip`, `oper_location`, `oper_param`, `json_result`, `status`, `error_msg`, `oper_time`) VALUES (303, '我要投票', 5, 'com.rural.web.controller.ruralpcm.RuralVoteController.export()', 'POST', 1, 'admin', NULL, '/ruralpcm/vote/export', '127.0.0.1', '内网IP', '{\"params\":{}}', NULL, 0, NULL, '2022-05-19 07:21:56');
INSERT INTO `sys_oper_log` (`oper_id`, `title`, `business_type`, `method`, `request_method`, `operator_type`, `oper_name`, `dept_name`, `oper_url`, `oper_ip`, `oper_location`, `oper_param`, `json_result`, `status`, `error_msg`, `oper_time`) VALUES (304, '投票', 2, 'com.rural.web.controller.ruralpcm.RuralVoteController.vote()', 'POST', 1, 'admin', NULL, '/ruralpcm/vote/vote', '127.0.0.1', '内网IP', '{\"params\":{}}', NULL, 1, '', '2022-05-19 08:15:42');
INSERT INTO `sys_oper_log` (`oper_id`, `title`, `business_type`, `method`, `request_method`, `operator_type`, `oper_name`, `dept_name`, `oper_url`, `oper_ip`, `oper_location`, `oper_param`, `json_result`, `status`, `error_msg`, `oper_time`) VALUES (305, '投票', 2, 'com.rural.web.controller.ruralpcm.RuralVoteController.vote()', 'POST', 1, 'admin', NULL, '/ruralpcm/vote/vote', '127.0.0.1', '内网IP', '{\"params\":{}}', NULL, 1, '', '2022-05-19 08:16:28');
INSERT INTO `sys_oper_log` (`oper_id`, `title`, `business_type`, `method`, `request_method`, `operator_type`, `oper_name`, `dept_name`, `oper_url`, `oper_ip`, `oper_location`, `oper_param`, `json_result`, `status`, `error_msg`, `oper_time`) VALUES (306, '投票', 2, 'com.rural.web.controller.ruralpcm.RuralVoteController.vote()', 'POST', 1, 'admin', NULL, '/ruralpcm/vote/vote', '127.0.0.1', '内网IP', '{\"rNum\":1,\"rRemark\":\"选举李四为村长。\",\"updateTime\":1652944906000,\"delFlag\":\"0\",\"params\":{},\"rId\":10001,\"rPersonnel\":\"\",\"createBy\":\"admin\",\"createTime\":1652944674000,\"updateBy\":\"admin\",\"rTitle\":\"村长1\"}', '{\"msg\":\"操作成功\",\"code\":200}', 0, NULL, '2022-05-19 08:17:04');
INSERT INTO `sys_oper_log` (`oper_id`, `title`, `business_type`, `method`, `request_method`, `operator_type`, `oper_name`, `dept_name`, `oper_url`, `oper_ip`, `oper_location`, `oper_param`, `json_result`, `status`, `error_msg`, `oper_time`) VALUES (307, '用户管理', 2, 'com.rural.web.controller.system.SysUserController.resetPwd()', 'PUT', 1, 'admin', NULL, '/system/user/resetPwd', '127.0.0.1', '内网IP', '{\"admin\":false,\"password\":\"$2a$10$UGTCIFCUWnZU3HLgexSow.MGhPGcOIqba24.XWUbGI3g74bqp0XiS\",\"updateBy\":\"admin\",\"params\":{},\"userId\":2}', '{\"msg\":\"操作成功\",\"code\":200}', 0, NULL, '2022-05-19 08:20:43');
INSERT INTO `sys_oper_log` (`oper_id`, `title`, `business_type`, `method`, `request_method`, `operator_type`, `oper_name`, `dept_name`, `oper_url`, `oper_ip`, `oper_location`, `oper_param`, `json_result`, `status`, `error_msg`, `oper_time`) VALUES (308, '菜单管理', 1, 'com.rural.web.controller.system.SysMenuController.add()', 'POST', 1, 'admin', NULL, '/system/menu', '127.0.0.1', '内网IP', '{\"visible\":\"0\",\"orderNum\":1,\"menuName\":\"投票\",\"params\":{},\"parentId\":2013,\"isCache\":\"0\",\"createBy\":\"admin\",\"children\":[],\"isFrame\":\"1\",\"menuType\":\"F\",\"perms\":\"ruralpcm:vote:vote\",\"status\":\"0\"}', '{\"msg\":\"操作成功\",\"code\":200}', 0, NULL, '2022-05-19 08:23:08');
INSERT INTO `sys_oper_log` (`oper_id`, `title`, `business_type`, `method`, `request_method`, `operator_type`, `oper_name`, `dept_name`, `oper_url`, `oper_ip`, `oper_location`, `oper_param`, `json_result`, `status`, `error_msg`, `oper_time`) VALUES (309, '角色管理', 2, 'com.rural.web.controller.system.SysRoleController.edit()', 'PUT', 1, 'admin', NULL, '/system/role', '127.0.0.1', '内网IP', '{\"flag\":false,\"roleId\":2,\"admin\":false,\"remark\":\"普通角色\",\"dataScope\":\"2\",\"delFlag\":\"0\",\"params\":{},\"roleSort\":\"2\",\"deptCheckStrictly\":true,\"createTime\":1651845836000,\"updateBy\":\"admin\",\"menuCheckStrictly\":true,\"roleKey\":\"common\",\"roleName\":\"普通角色\",\"menuIds\":[2010,1,100,1001,1002,1003,1004,1005,1006,1007,101,1008,1009,1010,1011,1012,102,1013,1014,1015,1016,103,1017,1018,1019,1020,104,1021,1022,1023,1024,1025,105,1026,1027,1028,1029,1030,106,1031,1032,1033,1034,1035,107,1036,1037,1038,1039,108,500,1040,1041,1042,501,1043,1044,1045,2,109,1046,1047,1048,110,1049,1050,1051,1052,1053,1054,111,112,113,3,114,115,1055,1056,1058,1057,1059,1060,116,2013,2014],\"status\":\"0\"}', '{\"msg\":\"操作成功\",\"code\":200}', 0, NULL, '2022-05-19 08:25:17');
INSERT INTO `sys_oper_log` (`oper_id`, `title`, `business_type`, `method`, `request_method`, `operator_type`, `oper_name`, `dept_name`, `oper_url`, `oper_ip`, `oper_location`, `oper_param`, `json_result`, `status`, `error_msg`, `oper_time`) VALUES (310, '投票', 2, 'com.rural.web.controller.ruralpcm.RuralVoteController.vote()', 'POST', 1, 'ry', NULL, '/ruralpcm/vote/vote', '127.0.0.1', '内网IP', '{\"rNum\":2,\"rRemark\":\"选举李四为村长。\",\"updateTime\":1652948224000,\"delFlag\":\"0\",\"params\":{},\"rId\":10001,\"rPersonnel\":\"admin\",\"createBy\":\"admin\",\"createTime\":1652944674000,\"updateBy\":\"admin\",\"rTitle\":\"村长1\"}', '{\"msg\":\"操作成功\",\"code\":200}', 0, NULL, '2022-05-19 08:25:45');
INSERT INTO `sys_oper_log` (`oper_id`, `title`, `business_type`, `method`, `request_method`, `operator_type`, `oper_name`, `dept_name`, `oper_url`, `oper_ip`, `oper_location`, `oper_param`, `json_result`, `status`, `error_msg`, `oper_time`) VALUES (311, '菜单管理', 2, 'com.rural.web.controller.system.SysMenuController.edit()', 'PUT', 1, 'admin', NULL, '/system/menu', '127.0.0.1', '内网IP', '{\"visible\":\"0\",\"icon\":\"online\",\"orderNum\":5,\"menuName\":\"乡村居民信息服务\",\"params\":{},\"parentId\":0,\"isCache\":\"0\",\"path\":\"ruralrims\",\"children\":[],\"createTime\":1652280690000,\"updateBy\":\"admin\",\"isFrame\":\"1\",\"menuId\":2004,\"menuType\":\"M\",\"perms\":\"\",\"status\":\"0\"}', '{\"msg\":\"操作成功\",\"code\":200}', 0, NULL, '2022-05-19 08:29:45');
INSERT INTO `sys_oper_log` (`oper_id`, `title`, `business_type`, `method`, `request_method`, `operator_type`, `oper_name`, `dept_name`, `oper_url`, `oper_ip`, `oper_location`, `oper_param`, `json_result`, `status`, `error_msg`, `oper_time`) VALUES (312, '代码生成', 3, 'com.rural.generator.controller.GenController.remove()', 'DELETE', 1, 'admin', NULL, '/tool/gen/45', '127.0.0.1', '内网IP', '{tableIds=45}', '{\"msg\":\"操作成功\",\"code\":200}', 0, NULL, '2022-05-19 11:45:26');
INSERT INTO `sys_oper_log` (`oper_id`, `title`, `business_type`, `method`, `request_method`, `operator_type`, `oper_name`, `dept_name`, `oper_url`, `oper_ip`, `oper_location`, `oper_param`, `json_result`, `status`, `error_msg`, `oper_time`) VALUES (313, '代码生成', 6, 'com.rural.generator.controller.GenController.importTableSave()', 'POST', 1, 'admin', NULL, '/tool/gen/importTable', '127.0.0.1', '内网IP', 'rural_bid', '{\"msg\":\"操作成功\",\"code\":200}', 0, NULL, '2022-05-19 11:45:30');
INSERT INTO `sys_oper_log` (`oper_id`, `title`, `business_type`, `method`, `request_method`, `operator_type`, `oper_name`, `dept_name`, `oper_url`, `oper_ip`, `oper_location`, `oper_param`, `json_result`, `status`, `error_msg`, `oper_time`) VALUES (314, '代码生成', 8, 'com.rural.generator.controller.GenController.batchGenCode()', 'GET', 1, 'admin', NULL, '/tool/gen/batchGenCode', '127.0.0.1', '内网IP', '{}', NULL, 0, NULL, '2022-05-19 11:45:35');
INSERT INTO `sys_oper_log` (`oper_id`, `title`, `business_type`, `method`, `request_method`, `operator_type`, `oper_name`, `dept_name`, `oper_url`, `oper_ip`, `oper_location`, `oper_param`, `json_result`, `status`, `error_msg`, `oper_time`) VALUES (315, '菜单管理', 2, 'com.rural.web.controller.system.SysMenuController.edit()', 'PUT', 1, 'admin', NULL, '/system/menu', '127.0.0.1', '内网IP', '{\"visible\":\"0\",\"icon\":\"clipboard\",\"orderNum\":3,\"menuName\":\"乡村项目招标\",\"params\":{},\"parentId\":2000,\"isCache\":\"0\",\"path\":\"bid\",\"component\":\"ruraleconomic/bid/list\",\"children\":[],\"createTime\":1651983510000,\"updateBy\":\"admin\",\"isFrame\":\"1\",\"menuId\":2003,\"menuType\":\"C\",\"perms\":\"ruraleconomic:bid:list\",\"status\":\"0\"}', '{\"msg\":\"操作成功\",\"code\":200}', 0, NULL, '2022-05-19 12:00:39');
INSERT INTO `sys_oper_log` (`oper_id`, `title`, `business_type`, `method`, `request_method`, `operator_type`, `oper_name`, `dept_name`, `oper_url`, `oper_ip`, `oper_location`, `oper_param`, `json_result`, `status`, `error_msg`, `oper_time`) VALUES (316, '菜单管理', 2, 'com.rural.web.controller.system.SysMenuController.edit()', 'PUT', 1, 'admin', NULL, '/system/menu', '127.0.0.1', '内网IP', '{\"visible\":\"0\",\"icon\":\"clipboard\",\"orderNum\":3,\"menuName\":\"乡村项目招标\",\"params\":{},\"parentId\":2000,\"isCache\":\"0\",\"path\":\"bid\",\"component\":\"ruraleconomic/bid/index\",\"children\":[],\"createTime\":1651983510000,\"updateBy\":\"admin\",\"isFrame\":\"1\",\"menuId\":2003,\"menuType\":\"C\",\"perms\":\"ruraleconomic:bid:list\",\"status\":\"0\"}', '{\"msg\":\"操作成功\",\"code\":200}', 0, NULL, '2022-05-19 12:01:40');
INSERT INTO `sys_oper_log` (`oper_id`, `title`, `business_type`, `method`, `request_method`, `operator_type`, `oper_name`, `dept_name`, `oper_url`, `oper_ip`, `oper_location`, `oper_param`, `json_result`, `status`, `error_msg`, `oper_time`) VALUES (317, '乡村项目招标', 1, 'com.rural.web.controller.ruraleconomic.RuralBidController.add()', 'POST', 1, 'admin', NULL, '/ruraleconomic/bid', '127.0.0.1', '内网IP', '{\"rQrfb\":\"1\",\"rContacts\":\"2\",\"rTender\":\"测试招标项目\",\"rEndTime\":1653062400000,\"rBidPrice\":1.33,\"params\":{},\"rId\":10001,\"rBidTime\":1652976000000,\"rTenderee\":\"测试招标单位\",\"createBy\":\"admin\",\"rBidAddr\":\"9998\",\"rBidContent\":\"67777\",\"createTime\":1652965965027,\"rPhone\":\"13333\"}', '{\"msg\":\"操作成功\",\"code\":200}', 0, NULL, '2022-05-19 13:12:45');
INSERT INTO `sys_oper_log` (`oper_id`, `title`, `business_type`, `method`, `request_method`, `operator_type`, `oper_name`, `dept_name`, `oper_url`, `oper_ip`, `oper_location`, `oper_param`, `json_result`, `status`, `error_msg`, `oper_time`) VALUES (318, '乡村项目招标', 1, 'com.rural.web.controller.ruraleconomic.RuralBidController.add()', 'POST', 1, 'admin', NULL, '/ruraleconomic/bid', '127.0.0.1', '内网IP', '{\"rTender\":\"测试招标项目1\",\"rEndTime\":1652025600000,\"rBidPrice\":9.33,\"params\":{},\"rId\":10002,\"rBidTime\":1652112000000,\"rTenderee\":\"测试招标单位1\",\"createBy\":\"admin\",\"createTime\":1652966131218}', '{\"msg\":\"操作成功\",\"code\":200}', 0, NULL, '2022-05-19 13:15:31');
INSERT INTO `sys_oper_log` (`oper_id`, `title`, `business_type`, `method`, `request_method`, `operator_type`, `oper_name`, `dept_name`, `oper_url`, `oper_ip`, `oper_location`, `oper_param`, `json_result`, `status`, `error_msg`, `oper_time`) VALUES (319, '乡村项目招标', 1, 'com.rural.web.controller.ruraleconomic.RuralBidController.add()', 'POST', 1, 'admin', NULL, '/ruraleconomic/bid', '127.0.0.1', '内网IP', '{\"rQrfb\":\"测试投标要求2\",\"rContacts\":\"王五\",\"rTender\":\"测试招标项目2\",\"rEndTime\":1683734400000,\"rBidPrice\":999,\"params\":{},\"rId\":10003,\"rBidTime\":1619884800000,\"rTenderee\":\"测试招标单位2\",\"createBy\":\"admin\",\"rBidAddr\":\"测试招标地点\",\"rBidContent\":\"测试招标内容\",\"createTime\":1652967449201,\"rPhone\":\"13123456789\"}', '{\"msg\":\"操作成功\",\"code\":200}', 0, NULL, '2022-05-19 13:37:29');
INSERT INTO `sys_oper_log` (`oper_id`, `title`, `business_type`, `method`, `request_method`, `operator_type`, `oper_name`, `dept_name`, `oper_url`, `oper_ip`, `oper_location`, `oper_param`, `json_result`, `status`, `error_msg`, `oper_time`) VALUES (320, '乡村项目招标', 3, 'com.rural.web.controller.ruraleconomic.RuralBidController.remove()', 'DELETE', 1, 'admin', NULL, '/ruraleconomic/bid/10002', '127.0.0.1', '内网IP', '{rIds=10002}', '{\"msg\":\"操作成功\",\"code\":200}', 0, NULL, '2022-05-19 13:39:32');
INSERT INTO `sys_oper_log` (`oper_id`, `title`, `business_type`, `method`, `request_method`, `operator_type`, `oper_name`, `dept_name`, `oper_url`, `oper_ip`, `oper_location`, `oper_param`, `json_result`, `status`, `error_msg`, `oper_time`) VALUES (321, '乡村项目招标', 5, 'com.rural.web.controller.ruraleconomic.RuralBidController.export()', 'POST', 1, 'admin', NULL, '/ruraleconomic/bid/export', '127.0.0.1', '内网IP', '{\"params\":{}}', NULL, 0, NULL, '2022-05-19 13:39:34');
COMMIT;

-- ----------------------------
-- Table structure for sys_post
-- ----------------------------
DROP TABLE IF EXISTS `sys_post`;
CREATE TABLE `sys_post` (
  `post_id` bigint NOT NULL AUTO_INCREMENT COMMENT '岗位ID',
  `post_code` varchar(64) NOT NULL COMMENT '岗位编码',
  `post_name` varchar(50) NOT NULL COMMENT '岗位名称',
  `post_sort` int NOT NULL COMMENT '显示顺序',
  `status` char(1) NOT NULL COMMENT '状态（0正常 1停用）',
  `create_by` varchar(64) DEFAULT '' COMMENT '创建者',
  `create_time` datetime DEFAULT NULL COMMENT '创建时间',
  `update_by` varchar(64) DEFAULT '' COMMENT '更新者',
  `update_time` datetime DEFAULT NULL COMMENT '更新时间',
  `remark` varchar(500) DEFAULT NULL COMMENT '备注',
  PRIMARY KEY (`post_id`)
) ENGINE=InnoDB AUTO_INCREMENT=5 DEFAULT CHARSET=utf8mb3 COMMENT='岗位信息表';

-- ----------------------------
-- Records of sys_post
-- ----------------------------
BEGIN;
INSERT INTO `sys_post` (`post_id`, `post_code`, `post_name`, `post_sort`, `status`, `create_by`, `create_time`, `update_by`, `update_time`, `remark`) VALUES (1, 'ceo', '董事长', 1, '0', 'admin', '2022-05-06 22:03:56', '', NULL, '');
INSERT INTO `sys_post` (`post_id`, `post_code`, `post_name`, `post_sort`, `status`, `create_by`, `create_time`, `update_by`, `update_time`, `remark`) VALUES (2, 'se', '项目经理', 2, '0', 'admin', '2022-05-06 22:03:56', '', NULL, '');
INSERT INTO `sys_post` (`post_id`, `post_code`, `post_name`, `post_sort`, `status`, `create_by`, `create_time`, `update_by`, `update_time`, `remark`) VALUES (3, 'hr', '人力资源', 3, '0', 'admin', '2022-05-06 22:03:56', '', NULL, '');
INSERT INTO `sys_post` (`post_id`, `post_code`, `post_name`, `post_sort`, `status`, `create_by`, `create_time`, `update_by`, `update_time`, `remark`) VALUES (4, 'user', '普通员工', 4, '0', 'admin', '2022-05-06 22:03:56', '', NULL, '');
COMMIT;

-- ----------------------------
-- Table structure for sys_role
-- ----------------------------
DROP TABLE IF EXISTS `sys_role`;
CREATE TABLE `sys_role` (
  `role_id` bigint NOT NULL AUTO_INCREMENT COMMENT '角色ID',
  `role_name` varchar(30) NOT NULL COMMENT '角色名称',
  `role_key` varchar(100) NOT NULL COMMENT '角色权限字符串',
  `role_sort` int NOT NULL COMMENT '显示顺序',
  `data_scope` char(1) DEFAULT '1' COMMENT '数据范围（1：全部数据权限 2：自定数据权限 3：本部门数据权限 4：本部门及以下数据权限）',
  `menu_check_strictly` tinyint(1) DEFAULT '1' COMMENT '菜单树选择项是否关联显示',
  `dept_check_strictly` tinyint(1) DEFAULT '1' COMMENT '部门树选择项是否关联显示',
  `status` char(1) NOT NULL COMMENT '角色状态（0正常 1停用）',
  `del_flag` char(1) DEFAULT '0' COMMENT '删除标志（0代表存在 2代表删除）',
  `create_by` varchar(64) DEFAULT '' COMMENT '创建者',
  `create_time` datetime DEFAULT NULL COMMENT '创建时间',
  `update_by` varchar(64) DEFAULT '' COMMENT '更新者',
  `update_time` datetime DEFAULT NULL COMMENT '更新时间',
  `remark` varchar(500) DEFAULT NULL COMMENT '备注',
  PRIMARY KEY (`role_id`)
) ENGINE=InnoDB AUTO_INCREMENT=100 DEFAULT CHARSET=utf8mb3 COMMENT='角色信息表';

-- ----------------------------
-- Records of sys_role
-- ----------------------------
BEGIN;
INSERT INTO `sys_role` (`role_id`, `role_name`, `role_key`, `role_sort`, `data_scope`, `menu_check_strictly`, `dept_check_strictly`, `status`, `del_flag`, `create_by`, `create_time`, `update_by`, `update_time`, `remark`) VALUES (1, '超级管理员', 'admin', 1, '1', 1, 1, '0', '0', 'admin', '2022-05-06 22:03:56', '', NULL, '超级管理员');
INSERT INTO `sys_role` (`role_id`, `role_name`, `role_key`, `role_sort`, `data_scope`, `menu_check_strictly`, `dept_check_strictly`, `status`, `del_flag`, `create_by`, `create_time`, `update_by`, `update_time`, `remark`) VALUES (2, '普通角色', 'common', 2, '2', 1, 1, '0', '0', 'admin', '2022-05-06 22:03:56', 'admin', '2022-05-19 08:25:17', '普通角色');
COMMIT;

-- ----------------------------
-- Table structure for sys_role_dept
-- ----------------------------
DROP TABLE IF EXISTS `sys_role_dept`;
CREATE TABLE `sys_role_dept` (
  `role_id` bigint NOT NULL COMMENT '角色ID',
  `dept_id` bigint NOT NULL COMMENT '部门ID',
  PRIMARY KEY (`role_id`,`dept_id`)
) ENGINE=InnoDB DEFAULT CHARSET=utf8mb3 COMMENT='角色和部门关联表';

-- ----------------------------
-- Records of sys_role_dept
-- ----------------------------
BEGIN;
INSERT INTO `sys_role_dept` (`role_id`, `dept_id`) VALUES (2, 100);
INSERT INTO `sys_role_dept` (`role_id`, `dept_id`) VALUES (2, 101);
INSERT INTO `sys_role_dept` (`role_id`, `dept_id`) VALUES (2, 105);
COMMIT;

-- ----------------------------
-- Table structure for sys_role_menu
-- ----------------------------
DROP TABLE IF EXISTS `sys_role_menu`;
CREATE TABLE `sys_role_menu` (
  `role_id` bigint NOT NULL COMMENT '角色ID',
  `menu_id` bigint NOT NULL COMMENT '菜单ID',
  PRIMARY KEY (`role_id`,`menu_id`)
) ENGINE=InnoDB DEFAULT CHARSET=utf8mb3 COMMENT='角色和菜单关联表';

-- ----------------------------
-- Records of sys_role_menu
-- ----------------------------
BEGIN;
INSERT INTO `sys_role_menu` (`role_id`, `menu_id`) VALUES (2, 1);
INSERT INTO `sys_role_menu` (`role_id`, `menu_id`) VALUES (2, 2);
INSERT INTO `sys_role_menu` (`role_id`, `menu_id`) VALUES (2, 3);
INSERT INTO `sys_role_menu` (`role_id`, `menu_id`) VALUES (2, 100);
INSERT INTO `sys_role_menu` (`role_id`, `menu_id`) VALUES (2, 101);
INSERT INTO `sys_role_menu` (`role_id`, `menu_id`) VALUES (2, 102);
INSERT INTO `sys_role_menu` (`role_id`, `menu_id`) VALUES (2, 103);
INSERT INTO `sys_role_menu` (`role_id`, `menu_id`) VALUES (2, 104);
INSERT INTO `sys_role_menu` (`role_id`, `menu_id`) VALUES (2, 105);
INSERT INTO `sys_role_menu` (`role_id`, `menu_id`) VALUES (2, 106);
INSERT INTO `sys_role_menu` (`role_id`, `menu_id`) VALUES (2, 107);
INSERT INTO `sys_role_menu` (`role_id`, `menu_id`) VALUES (2, 108);
INSERT INTO `sys_role_menu` (`role_id`, `menu_id`) VALUES (2, 109);
INSERT INTO `sys_role_menu` (`role_id`, `menu_id`) VALUES (2, 110);
INSERT INTO `sys_role_menu` (`role_id`, `menu_id`) VALUES (2, 111);
INSERT INTO `sys_role_menu` (`role_id`, `menu_id`) VALUES (2, 112);
INSERT INTO `sys_role_menu` (`role_id`, `menu_id`) VALUES (2, 113);
INSERT INTO `sys_role_menu` (`role_id`, `menu_id`) VALUES (2, 114);
INSERT INTO `sys_role_menu` (`role_id`, `menu_id`) VALUES (2, 115);
INSERT INTO `sys_role_menu` (`role_id`, `menu_id`) VALUES (2, 116);
INSERT INTO `sys_role_menu` (`role_id`, `menu_id`) VALUES (2, 500);
INSERT INTO `sys_role_menu` (`role_id`, `menu_id`) VALUES (2, 501);
INSERT INTO `sys_role_menu` (`role_id`, `menu_id`) VALUES (2, 1001);
INSERT INTO `sys_role_menu` (`role_id`, `menu_id`) VALUES (2, 1002);
INSERT INTO `sys_role_menu` (`role_id`, `menu_id`) VALUES (2, 1003);
INSERT INTO `sys_role_menu` (`role_id`, `menu_id`) VALUES (2, 1004);
INSERT INTO `sys_role_menu` (`role_id`, `menu_id`) VALUES (2, 1005);
INSERT INTO `sys_role_menu` (`role_id`, `menu_id`) VALUES (2, 1006);
INSERT INTO `sys_role_menu` (`role_id`, `menu_id`) VALUES (2, 1007);
INSERT INTO `sys_role_menu` (`role_id`, `menu_id`) VALUES (2, 1008);
INSERT INTO `sys_role_menu` (`role_id`, `menu_id`) VALUES (2, 1009);
INSERT INTO `sys_role_menu` (`role_id`, `menu_id`) VALUES (2, 1010);
INSERT INTO `sys_role_menu` (`role_id`, `menu_id`) VALUES (2, 1011);
INSERT INTO `sys_role_menu` (`role_id`, `menu_id`) VALUES (2, 1012);
INSERT INTO `sys_role_menu` (`role_id`, `menu_id`) VALUES (2, 1013);
INSERT INTO `sys_role_menu` (`role_id`, `menu_id`) VALUES (2, 1014);
INSERT INTO `sys_role_menu` (`role_id`, `menu_id`) VALUES (2, 1015);
INSERT INTO `sys_role_menu` (`role_id`, `menu_id`) VALUES (2, 1016);
INSERT INTO `sys_role_menu` (`role_id`, `menu_id`) VALUES (2, 1017);
INSERT INTO `sys_role_menu` (`role_id`, `menu_id`) VALUES (2, 1018);
INSERT INTO `sys_role_menu` (`role_id`, `menu_id`) VALUES (2, 1019);
INSERT INTO `sys_role_menu` (`role_id`, `menu_id`) VALUES (2, 1020);
INSERT INTO `sys_role_menu` (`role_id`, `menu_id`) VALUES (2, 1021);
INSERT INTO `sys_role_menu` (`role_id`, `menu_id`) VALUES (2, 1022);
INSERT INTO `sys_role_menu` (`role_id`, `menu_id`) VALUES (2, 1023);
INSERT INTO `sys_role_menu` (`role_id`, `menu_id`) VALUES (2, 1024);
INSERT INTO `sys_role_menu` (`role_id`, `menu_id`) VALUES (2, 1025);
INSERT INTO `sys_role_menu` (`role_id`, `menu_id`) VALUES (2, 1026);
INSERT INTO `sys_role_menu` (`role_id`, `menu_id`) VALUES (2, 1027);
INSERT INTO `sys_role_menu` (`role_id`, `menu_id`) VALUES (2, 1028);
INSERT INTO `sys_role_menu` (`role_id`, `menu_id`) VALUES (2, 1029);
INSERT INTO `sys_role_menu` (`role_id`, `menu_id`) VALUES (2, 1030);
INSERT INTO `sys_role_menu` (`role_id`, `menu_id`) VALUES (2, 1031);
INSERT INTO `sys_role_menu` (`role_id`, `menu_id`) VALUES (2, 1032);
INSERT INTO `sys_role_menu` (`role_id`, `menu_id`) VALUES (2, 1033);
INSERT INTO `sys_role_menu` (`role_id`, `menu_id`) VALUES (2, 1034);
INSERT INTO `sys_role_menu` (`role_id`, `menu_id`) VALUES (2, 1035);
INSERT INTO `sys_role_menu` (`role_id`, `menu_id`) VALUES (2, 1036);
INSERT INTO `sys_role_menu` (`role_id`, `menu_id`) VALUES (2, 1037);
INSERT INTO `sys_role_menu` (`role_id`, `menu_id`) VALUES (2, 1038);
INSERT INTO `sys_role_menu` (`role_id`, `menu_id`) VALUES (2, 1039);
INSERT INTO `sys_role_menu` (`role_id`, `menu_id`) VALUES (2, 1040);
INSERT INTO `sys_role_menu` (`role_id`, `menu_id`) VALUES (2, 1041);
INSERT INTO `sys_role_menu` (`role_id`, `menu_id`) VALUES (2, 1042);
INSERT INTO `sys_role_menu` (`role_id`, `menu_id`) VALUES (2, 1043);
INSERT INTO `sys_role_menu` (`role_id`, `menu_id`) VALUES (2, 1044);
INSERT INTO `sys_role_menu` (`role_id`, `menu_id`) VALUES (2, 1045);
INSERT INTO `sys_role_menu` (`role_id`, `menu_id`) VALUES (2, 1046);
INSERT INTO `sys_role_menu` (`role_id`, `menu_id`) VALUES (2, 1047);
INSERT INTO `sys_role_menu` (`role_id`, `menu_id`) VALUES (2, 1048);
INSERT INTO `sys_role_menu` (`role_id`, `menu_id`) VALUES (2, 1049);
INSERT INTO `sys_role_menu` (`role_id`, `menu_id`) VALUES (2, 1050);
INSERT INTO `sys_role_menu` (`role_id`, `menu_id`) VALUES (2, 1051);
INSERT INTO `sys_role_menu` (`role_id`, `menu_id`) VALUES (2, 1052);
INSERT INTO `sys_role_menu` (`role_id`, `menu_id`) VALUES (2, 1053);
INSERT INTO `sys_role_menu` (`role_id`, `menu_id`) VALUES (2, 1054);
INSERT INTO `sys_role_menu` (`role_id`, `menu_id`) VALUES (2, 1055);
INSERT INTO `sys_role_menu` (`role_id`, `menu_id`) VALUES (2, 1056);
INSERT INTO `sys_role_menu` (`role_id`, `menu_id`) VALUES (2, 1057);
INSERT INTO `sys_role_menu` (`role_id`, `menu_id`) VALUES (2, 1058);
INSERT INTO `sys_role_menu` (`role_id`, `menu_id`) VALUES (2, 1059);
INSERT INTO `sys_role_menu` (`role_id`, `menu_id`) VALUES (2, 1060);
INSERT INTO `sys_role_menu` (`role_id`, `menu_id`) VALUES (2, 2010);
INSERT INTO `sys_role_menu` (`role_id`, `menu_id`) VALUES (2, 2013);
INSERT INTO `sys_role_menu` (`role_id`, `menu_id`) VALUES (2, 2014);
COMMIT;

-- ----------------------------
-- Table structure for sys_user
-- ----------------------------
DROP TABLE IF EXISTS `sys_user`;
CREATE TABLE `sys_user` (
  `user_id` bigint NOT NULL AUTO_INCREMENT COMMENT '用户ID',
  `dept_id` bigint DEFAULT NULL COMMENT '部门ID',
  `user_name` varchar(30) NOT NULL COMMENT '用户账号',
  `nick_name` varchar(30) NOT NULL COMMENT '用户昵称',
  `user_type` varchar(2) DEFAULT '00' COMMENT '用户类型（00系统用户）',
  `email` varchar(50) DEFAULT '' COMMENT '用户邮箱',
  `phonenumber` varchar(11) DEFAULT '' COMMENT '手机号码',
  `sex` char(1) DEFAULT '0' COMMENT '用户性别（0男 1女 2未知）',
  `avatar` varchar(100) DEFAULT '' COMMENT '头像地址',
  `password` varchar(100) DEFAULT '' COMMENT '密码',
  `status` char(1) DEFAULT '0' COMMENT '帐号状态（0正常 1停用）',
  `del_flag` char(1) DEFAULT '0' COMMENT '删除标志（0代表存在 2代表删除）',
  `login_ip` varchar(128) DEFAULT '' COMMENT '最后登录IP',
  `login_date` datetime DEFAULT NULL COMMENT '最后登录时间',
  `create_by` varchar(64) DEFAULT '' COMMENT '创建者',
  `create_time` datetime DEFAULT NULL COMMENT '创建时间',
  `update_by` varchar(64) DEFAULT '' COMMENT '更新者',
  `update_time` datetime DEFAULT NULL COMMENT '更新时间',
  `remark` varchar(500) DEFAULT NULL COMMENT '备注',
  PRIMARY KEY (`user_id`)
) ENGINE=InnoDB AUTO_INCREMENT=100 DEFAULT CHARSET=utf8mb3 COMMENT='用户信息表';

-- ----------------------------
-- Records of sys_user
-- ----------------------------
BEGIN;
INSERT INTO `sys_user` (`user_id`, `dept_id`, `user_name`, `nick_name`, `user_type`, `email`, `phonenumber`, `sex`, `avatar`, `password`, `status`, `del_flag`, `login_ip`, `login_date`, `create_by`, `create_time`, `update_by`, `update_time`, `remark`) VALUES (1, 103, 'admin', '若依', '00', 'ry@163.com', '15888888888', '1', '/profile/avatar/2022/05/18/blob_20220518184324A001.jpeg', '$2a$10$7JB720yubVSZvUI0rEqK/.VqGOZTH.ulu33dHOiBE8ByOhJIrdAu2', '0', '0', '127.0.0.1', '2022-05-19 19:34:18', 'admin', '2022-05-06 22:03:56', '', '2022-05-19 11:34:17', '管理员');
INSERT INTO `sys_user` (`user_id`, `dept_id`, `user_name`, `nick_name`, `user_type`, `email`, `phonenumber`, `sex`, `avatar`, `password`, `status`, `del_flag`, `login_ip`, `login_date`, `create_by`, `create_time`, `update_by`, `update_time`, `remark`) VALUES (2, 105, 'ry', '若依', '00', 'ry@qq.com', '15666666666', '1', '', '$2a$10$UGTCIFCUWnZU3HLgexSow.MGhPGcOIqba24.XWUbGI3g74bqp0XiS', '0', '0', '127.0.0.1', '2022-05-19 16:25:37', 'admin', '2022-05-06 22:03:56', 'admin', '2022-05-19 08:25:36', '测试员');
COMMIT;

-- ----------------------------
-- Table structure for sys_user_post
-- ----------------------------
DROP TABLE IF EXISTS `sys_user_post`;
CREATE TABLE `sys_user_post` (
  `user_id` bigint NOT NULL COMMENT '用户ID',
  `post_id` bigint NOT NULL COMMENT '岗位ID',
  PRIMARY KEY (`user_id`,`post_id`)
) ENGINE=InnoDB DEFAULT CHARSET=utf8mb3 COMMENT='用户与岗位关联表';

-- ----------------------------
-- Records of sys_user_post
-- ----------------------------
BEGIN;
INSERT INTO `sys_user_post` (`user_id`, `post_id`) VALUES (1, 1);
INSERT INTO `sys_user_post` (`user_id`, `post_id`) VALUES (2, 2);
COMMIT;

-- ----------------------------
-- Table structure for sys_user_role
-- ----------------------------
DROP TABLE IF EXISTS `sys_user_role`;
CREATE TABLE `sys_user_role` (
  `user_id` bigint NOT NULL COMMENT '用户ID',
  `role_id` bigint NOT NULL COMMENT '角色ID',
  PRIMARY KEY (`user_id`,`role_id`)
) ENGINE=InnoDB DEFAULT CHARSET=utf8mb3 COMMENT='用户和角色关联表';

-- ----------------------------
-- Records of sys_user_role
-- ----------------------------
BEGIN;
INSERT INTO `sys_user_role` (`user_id`, `role_id`) VALUES (1, 1);
INSERT INTO `sys_user_role` (`user_id`, `role_id`) VALUES (2, 2);
COMMIT;

SET FOREIGN_KEY_CHECKS = 1;
